window;snapshot_id;base_currency;valuation_rule;requested_start;requested_end;actual_start;actual_end;n_obs;periods_per_year;source_dates_sha256;residual_tolerance;target_return_ann;success;status;message;iterations;objective;budget_residual;target_residual;bound_violation;return_ann;volatility_ann;feasible;weight_SWDA.L;weight_XLK;weight_IAU;weight_BIL
10y;provisional_market_total_return_fx_2026-06-30_v1;USD;"Friday 22:00 UTC; latest observation at or before cutoff; maximum staleness 3 calendar days";2016-02-01;2026-01-30;2016-02-12;2026-01-30;521;52,17750000;f0aad35df058825f1cc77139d70ec9ab0c3a8ead1a40738b43d2faf524886136;0,00000001;0,02048883;True;0;Optimization terminated successfully;2;0,00000861;0,00000000;0,00000000;0,00000000;0,02048883;0,00293424;True;0,00000000;0,00000000;0,00000000;1,00000000
10y;provisional_market_total_return_fx_2026-06-30_v1;USD;"Friday 22:00 UTC; latest observation at or before cutoff; maximum staleness 3 calendar days";2016-02-01;2026-01-30;2016-02-12;2026-01-30;521;52,17750000;f0aad35df058825f1cc77139d70ec9ab0c3a8ead1a40738b43d2faf524886136;0,00000001;0,02410778;True;0;Optimization terminated successfully;10;0,00001741;0,00000000;0,00000000;0,00000000;0,02410778;0,00417227;True;0,00000000;0,01042504;0,01072420;0,97885075
10y;provisional_market_total_return_fx_2026-06-30_v1;USD;"Friday 22:00 UTC; latest observation at or before cutoff; maximum staleness 3 calendar days";2016-02-01;2026-01-30;2016-02-12;2026-01-30;521;52,17750000;f0aad35df058825f1cc77139d70ec9ab0c3a8ead1a40738b43d2faf524886136;0,00000001;0,02772673;True;0;Optimization terminated successfully;8;0,00004310;0,00000000;0,00000000;0,00000000;0,02772673;0,00656502;True;0,00000000;0,01995389;0,02292156;0,95712455
10y;provisional_market_total_return_fx_2026-06-30_v1;USD;"Friday 22:00 UTC; latest observation at or before cutoff; maximum staleness 3 calendar days";2016-02-01;2026-01-30;2016-02-12;2026-01-30;521;52,17750000;f0aad35df058825f1cc77139d70ec9ab0c3a8ead1a40738b43d2faf524886136;0,00000001;0,03134568;True;0;Optimization terminated successfully;8;0,00008561;0,00000000;0,00000000;0,00000000;0,03134568;0,00925263;True;0,00000000;0,02948273;0,03511892;0,93539835
10y;provisional_market_total_return_fx_2026-06-30_v1;USD;"Friday 22:00 UTC; latest observation at or before cutoff; maximum staleness 3 calendar days";2016-02-01;2026-01-30;2016-02-12;2026-01-30;521;52,17750000;f0aad35df058825f1cc77139d70ec9ab0c3a8ead1a40738b43d2faf524886136;0,00000001;0,03496463;True;0;Optimization terminated successfully;8;0,00014494;0,00000000;0,00000000;0,00000000;0,03496463;0,01203923;True;0,00000000;0,03901157;0,04731628;0,91367215
10y;provisional_market_total_return_fx_2026-06-30_v1;USD;"Friday 22:00 UTC; latest observation at or before cutoff; maximum staleness 3 calendar days";2016-02-01;2026-01-30;2016-02-12;2026-01-30;521;52,17750000;f0aad35df058825f1cc77139d70ec9ab0c3a8ead1a40738b43d2faf524886136;0,00000001;0,03858359;True;0;Optimization terminated successfully;8;0,00022109;-0,00000000;0,00000000;0,00000000;0,03858359;0,01486926;True;0,00000000;0,04854041;0,05951365;0,89194594
10y;provisional_market_total_return_fx_2026-06-30_v1;USD;"Friday 22:00 UTC; latest observation at or before cutoff; maximum staleness 3 calendar days";2016-02-01;2026-01-30;2016-02-12;2026-01-30;521;52,17750000;f0aad35df058825f1cc77139d70ec9ab0c3a8ead1a40738b43d2faf524886136;0,00000001;0,04220254;True;0;Optimization terminated successfully;8;0,00031407;0,00000000;-0,00000000;0,00000000;0,04220254;0,01772194;True;0,00000000;0,05806925;0,07171101;0,87021974
10y;provisional_market_total_return_fx_2026-06-30_v1;USD;"Friday 22:00 UTC; latest observation at or before cutoff; maximum staleness 3 calendar days";2016-02-01;2026-01-30;2016-02-12;2026-01-30;521;52,17750000;f0aad35df058825f1cc77139d70ec9ab0c3a8ead1a40738b43d2faf524886136;0,00000001;0,04582149;True;0;Optimization terminated successfully;8;0,00042386;0,00000000;0,00000000;0,00000000;0,04582149;0,02058784;True;0,00000000;0,06759809;0,08390837;0,84849354
10y;provisional_market_total_return_fx_2026-06-30_v1;USD;"Friday 22:00 UTC; latest observation at or before cutoff; maximum staleness 3 calendar days";2016-02-01;2026-01-30;2016-02-12;2026-01-30;521;52,17750000;f0aad35df058825f1cc77139d70ec9ab0c3a8ead1a40738b43d2faf524886136;0,00000001;0,04944044;True;0;Optimization terminated successfully;8;0,00055047;0,00000000;0,00000000;0,00000000;0,04944044;0,02346213;True;0,00000000;0,07712693;0,09610573;0,82676734
10y;provisional_market_total_return_fx_2026-06-30_v1;USD;"Friday 22:00 UTC; latest observation at or before cutoff; maximum staleness 3 calendar days";2016-02-01;2026-01-30;2016-02-12;2026-01-30;521;52,17750000;f0aad35df058825f1cc77139d70ec9ab0c3a8ead1a40738b43d2faf524886136;0,00000001;0,05305939;True;0;Optimization terminated successfully;8;0,00069390;0,00000000;-0,00000000;0,00000000;0,05305939;0,02634205;True;0,00000000;0,08665578;0,10830309;0,80504113
10y;provisional_market_total_return_fx_2026-06-30_v1;USD;"Friday 22:00 UTC; latest observation at or before cutoff; maximum staleness 3 calendar days";2016-02-01;2026-01-30;2016-02-12;2026-01-30;521;52,17750000;f0aad35df058825f1cc77139d70ec9ab0c3a8ead1a40738b43d2faf524886136;0,00000001;0,05667834;True;0;Optimization terminated successfully;8;0,00085416;0,00000000;0,00000000;0,00000000;0,05667834;0,02922595;True;0,00000000;0,09618462;0,12050045;0,78331493
10y;provisional_market_total_return_fx_2026-06-30_v1;USD;"Friday 22:00 UTC; latest observation at or before cutoff; maximum staleness 3 calendar days";2016-02-01;2026-01-30;2016-02-12;2026-01-30;521;52,17750000;f0aad35df058825f1cc77139d70ec9ab0c3a8ead1a40738b43d2faf524886136;0,00000001;0,06029729;True;0;Optimization terminated successfully;8;0,00103123;0,00000000;-0,00000000;0,00000000;0,06029729;0,03211275;True;0,00000000;0,10571346;0,13269781;0,76158873
10y;provisional_market_total_return_fx_2026-06-30_v1;USD;"Friday 22:00 UTC; latest observation at or before cutoff; maximum staleness 3 calendar days";2016-02-01;2026-01-30;2016-02-12;2026-01-30;521;52,17750000;f0aad35df058825f1cc77139d70ec9ab0c3a8ead1a40738b43d2faf524886136;0,00000001;0,06391624;True;0;Optimization terminated successfully;8;0,00122512;0,00000000;0,00000000;0,00000000;0,06391624;0,03500174;True;0,00000000;0,11524230;0,14489517;0,73986253
10y;provisional_market_total_return_fx_2026-06-30_v1;USD;"Friday 22:00 UTC; latest observation at or before cutoff; maximum staleness 3 calendar days";2016-02-01;2026-01-30;2016-02-12;2026-01-30;521;52,17750000;f0aad35df058825f1cc77139d70ec9ab0c3a8ead1a40738b43d2faf524886136;0,00000001;0,06753519;True;0;Optimization terminated successfully;8;0,00143583;0,00000000;0,00000000;0,00000000;0,06753519;0,03789240;True;0,00000000;0,12477114;0,15709254;0,71813632
10y;provisional_market_total_return_fx_2026-06-30_v1;USD;"Friday 22:00 UTC; latest observation at or before cutoff; maximum staleness 3 calendar days";2016-02-01;2026-01-30;2016-02-12;2026-01-30;521;52,17750000;f0aad35df058825f1cc77139d70ec9ab0c3a8ead1a40738b43d2faf524886136;0,00000001;0,07115414;True;0;Optimization terminated successfully;8;0,00166337;0,00000000;0,00000000;0,00000000;0,07115414;0,04078440;True;0,00000000;0,13429998;0,16928990;0,69641012
10y;provisional_market_total_return_fx_2026-06-30_v1;USD;"Friday 22:00 UTC; latest observation at or before cutoff; maximum staleness 3 calendar days";2016-02-01;2026-01-30;2016-02-12;2026-01-30;521;52,17750000;f0aad35df058825f1cc77139d70ec9ab0c3a8ead1a40738b43d2faf524886136;0,00000001;0,07477309;True;0;Optimization terminated successfully;8;0,00190772;0,00000000;0,00000000;0,00000000;0,07477309;0,04367746;True;0,00000000;0,14382882;0,18148726;0,67468392
10y;provisional_market_total_return_fx_2026-06-30_v1;USD;"Friday 22:00 UTC; latest observation at or before cutoff; maximum staleness 3 calendar days";2016-02-01;2026-01-30;2016-02-12;2026-01-30;521;52,17750000;f0aad35df058825f1cc77139d70ec9ab0c3a8ead1a40738b43d2faf524886136;0,00000001;0,07839204;True;0;Optimization terminated successfully;8;0,00216889;0,00000000;0,00000000;0,00000000;0,07839204;0,04657138;True;0,00000000;0,15335767;0,19368462;0,65295772
10y;provisional_market_total_return_fx_2026-06-30_v1;USD;"Friday 22:00 UTC; latest observation at or before cutoff; maximum staleness 3 calendar days";2016-02-01;2026-01-30;2016-02-12;2026-01-30;521;52,17750000;f0aad35df058825f1cc77139d70ec9ab0c3a8ead1a40738b43d2faf524886136;0,00000001;0,08201099;True;0;Optimization terminated successfully;8;0,00244689;0,00000000;0,00000000;0,00000000;0,08201099;0,04946601;True;0,00000000;0,16288651;0,20588198;0,63123151
10y;provisional_market_total_return_fx_2026-06-30_v1;USD;"Friday 22:00 UTC; latest observation at or before cutoff; maximum staleness 3 calendar days";2016-02-01;2026-01-30;2016-02-12;2026-01-30;521;52,17750000;f0aad35df058825f1cc77139d70ec9ab0c3a8ead1a40738b43d2faf524886136;0,00000001;0,08562994;True;0;Optimization terminated successfully;8;0,00274170;0,00000000;0,00000000;0,00000000;0,08562994;0,05236124;True;0,00000000;0,17241535;0,21807934;0,60950531
10y;provisional_market_total_return_fx_2026-06-30_v1;USD;"Friday 22:00 UTC; latest observation at or before cutoff; maximum staleness 3 calendar days";2016-02-01;2026-01-30;2016-02-12;2026-01-30;521;52,17750000;f0aad35df058825f1cc77139d70ec9ab0c3a8ead1a40738b43d2faf524886136;0,00000001;0,08924889;True;0;Optimization terminated successfully;8;0,00305333;0,00000000;0,00000000;0,00000000;0,08924889;0,05525697;True;0,00000000;0,18194419;0,23027670;0,58777911
10y;provisional_market_total_return_fx_2026-06-30_v1;USD;"Friday 22:00 UTC; latest observation at or before cutoff; maximum staleness 3 calendar days";2016-02-01;2026-01-30;2016-02-12;2026-01-30;521;52,17750000;f0aad35df058825f1cc77139d70ec9ab0c3a8ead1a40738b43d2faf524886136;0,00000001;0,09286784;True;0;Optimization terminated successfully;8;0,00338179;0,00000000;0,00000000;0,00000000;0,09286784;0,05815313;True;0,00000000;0,19147303;0,24247406;0,56605290
10y;provisional_market_total_return_fx_2026-06-30_v1;USD;"Friday 22:00 UTC; latest observation at or before cutoff; maximum staleness 3 calendar days";2016-02-01;2026-01-30;2016-02-12;2026-01-30;521;52,17750000;f0aad35df058825f1cc77139d70ec9ab0c3a8ead1a40738b43d2faf524886136;0,00000001;0,09648680;True;0;Optimization terminated successfully;8;0,00372706;0,00000000;0,00000000;0,00000000;0,09648680;0,06104965;True;0,00000000;0,20100187;0,25467142;0,54432670
10y;provisional_market_total_return_fx_2026-06-30_v1;USD;"Friday 22:00 UTC; latest observation at or before cutoff; maximum staleness 3 calendar days";2016-02-01;2026-01-30;2016-02-12;2026-01-30;521;52,17750000;f0aad35df058825f1cc77139d70ec9ab0c3a8ead1a40738b43d2faf524886136;0,00000001;0,10010575;True;0;Optimization terminated successfully;9;0,00408915;0,00000000;0,00000000;0,00000000;0,10010575;0,06394649;True;0,00000000;0,21053071;0,26686879;0,52260050
10y;provisional_market_total_return_fx_2026-06-30_v1;USD;"Friday 22:00 UTC; latest observation at or before cutoff; maximum staleness 3 calendar days";2016-02-01;2026-01-30;2016-02-12;2026-01-30;521;52,17750000;f0aad35df058825f1cc77139d70ec9ab0c3a8ead1a40738b43d2faf524886136;0,00000001;0,10372470;True;0;Optimization terminated successfully;9;0,00446807;0,00000000;0,00000000;0,00000000;0,10372470;0,06684361;True;0,00000000;0,22005956;0,27906615;0,50087430
10y;provisional_market_total_return_fx_2026-06-30_v1;USD;"Friday 22:00 UTC; latest observation at or before cutoff; maximum staleness 3 calendar days";2016-02-01;2026-01-30;2016-02-12;2026-01-30;521;52,17750000;f0aad35df058825f1cc77139d70ec9ab0c3a8ead1a40738b43d2faf524886136;0,00000001;0,10734365;True;0;Optimization terminated successfully;9;0,00486380;0,00000000;0,00000000;0,00000000;0,10734365;0,06974096;True;0,00000000;0,22958840;0,29126351;0,47914809
10y;provisional_market_total_return_fx_2026-06-30_v1;USD;"Friday 22:00 UTC; latest observation at or before cutoff; maximum staleness 3 calendar days";2016-02-01;2026-01-30;2016-02-12;2026-01-30;521;52,17750000;f0aad35df058825f1cc77139d70ec9ab0c3a8ead1a40738b43d2faf524886136;0,00000001;0,11096260;True;0;Optimization terminated successfully;9;0,00527636;0,00000000;0,00000000;0,00000000;0,11096260;0,07263853;True;0,00000000;0,23911724;0,30346087;0,45742189
10y;provisional_market_total_return_fx_2026-06-30_v1;USD;"Friday 22:00 UTC; latest observation at or before cutoff; maximum staleness 3 calendar days";2016-02-01;2026-01-30;2016-02-12;2026-01-30;521;52,17750000;f0aad35df058825f1cc77139d70ec9ab0c3a8ead1a40738b43d2faf524886136;0,00000001;0,11458155;True;0;Optimization terminated successfully;9;0,00570573;0,00000000;0,00000000;0,00000000;0,11458155;0,07553628;True;0,00000000;0,24864607;0,31565824;0,43569568
10y;provisional_market_total_return_fx_2026-06-30_v1;USD;"Friday 22:00 UTC; latest observation at or before cutoff; maximum staleness 3 calendar days";2016-02-01;2026-01-30;2016-02-12;2026-01-30;521;52,17750000;f0aad35df058825f1cc77139d70ec9ab0c3a8ead1a40738b43d2faf524886136;0,00000001;0,11820050;True;0;Optimization terminated successfully;9;0,00615192;0,00000000;0,00000000;0,00000000;0,11820050;0,07843420;True;0,00000000;0,25817490;0,32785563;0,41396947
10y;provisional_market_total_return_fx_2026-06-30_v1;USD;"Friday 22:00 UTC; latest observation at or before cutoff; maximum staleness 3 calendar days";2016-02-01;2026-01-30;2016-02-12;2026-01-30;521;52,17750000;f0aad35df058825f1cc77139d70ec9ab0c3a8ead1a40738b43d2faf524886136;0,00000001;0,12181945;True;0;Optimization terminated successfully;9;0,00661494;0,00000000;0,00000000;0,00000000;0,12181945;0,08133227;True;0,00000000;0,26770373;0,34005301;0,39224326
10y;provisional_market_total_return_fx_2026-06-30_v1;USD;"Friday 22:00 UTC; latest observation at or before cutoff; maximum staleness 3 calendar days";2016-02-01;2026-01-30;2016-02-12;2026-01-30;521;52,17750000;f0aad35df058825f1cc77139d70ec9ab0c3a8ead1a40738b43d2faf524886136;0,00000001;0,12543840;True;0;Optimization terminated successfully;9;0,00709477;0,00000000;-0,00000000;0,00000000;0,12543840;0,08423048;True;0,00000000;0,27723257;0,35225036;0,37051706
10y;provisional_market_total_return_fx_2026-06-30_v1;USD;"Friday 22:00 UTC; latest observation at or before cutoff; maximum staleness 3 calendar days";2016-02-01;2026-01-30;2016-02-12;2026-01-30;521;52,17750000;f0aad35df058825f1cc77139d70ec9ab0c3a8ead1a40738b43d2faf524886136;0,00000001;0,12905735;True;0;Optimization terminated successfully;9;0,00759143;0,00000000;0,00000000;0,00000000;0,12905735;0,08712880;True;0,00000000;0,28676144;0,36444769;0,34879087
10y;provisional_market_total_return_fx_2026-06-30_v1;USD;"Friday 22:00 UTC; latest observation at or before cutoff; maximum staleness 3 calendar days";2016-02-01;2026-01-30;2016-02-12;2026-01-30;521;52,17750000;f0aad35df058825f1cc77139d70ec9ab0c3a8ead1a40738b43d2faf524886136;0,00000001;0,13267630;True;0;Optimization terminated successfully;9;0,00810490;0,00000000;-0,00000000;0,00000000;0,13267630;0,09002723;True;0,00000000;0,29629029;0,37664504;0,32706468
10y;provisional_market_total_return_fx_2026-06-30_v1;USD;"Friday 22:00 UTC; latest observation at or before cutoff; maximum staleness 3 calendar days";2016-02-01;2026-01-30;2016-02-12;2026-01-30;521;52,17750000;f0aad35df058825f1cc77139d70ec9ab0c3a8ead1a40738b43d2faf524886136;0,00000001;0,13629525;True;0;Optimization terminated successfully;9;0,00863520;0,00000000;0,00000000;0,00000000;0,13629525;0,09292576;True;0,00000000;0,30581913;0,38884240;0,30533847
10y;provisional_market_total_return_fx_2026-06-30_v1;USD;"Friday 22:00 UTC; latest observation at or before cutoff; maximum staleness 3 calendar days";2016-02-01;2026-01-30;2016-02-12;2026-01-30;521;52,17750000;f0aad35df058825f1cc77139d70ec9ab0c3a8ead1a40738b43d2faf524886136;0,00000001;0,13991420;True;0;Optimization terminated successfully;9;0,00918231;0,00000000;0,00000000;0,00000000;0,13991420;0,09582438;True;0,00000000;0,31534797;0,40103976;0,28361227
10y;provisional_market_total_return_fx_2026-06-30_v1;USD;"Friday 22:00 UTC; latest observation at or before cutoff; maximum staleness 3 calendar days";2016-02-01;2026-01-30;2016-02-12;2026-01-30;521;52,17750000;f0aad35df058825f1cc77139d70ec9ab0c3a8ead1a40738b43d2faf524886136;0,00000001;0,14353315;True;0;Optimization terminated successfully;9;0,00974625;0,00000000;0,00000000;0,00000000;0,14353315;0,09872308;True;0,00000000;0,32487681;0,41323712;0,26188607
10y;provisional_market_total_return_fx_2026-06-30_v1;USD;"Friday 22:00 UTC; latest observation at or before cutoff; maximum staleness 3 calendar days";2016-02-01;2026-01-30;2016-02-12;2026-01-30;521;52,17750000;f0aad35df058825f1cc77139d70ec9ab0c3a8ead1a40738b43d2faf524886136;0,00000001;0,14715210;True;0;Optimization terminated successfully;9;0,01032700;0,00000000;-0,00000000;0,00000000;0,14715210;0,10162186;True;0,00000000;0,33440565;0,42543448;0,24015987
10y;provisional_market_total_return_fx_2026-06-30_v1;USD;"Friday 22:00 UTC; latest observation at or before cutoff; maximum staleness 3 calendar days";2016-02-01;2026-01-30;2016-02-12;2026-01-30;521;52,17750000;f0aad35df058825f1cc77139d70ec9ab0c3a8ead1a40738b43d2faf524886136;0,00000001;0,15077106;True;0;Optimization terminated successfully;8;0,01092458;0,00000000;0,00000000;0,00000000;0,15077106;0,10452070;True;0,00000000;0,34393450;0,43763184;0,21843366
10y;provisional_market_total_return_fx_2026-06-30_v1;USD;"Friday 22:00 UTC; latest observation at or before cutoff; maximum staleness 3 calendar days";2016-02-01;2026-01-30;2016-02-12;2026-01-30;521;52,17750000;f0aad35df058825f1cc77139d70ec9ab0c3a8ead1a40738b43d2faf524886136;0,00000001;0,15439001;True;0;Optimization terminated successfully;8;0,01153897;-0,00000000;-0,00000000;0,00000000;0,15439001;0,10741961;True;0,00000000;0,35346334;0,44982920;0,19670746
10y;provisional_market_total_return_fx_2026-06-30_v1;USD;"Friday 22:00 UTC; latest observation at or before cutoff; maximum staleness 3 calendar days";2016-02-01;2026-01-30;2016-02-12;2026-01-30;521;52,17750000;f0aad35df058825f1cc77139d70ec9ab0c3a8ead1a40738b43d2faf524886136;0,00000001;0,15800896;True;0;Optimization terminated successfully;8;0,01217019;0,00000000;0,00000000;0,00000000;0,15800896;0,11031858;True;0,00000000;0,36299218;0,46202656;0,17498126
10y;provisional_market_total_return_fx_2026-06-30_v1;USD;"Friday 22:00 UTC; latest observation at or before cutoff; maximum staleness 3 calendar days";2016-02-01;2026-01-30;2016-02-12;2026-01-30;521;52,17750000;f0aad35df058825f1cc77139d70ec9ab0c3a8ead1a40738b43d2faf524886136;0,00000001;0,16162791;True;0;Optimization terminated successfully;8;0,01281822;0,00000000;-0,00000000;0,00000000;0,16162791;0,11321759;True;0,00000000;0,37252102;0,47422393;0,15325506
10y;provisional_market_total_return_fx_2026-06-30_v1;USD;"Friday 22:00 UTC; latest observation at or before cutoff; maximum staleness 3 calendar days";2016-02-01;2026-01-30;2016-02-12;2026-01-30;521;52,17750000;f0aad35df058825f1cc77139d70ec9ab0c3a8ead1a40738b43d2faf524886136;0,00000001;0,16524686;True;0;Optimization terminated successfully;8;0,01348308;-0,00000000;0,00000000;0,00000000;0,16524686;0,11611666;True;0,00000000;0,38204986;0,48642129;0,13152885
10y;provisional_market_total_return_fx_2026-06-30_v1;USD;"Friday 22:00 UTC; latest observation at or before cutoff; maximum staleness 3 calendar days";2016-02-01;2026-01-30;2016-02-12;2026-01-30;521;52,17750000;f0aad35df058825f1cc77139d70ec9ab0c3a8ead1a40738b43d2faf524886136;0,00000001;0,16886581;True;0;Optimization terminated successfully;8;0,01416476;0,00000000;0,00000000;0,00000000;0,16886581;0,11901578;True;0,00000000;0,39157870;0,49861865;0,10980265
10y;provisional_market_total_return_fx_2026-06-30_v1;USD;"Friday 22:00 UTC; latest observation at or before cutoff; maximum staleness 3 calendar days";2016-02-01;2026-01-30;2016-02-12;2026-01-30;521;52,17750000;f0aad35df058825f1cc77139d70ec9ab0c3a8ead1a40738b43d2faf524886136;0,00000001;0,17248476;True;0;Optimization terminated successfully;8;0,01486325;0,00000000;0,00000000;0,00000000;0,17248476;0,12191493;True;0,00000000;0,40110754;0,51081601;0,08807645
10y;provisional_market_total_return_fx_2026-06-30_v1;USD;"Friday 22:00 UTC; latest observation at or before cutoff; maximum staleness 3 calendar days";2016-02-01;2026-01-30;2016-02-12;2026-01-30;521;52,17750000;f0aad35df058825f1cc77139d70ec9ab0c3a8ead1a40738b43d2faf524886136;0,00000001;0,17610371;True;0;Optimization terminated successfully;8;0,01557857;0,00000000;0,00000000;0,00000000;0,17610371;0,12481413;True;0,00000000;0,41063639;0,52301337;0,06635024
10y;provisional_market_total_return_fx_2026-06-30_v1;USD;"Friday 22:00 UTC; latest observation at or before cutoff; maximum staleness 3 calendar days";2016-02-01;2026-01-30;2016-02-12;2026-01-30;521;52,17750000;f0aad35df058825f1cc77139d70ec9ab0c3a8ead1a40738b43d2faf524886136;0,00000001;0,17972266;True;0;Optimization terminated successfully;8;0,01631070;0,00000000;-0,00000000;0,00000000;0,17972266;0,12771336;True;0,00000000;0,42016523;0,53521073;0,04462404
10y;provisional_market_total_return_fx_2026-06-30_v1;USD;"Friday 22:00 UTC; latest observation at or before cutoff; maximum staleness 3 calendar days";2016-02-01;2026-01-30;2016-02-12;2026-01-30;521;52,17750000;f0aad35df058825f1cc77139d70ec9ab0c3a8ead1a40738b43d2faf524886136;0,00000001;0,18334161;True;0;Optimization terminated successfully;8;0,01705966;0,00000000;0,00000000;0,00000000;0,18334161;0,13061263;True;0,00000000;0,42969407;0,54740809;0,02289784
10y;provisional_market_total_return_fx_2026-06-30_v1;USD;"Friday 22:00 UTC; latest observation at or before cutoff; maximum staleness 3 calendar days";2016-02-01;2026-01-30;2016-02-12;2026-01-30;521;52,17750000;f0aad35df058825f1cc77139d70ec9ab0c3a8ead1a40738b43d2faf524886136;0,00000001;0,18696056;True;0;Optimization terminated successfully;8;0,01782544;0,00000000;-0,00000000;0,00000000;0,18696056;0,13351193;True;0,00000000;0,43922291;0,55960545;0,00117164
10y;provisional_market_total_return_fx_2026-06-30_v1;USD;"Friday 22:00 UTC; latest observation at or before cutoff; maximum staleness 3 calendar days";2016-02-01;2026-01-30;2016-02-12;2026-01-30;521;52,17750000;f0aad35df058825f1cc77139d70ec9ab0c3a8ead1a40738b43d2faf524886136;0,00000001;0,19057951;True;0;Optimization terminated successfully;5;0,01870118;0,00000000;0,00000000;0,00000000;0,19057951;0,13675225;True;0,00000000;0,48067967;0,51932033;0,00000000
10y;provisional_market_total_return_fx_2026-06-30_v1;USD;"Friday 22:00 UTC; latest observation at or before cutoff; maximum staleness 3 calendar days";2016-02-01;2026-01-30;2016-02-12;2026-01-30;521;52,17750000;f0aad35df058825f1cc77139d70ec9ab0c3a8ead1a40738b43d2faf524886136;0,00000001;0,19419846;True;0;Optimization terminated successfully;5;0,01980158;0,00000000;0,00000000;0,00000000;0,19419846;0,14071808;True;0,00000000;0,52395637;0,47604363;0,00000000
10y;provisional_market_total_return_fx_2026-06-30_v1;USD;"Friday 22:00 UTC; latest observation at or before cutoff; maximum staleness 3 calendar days";2016-02-01;2026-01-30;2016-02-12;2026-01-30;521;52,17750000;f0aad35df058825f1cc77139d70ec9ab0c3a8ead1a40738b43d2faf524886136;0,00000001;0,19781741;True;0;Optimization terminated successfully;5;0,02112693;0,00000000;0,00000000;0,00000000;0,19781741;0,14535107;True;0,00000000;0,56723306;0,43276694;0,00000000
10y;provisional_market_total_return_fx_2026-06-30_v1;USD;"Friday 22:00 UTC; latest observation at or before cutoff; maximum staleness 3 calendar days";2016-02-01;2026-01-30;2016-02-12;2026-01-30;521;52,17750000;f0aad35df058825f1cc77139d70ec9ab0c3a8ead1a40738b43d2faf524886136;0,00000001;0,20143636;True;0;Optimization terminated successfully;5;0,02267725;0,00000000;0,00000000;0,00000000;0,20143636;0,15058967;True;0,00000000;0,61050975;0,38949025;0,00000000
10y;provisional_market_total_return_fx_2026-06-30_v1;USD;"Friday 22:00 UTC; latest observation at or before cutoff; maximum staleness 3 calendar days";2016-02-01;2026-01-30;2016-02-12;2026-01-30;521;52,17750000;f0aad35df058825f1cc77139d70ec9ab0c3a8ead1a40738b43d2faf524886136;0,00000001;0,20505531;True;0;Optimization terminated successfully;5;0,02445252;0,00000000;0,00000000;0,00000000;0,20505531;0,15637302;True;0,00000000;0,65378645;0,34621355;0,00000000
10y;provisional_market_total_return_fx_2026-06-30_v1;USD;"Friday 22:00 UTC; latest observation at or before cutoff; maximum staleness 3 calendar days";2016-02-01;2026-01-30;2016-02-12;2026-01-30;521;52,17750000;f0aad35df058825f1cc77139d70ec9ab0c3a8ead1a40738b43d2faf524886136;0,00000001;0,20867427;True;0;Optimization terminated successfully;5;0,02645275;0,00000000;-0,00000000;0,00000000;0,20867427;0,16264302;True;0,00000000;0,69706314;0,30293686;0,00000000
10y;provisional_market_total_return_fx_2026-06-30_v1;USD;"Friday 22:00 UTC; latest observation at or before cutoff; maximum staleness 3 calendar days";2016-02-01;2026-01-30;2016-02-12;2026-01-30;521;52,17750000;f0aad35df058825f1cc77139d70ec9ab0c3a8ead1a40738b43d2faf524886136;0,00000001;0,21229322;True;0;Optimization terminated successfully;4;0,02867794;0,00000000;0,00000000;0,00000000;0,21229322;0,16934563;True;0,00000000;0,74033984;0,25966016;0,00000000
10y;provisional_market_total_return_fx_2026-06-30_v1;USD;"Friday 22:00 UTC; latest observation at or before cutoff; maximum staleness 3 calendar days";2016-02-01;2026-01-30;2016-02-12;2026-01-30;521;52,17750000;f0aad35df058825f1cc77139d70ec9ab0c3a8ead1a40738b43d2faf524886136;0,00000001;0,21591217;True;0;Optimization terminated successfully;4;0,03112809;0,00000000;-0,00000000;0,00000000;0,21591217;0,17643154;True;0,00000000;0,78361653;0,21638347;0,00000000
10y;provisional_market_total_return_fx_2026-06-30_v1;USD;"Friday 22:00 UTC; latest observation at or before cutoff; maximum staleness 3 calendar days";2016-02-01;2026-01-30;2016-02-12;2026-01-30;521;52,17750000;f0aad35df058825f1cc77139d70ec9ab0c3a8ead1a40738b43d2faf524886136;0,00000001;0,21953112;True;0;Optimization terminated successfully;4;0,03380319;0,00000000;0,00000000;0,00000000;0,21953112;0,18385644;True;0,00000000;0,82689322;0,17310678;0,00000000
10y;provisional_market_total_return_fx_2026-06-30_v1;USD;"Friday 22:00 UTC; latest observation at or before cutoff; maximum staleness 3 calendar days";2016-02-01;2026-01-30;2016-02-12;2026-01-30;521;52,17750000;f0aad35df058825f1cc77139d70ec9ab0c3a8ead1a40738b43d2faf524886136;0,00000001;0,22315007;True;0;Optimization terminated successfully;4;0,03670325;0,00000000;-0,00000000;0,00000000;0,22315007;0,19158093;True;0,00000000;0,87016992;0,12983008;0,00000000
10y;provisional_market_total_return_fx_2026-06-30_v1;USD;"Friday 22:00 UTC; latest observation at or before cutoff; maximum staleness 3 calendar days";2016-02-01;2026-01-30;2016-02-12;2026-01-30;521;52,17750000;f0aad35df058825f1cc77139d70ec9ab0c3a8ead1a40738b43d2faf524886136;0,00000001;0,22676902;True;0;Optimization terminated successfully;3;0,03982827;0,00000000;-0,00000000;0,00000000;0,22676902;0,19957022;True;0,00000000;0,91344661;0,08655339;0,00000000
10y;provisional_market_total_return_fx_2026-06-30_v1;USD;"Friday 22:00 UTC; latest observation at or before cutoff; maximum staleness 3 calendar days";2016-02-01;2026-01-30;2016-02-12;2026-01-30;521;52,17750000;f0aad35df058825f1cc77139d70ec9ab0c3a8ead1a40738b43d2faf524886136;0,00000001;0,23038797;True;0;Optimization terminated successfully;2;0,04317825;0,00000000;-0,00000000;0,00000000;0,23038797;0,20779377;True;0,00000000;0,95672331;0,04327669;0,00000000
10y;provisional_market_total_return_fx_2026-06-30_v1;USD;"Friday 22:00 UTC; latest observation at or before cutoff; maximum staleness 3 calendar days";2016-02-01;2026-01-30;2016-02-12;2026-01-30;521;52,17750000;f0aad35df058825f1cc77139d70ec9ab0c3a8ead1a40738b43d2faf524886136;0,00000001;0,23400692;True;0;Optimization terminated successfully;2;0,04675319;0,00000000;0,00000000;0,00000000;0,23400692;0,21622485;True;0,00000000;1,00000000;0,00000000;0,00000000
