window,snapshot_id,base_currency,valuation_rule,requested_start,requested_end,actual_start,actual_end,n_obs,periods_per_year,source_dates_sha256,residual_tolerance,target_return_ann,success,status,message,iterations,objective,budget_residual,target_residual,bound_violation,return_ann,volatility_ann,feasible,weight_SWDA.L,weight_XLK,weight_IAU,weight_BIL
max,provisional_market_total_return_fx_2026-06-30_v1,USD,Friday 22:00 UTC; latest observation at or before cutoff; maximum staleness 3 calendar days,2009-09-25,2026-01-30,2009-10-02,2026-01-30,853,52.17750000,2065f38f826334af24ff25b8be518e5a1c1878ad7b3ad95097c717bd557826c9,0.00000001,0.01228617,True,0,Optimization terminated successfully,2,0.00000804,0.00000000,0.00000000,0.00000000,0.01228617,0.00283589,True,0.00000000,0.00000000,0.00000000,1.00000000
max,provisional_market_total_return_fx_2026-06-30_v1,USD,Friday 22:00 UTC; latest observation at or before cutoff; maximum staleness 3 calendar days,2009-09-25,2026-01-30,2009-10-02,2026-01-30,853,52.17750000,2065f38f826334af24ff25b8be518e5a1c1878ad7b3ad95097c717bd557826c9,0.00000001,0.01537719,True,0,Optimization terminated successfully,8,0.00001644,0.00000000,0.00000000,0.00000000,0.01537719,0.00405521,True,0.00000000,0.01269001,0.00823367,0.97907632
max,provisional_market_total_return_fx_2026-06-30_v1,USD,Friday 22:00 UTC; latest observation at or before cutoff; maximum staleness 3 calendar days,2009-09-25,2026-01-30,2009-10-02,2026-01-30,853,52.17750000,2065f38f826334af24ff25b8be518e5a1c1878ad7b3ad95097c717bd557826c9,0.00000001,0.01846821,True,0,Optimization terminated successfully,8,0.00004205,0.00000000,0.00000000,0.00000000,0.01846821,0.00648463,True,0.00000000,0.02480179,0.01758515,0.95761306
max,provisional_market_total_return_fx_2026-06-30_v1,USD,Friday 22:00 UTC; latest observation at or before cutoff; maximum staleness 3 calendar days,2009-09-25,2026-01-30,2009-10-02,2026-01-30,853,52.17750000,2065f38f826334af24ff25b8be518e5a1c1878ad7b3ad95097c717bd557826c9,0.00000001,0.02155924,True,0,Optimization terminated successfully,8,0.00008482,0.00000000,0.00000000,0.00000000,0.02155924,0.00920981,True,0.00000000,0.03691348,0.02693679,0.93614972
max,provisional_market_total_return_fx_2026-06-30_v1,USD,Friday 22:00 UTC; latest observation at or before cutoff; maximum staleness 3 calendar days,2009-09-25,2026-01-30,2009-10-02,2026-01-30,853,52.17750000,2065f38f826334af24ff25b8be518e5a1c1878ad7b3ad95097c717bd557826c9,0.00000001,0.02465026,True,0,Optimization terminated successfully,8,0.00014476,0.00000000,0.00000000,0.00000000,0.02465026,0.01203142,True,0.00000000,0.04902518,0.03628843,0.91468639
max,provisional_market_total_return_fx_2026-06-30_v1,USD,Friday 22:00 UTC; latest observation at or before cutoff; maximum staleness 3 calendar days,2009-09-25,2026-01-30,2009-10-02,2026-01-30,853,52.17750000,2065f38f826334af24ff25b8be518e5a1c1878ad7b3ad95097c717bd557826c9,0.00000001,0.02774129,True,0,Optimization terminated successfully,8,0.00022185,0.00000000,0.00000000,0.00000000,0.02774129,0.01489476,True,0.00000000,0.06113688,0.04564007,0.89322305
max,provisional_market_total_return_fx_2026-06-30_v1,USD,Friday 22:00 UTC; latest observation at or before cutoff; maximum staleness 3 calendar days,2009-09-25,2026-01-30,2009-10-02,2026-01-30,853,52.17750000,2065f38f826334af24ff25b8be518e5a1c1878ad7b3ad95097c717bd557826c9,0.00000001,0.03083231,True,0,Optimization terminated successfully,8,0.00031612,0.00000000,0.00000000,0.00000000,0.03083231,0.01777969,True,0.00000000,0.07324858,0.05499171,0.87175971
max,provisional_market_total_return_fx_2026-06-30_v1,USD,Friday 22:00 UTC; latest observation at or before cutoff; maximum staleness 3 calendar days,2009-09-25,2026-01-30,2009-10-02,2026-01-30,853,52.17750000,2065f38f826334af24ff25b8be518e5a1c1878ad7b3ad95097c717bd557826c9,0.00000001,0.03392333,True,0,Optimization terminated successfully,8,0.00042755,0.00000000,0.00000000,0.00000000,0.03392333,0.02067716,True,0.00000000,0.08536028,0.06434334,0.85029637
max,provisional_market_total_return_fx_2026-06-30_v1,USD,Friday 22:00 UTC; latest observation at or before cutoff; maximum staleness 3 calendar days,2009-09-25,2026-01-30,2009-10-02,2026-01-30,853,52.17750000,2065f38f826334af24ff25b8be518e5a1c1878ad7b3ad95097c717bd557826c9,0.00000001,0.03701436,True,0,Optimization terminated successfully,8,0.00055614,0.00000000,0.00000000,0.00000000,0.03701436,0.02358256,True,0.00000000,0.09747198,0.07369498,0.82883304
max,provisional_market_total_return_fx_2026-06-30_v1,USD,Friday 22:00 UTC; latest observation at or before cutoff; maximum staleness 3 calendar days,2009-09-25,2026-01-30,2009-10-02,2026-01-30,853,52.17750000,2065f38f826334af24ff25b8be518e5a1c1878ad7b3ad95097c717bd557826c9,0.00000001,0.04010538,True,0,Optimization terminated successfully,8,0.00070189,0.00000000,-0.00000000,0.00000000,0.04010538,0.02649328,True,0.00000000,0.10958368,0.08304662,0.80736970
max,provisional_market_total_return_fx_2026-06-30_v1,USD,Friday 22:00 UTC; latest observation at or before cutoff; maximum staleness 3 calendar days,2009-09-25,2026-01-30,2009-10-02,2026-01-30,853,52.17750000,2065f38f826334af24ff25b8be518e5a1c1878ad7b3ad95097c717bd557826c9,0.00000001,0.04319641,True,0,Optimization terminated successfully,8,0.00086481,0.00000000,-0.00000000,0.00000000,0.04319641,0.02940773,True,0.00000000,0.12169538,0.09239826,0.78590636
max,provisional_market_total_return_fx_2026-06-30_v1,USD,Friday 22:00 UTC; latest observation at or before cutoff; maximum staleness 3 calendar days,2009-09-25,2026-01-30,2009-10-02,2026-01-30,853,52.17750000,2065f38f826334af24ff25b8be518e5a1c1878ad7b3ad95097c717bd557826c9,0.00000001,0.04628743,True,0,Optimization terminated successfully,8,0.00104490,0.00000000,0.00000000,0.00000000,0.04628743,0.03232491,True,0.00000000,0.13380708,0.10174990,0.76444303
max,provisional_market_total_return_fx_2026-06-30_v1,USD,Friday 22:00 UTC; latest observation at or before cutoff; maximum staleness 3 calendar days,2009-09-25,2026-01-30,2009-10-02,2026-01-30,853,52.17750000,2065f38f826334af24ff25b8be518e5a1c1878ad7b3ad95097c717bd557826c9,0.00000001,0.04937845,True,0,Optimization terminated successfully,8,0.00124215,0.00000000,0.00000000,0.00000000,0.04937845,0.03524414,True,0.00000000,0.14591878,0.11110153,0.74297969
max,provisional_market_total_return_fx_2026-06-30_v1,USD,Friday 22:00 UTC; latest observation at or before cutoff; maximum staleness 3 calendar days,2009-09-25,2026-01-30,2009-10-02,2026-01-30,853,52.17750000,2065f38f826334af24ff25b8be518e5a1c1878ad7b3ad95097c717bd557826c9,0.00000001,0.05246948,True,0,Optimization terminated successfully,8,0.00145656,0.00000000,0.00000000,0.00000000,0.05246948,0.03816496,True,0.00000000,0.15803048,0.12045317,0.72151635
max,provisional_market_total_return_fx_2026-06-30_v1,USD,Friday 22:00 UTC; latest observation at or before cutoff; maximum staleness 3 calendar days,2009-09-25,2026-01-30,2009-10-02,2026-01-30,853,52.17750000,2065f38f826334af24ff25b8be518e5a1c1878ad7b3ad95097c717bd557826c9,0.00000001,0.05556050,True,0,Optimization terminated successfully,8,0.00168814,0.00000000,0.00000000,0.00000000,0.05556050,0.04108701,True,0.00000000,0.17014218,0.12980481,0.70005301
max,provisional_market_total_return_fx_2026-06-30_v1,USD,Friday 22:00 UTC; latest observation at or before cutoff; maximum staleness 3 calendar days,2009-09-25,2026-01-30,2009-10-02,2026-01-30,853,52.17750000,2065f38f826334af24ff25b8be518e5a1c1878ad7b3ad95097c717bd557826c9,0.00000001,0.05865153,True,0,Optimization terminated successfully,8,0.00193689,0.00000000,0.00000000,0.00000000,0.05865153,0.04401006,True,0.00000000,0.18225388,0.13915645,0.67858968
max,provisional_market_total_return_fx_2026-06-30_v1,USD,Friday 22:00 UTC; latest observation at or before cutoff; maximum staleness 3 calendar days,2009-09-25,2026-01-30,2009-10-02,2026-01-30,853,52.17750000,2065f38f826334af24ff25b8be518e5a1c1878ad7b3ad95097c717bd557826c9,0.00000001,0.06174255,True,0,Optimization terminated successfully,8,0.00220279,0.00000000,0.00000000,0.00000000,0.06174255,0.04693392,True,0.00000000,0.19436557,0.14850809,0.65712634
max,provisional_market_total_return_fx_2026-06-30_v1,USD,Friday 22:00 UTC; latest observation at or before cutoff; maximum staleness 3 calendar days,2009-09-25,2026-01-30,2009-10-02,2026-01-30,853,52.17750000,2065f38f826334af24ff25b8be518e5a1c1878ad7b3ad95097c717bd557826c9,0.00000001,0.06483357,True,0,Optimization terminated successfully,8,0.00248586,0.00000000,0.00000000,0.00000000,0.06483357,0.04985845,True,0.00000000,0.20647727,0.15785973,0.63566300
max,provisional_market_total_return_fx_2026-06-30_v1,USD,Friday 22:00 UTC; latest observation at or before cutoff; maximum staleness 3 calendar days,2009-09-25,2026-01-30,2009-10-02,2026-01-30,853,52.17750000,2065f38f826334af24ff25b8be518e5a1c1878ad7b3ad95097c717bd557826c9,0.00000001,0.06792460,True,0,Optimization terminated successfully,8,0.00278610,0.00000000,0.00000000,0.00000000,0.06792460,0.05278353,True,0.00000000,0.21858897,0.16721136,0.61419966
max,provisional_market_total_return_fx_2026-06-30_v1,USD,Friday 22:00 UTC; latest observation at or before cutoff; maximum staleness 3 calendar days,2009-09-25,2026-01-30,2009-10-02,2026-01-30,853,52.17750000,2065f38f826334af24ff25b8be518e5a1c1878ad7b3ad95097c717bd557826c9,0.00000001,0.07101562,True,0,Optimization terminated successfully,8,0.00310350,-0.00000000,0.00000000,0.00000000,0.07101562,0.05570908,True,0.00000000,0.23070067,0.17656300,0.59273633
max,provisional_market_total_return_fx_2026-06-30_v1,USD,Friday 22:00 UTC; latest observation at or before cutoff; maximum staleness 3 calendar days,2009-09-25,2026-01-30,2009-10-02,2026-01-30,853,52.17750000,2065f38f826334af24ff25b8be518e5a1c1878ad7b3ad95097c717bd557826c9,0.00000001,0.07410665,True,0,Optimization terminated successfully,8,0.00343807,0.00000000,0.00000000,0.00000000,0.07410665,0.05863503,True,0.00000000,0.24281237,0.18591464,0.57127299
max,provisional_market_total_return_fx_2026-06-30_v1,USD,Friday 22:00 UTC; latest observation at or before cutoff; maximum staleness 3 calendar days,2009-09-25,2026-01-30,2009-10-02,2026-01-30,853,52.17750000,2065f38f826334af24ff25b8be518e5a1c1878ad7b3ad95097c717bd557826c9,0.00000001,0.07719767,True,0,Optimization terminated successfully,8,0.00378980,0.00000000,0.00000000,0.00000000,0.07719767,0.06156132,True,0.00000000,0.25492407,0.19526628,0.54980965
max,provisional_market_total_return_fx_2026-06-30_v1,USD,Friday 22:00 UTC; latest observation at or before cutoff; maximum staleness 3 calendar days,2009-09-25,2026-01-30,2009-10-02,2026-01-30,853,52.17750000,2065f38f826334af24ff25b8be518e5a1c1878ad7b3ad95097c717bd557826c9,0.00000001,0.08028869,True,0,Optimization terminated successfully,8,0.00415869,0.00000000,0.00000000,0.00000000,0.08028869,0.06448790,True,0.00000000,0.26703577,0.20461792,0.52834631
max,provisional_market_total_return_fx_2026-06-30_v1,USD,Friday 22:00 UTC; latest observation at or before cutoff; maximum staleness 3 calendar days,2009-09-25,2026-01-30,2009-10-02,2026-01-30,853,52.17750000,2065f38f826334af24ff25b8be518e5a1c1878ad7b3ad95097c717bd557826c9,0.00000001,0.08337972,True,0,Optimization terminated successfully,8,0.00454475,0.00000000,-0.00000000,0.00000000,0.08337972,0.06741474,True,0.00000000,0.27914747,0.21396955,0.50688298
max,provisional_market_total_return_fx_2026-06-30_v1,USD,Friday 22:00 UTC; latest observation at or before cutoff; maximum staleness 3 calendar days,2009-09-25,2026-01-30,2009-10-02,2026-01-30,853,52.17750000,2065f38f826334af24ff25b8be518e5a1c1878ad7b3ad95097c717bd557826c9,0.00000001,0.08647074,True,0,Optimization terminated successfully,8,0.00494797,0.00000000,0.00000000,0.00000000,0.08647074,0.07034181,True,0.00000000,0.29125917,0.22332119,0.48541964
max,provisional_market_total_return_fx_2026-06-30_v1,USD,Friday 22:00 UTC; latest observation at or before cutoff; maximum staleness 3 calendar days,2009-09-25,2026-01-30,2009-10-02,2026-01-30,853,52.17750000,2065f38f826334af24ff25b8be518e5a1c1878ad7b3ad95097c717bd557826c9,0.00000001,0.08956177,True,0,Optimization terminated successfully,8,0.00536836,0.00000000,0.00000000,0.00000000,0.08956177,0.07326908,True,0.00000000,0.30337087,0.23267283,0.46395630
max,provisional_market_total_return_fx_2026-06-30_v1,USD,Friday 22:00 UTC; latest observation at or before cutoff; maximum staleness 3 calendar days,2009-09-25,2026-01-30,2009-10-02,2026-01-30,853,52.17750000,2065f38f826334af24ff25b8be518e5a1c1878ad7b3ad95097c717bd557826c9,0.00000001,0.09265279,True,0,Optimization terminated successfully,8,0.00580591,0.00000000,-0.00000000,0.00000000,0.09265279,0.07619652,True,0.00000000,0.31548257,0.24202447,0.44249297
max,provisional_market_total_return_fx_2026-06-30_v1,USD,Friday 22:00 UTC; latest observation at or before cutoff; maximum staleness 3 calendar days,2009-09-25,2026-01-30,2009-10-02,2026-01-30,853,52.17750000,2065f38f826334af24ff25b8be518e5a1c1878ad7b3ad95097c717bd557826c9,0.00000001,0.09574381,True,0,Optimization terminated successfully,8,0.00626062,0.00000000,0.00000000,0.00000000,0.09574381,0.07912411,True,0.00000000,0.32759427,0.25137611,0.42102963
max,provisional_market_total_return_fx_2026-06-30_v1,USD,Friday 22:00 UTC; latest observation at or before cutoff; maximum staleness 3 calendar days,2009-09-25,2026-01-30,2009-10-02,2026-01-30,853,52.17750000,2065f38f826334af24ff25b8be518e5a1c1878ad7b3ad95097c717bd557826c9,0.00000001,0.09883484,True,0,Optimization terminated successfully,8,0.00673251,0.00000000,0.00000000,0.00000000,0.09883484,0.08205184,True,0.00000000,0.33970596,0.26072774,0.39956629
max,provisional_market_total_return_fx_2026-06-30_v1,USD,Friday 22:00 UTC; latest observation at or before cutoff; maximum staleness 3 calendar days,2009-09-25,2026-01-30,2009-10-02,2026-01-30,853,52.17750000,2065f38f826334af24ff25b8be518e5a1c1878ad7b3ad95097c717bd557826c9,0.00000001,0.10192586,True,0,Optimization terminated successfully,7,0.00722155,0.00000000,0.00000000,0.00000000,0.10192586,0.08497970,True,0.00000000,0.35181766,0.27007938,0.37810295
max,provisional_market_total_return_fx_2026-06-30_v1,USD,Friday 22:00 UTC; latest observation at or before cutoff; maximum staleness 3 calendar days,2009-09-25,2026-01-30,2009-10-02,2026-01-30,853,52.17750000,2065f38f826334af24ff25b8be518e5a1c1878ad7b3ad95097c717bd557826c9,0.00000001,0.10501689,True,0,Optimization terminated successfully,8,0.00772776,0.00000000,0.00000000,0.00000000,0.10501689,0.08790767,True,0.00000000,0.36392936,0.27943102,0.35663962
max,provisional_market_total_return_fx_2026-06-30_v1,USD,Friday 22:00 UTC; latest observation at or before cutoff; maximum staleness 3 calendar days,2009-09-25,2026-01-30,2009-10-02,2026-01-30,853,52.17750000,2065f38f826334af24ff25b8be518e5a1c1878ad7b3ad95097c717bd557826c9,0.00000001,0.10810791,True,0,Optimization terminated successfully,8,0.00825113,0.00000000,0.00000000,0.00000000,0.10810791,0.09083574,True,0.00000000,0.37604106,0.28878266,0.33517628
max,provisional_market_total_return_fx_2026-06-30_v1,USD,Friday 22:00 UTC; latest observation at or before cutoff; maximum staleness 3 calendar days,2009-09-25,2026-01-30,2009-10-02,2026-01-30,853,52.17750000,2065f38f826334af24ff25b8be518e5a1c1878ad7b3ad95097c717bd557826c9,0.00000001,0.11119893,True,0,Optimization terminated successfully,8,0.00879167,0.00000000,-0.00000000,0.00000000,0.11119893,0.09376391,True,0.00000000,0.38815276,0.29813430,0.31371294
max,provisional_market_total_return_fx_2026-06-30_v1,USD,Friday 22:00 UTC; latest observation at or before cutoff; maximum staleness 3 calendar days,2009-09-25,2026-01-30,2009-10-02,2026-01-30,853,52.17750000,2065f38f826334af24ff25b8be518e5a1c1878ad7b3ad95097c717bd557826c9,0.00000001,0.11428996,True,0,Optimization terminated successfully,8,0.00934937,0.00000000,0.00000000,0.00000000,0.11428996,0.09669215,True,0.00000000,0.40026446,0.30748594,0.29224960
max,provisional_market_total_return_fx_2026-06-30_v1,USD,Friday 22:00 UTC; latest observation at or before cutoff; maximum staleness 3 calendar days,2009-09-25,2026-01-30,2009-10-02,2026-01-30,853,52.17750000,2065f38f826334af24ff25b8be518e5a1c1878ad7b3ad95097c717bd557826c9,0.00000001,0.11738098,True,0,Optimization terminated successfully,8,0.00992424,0.00000000,0.00000000,0.00000000,0.11738098,0.09962048,True,0.00000000,0.41237616,0.31683757,0.27078627
max,provisional_market_total_return_fx_2026-06-30_v1,USD,Friday 22:00 UTC; latest observation at or before cutoff; maximum staleness 3 calendar days,2009-09-25,2026-01-30,2009-10-02,2026-01-30,853,52.17750000,2065f38f826334af24ff25b8be518e5a1c1878ad7b3ad95097c717bd557826c9,0.00000001,0.12047201,True,0,Optimization terminated successfully,8,0.01051627,0.00000000,-0.00000000,0.00000000,0.12047201,0.10254887,True,0.00000000,0.42448786,0.32618921,0.24932293
max,provisional_market_total_return_fx_2026-06-30_v1,USD,Friday 22:00 UTC; latest observation at or before cutoff; maximum staleness 3 calendar days,2009-09-25,2026-01-30,2009-10-02,2026-01-30,853,52.17750000,2065f38f826334af24ff25b8be518e5a1c1878ad7b3ad95097c717bd557826c9,0.00000001,0.12356303,True,0,Optimization terminated successfully,8,0.01112547,0.00000000,0.00000000,0.00000000,0.12356303,0.10547732,True,0.00000000,0.43659956,0.33554085,0.22785959
max,provisional_market_total_return_fx_2026-06-30_v1,USD,Friday 22:00 UTC; latest observation at or before cutoff; maximum staleness 3 calendar days,2009-09-25,2026-01-30,2009-10-02,2026-01-30,853,52.17750000,2065f38f826334af24ff25b8be518e5a1c1878ad7b3ad95097c717bd557826c9,0.00000001,0.12665405,True,0,Optimization terminated successfully,8,0.01175183,0.00000000,0.00000000,0.00000000,0.12665405,0.10840584,True,0.00000000,0.44871126,0.34489249,0.20639625
max,provisional_market_total_return_fx_2026-06-30_v1,USD,Friday 22:00 UTC; latest observation at or before cutoff; maximum staleness 3 calendar days,2009-09-25,2026-01-30,2009-10-02,2026-01-30,853,52.17750000,2065f38f826334af24ff25b8be518e5a1c1878ad7b3ad95097c717bd557826c9,0.00000001,0.12974508,True,0,Optimization terminated successfully,8,0.01239535,0.00000000,0.00000000,0.00000000,0.12974508,0.11133441,True,0.00000000,0.46082296,0.35424413,0.18493292
max,provisional_market_total_return_fx_2026-06-30_v1,USD,Friday 22:00 UTC; latest observation at or before cutoff; maximum staleness 3 calendar days,2009-09-25,2026-01-30,2009-10-02,2026-01-30,853,52.17750000,2065f38f826334af24ff25b8be518e5a1c1878ad7b3ad95097c717bd557826c9,0.00000001,0.13283610,True,0,Optimization terminated successfully,8,0.01305604,0.00000000,0.00000000,0.00000000,0.13283610,0.11426302,True,0.00000000,0.47293466,0.36359576,0.16346958
max,provisional_market_total_return_fx_2026-06-30_v1,USD,Friday 22:00 UTC; latest observation at or before cutoff; maximum staleness 3 calendar days,2009-09-25,2026-01-30,2009-10-02,2026-01-30,853,52.17750000,2065f38f826334af24ff25b8be518e5a1c1878ad7b3ad95097c717bd557826c9,0.00000001,0.13592712,True,0,Optimization terminated successfully,8,0.01373389,0.00000000,0.00000000,0.00000000,0.13592712,0.11719169,True,0.00000000,0.48504635,0.37294740,0.14200624
max,provisional_market_total_return_fx_2026-06-30_v1,USD,Friday 22:00 UTC; latest observation at or before cutoff; maximum staleness 3 calendar days,2009-09-25,2026-01-30,2009-10-02,2026-01-30,853,52.17750000,2065f38f826334af24ff25b8be518e5a1c1878ad7b3ad95097c717bd557826c9,0.00000001,0.13901815,True,0,Optimization terminated successfully,8,0.01442891,0.00000000,0.00000000,0.00000000,0.13901815,0.12012040,True,0.00000000,0.49715805,0.38229904,0.12054291
max,provisional_market_total_return_fx_2026-06-30_v1,USD,Friday 22:00 UTC; latest observation at or before cutoff; maximum staleness 3 calendar days,2009-09-25,2026-01-30,2009-10-02,2026-01-30,853,52.17750000,2065f38f826334af24ff25b8be518e5a1c1878ad7b3ad95097c717bd557826c9,0.00000001,0.14210917,True,0,Optimization terminated successfully,8,0.01514109,0.00000000,0.00000000,0.00000000,0.14210917,0.12304914,True,0.00000000,0.50926975,0.39165068,0.09907957
max,provisional_market_total_return_fx_2026-06-30_v1,USD,Friday 22:00 UTC; latest observation at or before cutoff; maximum staleness 3 calendar days,2009-09-25,2026-01-30,2009-10-02,2026-01-30,853,52.17750000,2065f38f826334af24ff25b8be518e5a1c1878ad7b3ad95097c717bd557826c9,0.00000001,0.14520020,True,0,Optimization terminated successfully,8,0.01587044,0.00000000,0.00000000,0.00000000,0.14520020,0.12597793,True,0.00000000,0.52138145,0.40100232,0.07761623
max,provisional_market_total_return_fx_2026-06-30_v1,USD,Friday 22:00 UTC; latest observation at or before cutoff; maximum staleness 3 calendar days,2009-09-25,2026-01-30,2009-10-02,2026-01-30,853,52.17750000,2065f38f826334af24ff25b8be518e5a1c1878ad7b3ad95097c717bd557826c9,0.00000001,0.14829122,True,0,Optimization terminated successfully,8,0.01661695,0.00000000,0.00000000,0.00000000,0.14829122,0.12890674,True,0.00000000,0.53349315,0.41035395,0.05615289
max,provisional_market_total_return_fx_2026-06-30_v1,USD,Friday 22:00 UTC; latest observation at or before cutoff; maximum staleness 3 calendar days,2009-09-25,2026-01-30,2009-10-02,2026-01-30,853,52.17750000,2065f38f826334af24ff25b8be518e5a1c1878ad7b3ad95097c717bd557826c9,0.00000001,0.15138224,True,0,Optimization terminated successfully,8,0.01738062,0.00000000,0.00000000,0.00000000,0.15138224,0.13183559,True,0.00000000,0.54560485,0.41970559,0.03468956
max,provisional_market_total_return_fx_2026-06-30_v1,USD,Friday 22:00 UTC; latest observation at or before cutoff; maximum staleness 3 calendar days,2009-09-25,2026-01-30,2009-10-02,2026-01-30,853,52.17750000,2065f38f826334af24ff25b8be518e5a1c1878ad7b3ad95097c717bd557826c9,0.00000001,0.15447327,True,0,Optimization terminated successfully,8,0.01816146,0.00000000,0.00000000,0.00000000,0.15447327,0.13476447,True,0.00000000,0.55771655,0.42905723,0.01322622
max,provisional_market_total_return_fx_2026-06-30_v1,USD,Friday 22:00 UTC; latest observation at or before cutoff; maximum staleness 3 calendar days,2009-09-25,2026-01-30,2009-10-02,2026-01-30,853,52.17750000,2065f38f826334af24ff25b8be518e5a1c1878ad7b3ad95097c717bd557826c9,0.00000001,0.15756429,True,0,Optimization terminated successfully,8,0.01896851,0.00000000,0.00000000,0.00000000,0.15756429,0.13772620,True,0.00000000,0.57865524,0.42134476,0.00000000
max,provisional_market_total_return_fx_2026-06-30_v1,USD,Friday 22:00 UTC; latest observation at or before cutoff; maximum staleness 3 calendar days,2009-09-25,2026-01-30,2009-10-02,2026-01-30,853,52.17750000,2065f38f826334af24ff25b8be518e5a1c1878ad7b3ad95097c717bd557826c9,0.00000001,0.16065532,True,0,Optimization terminated successfully,7,0.01989217,0.00000000,0.00000000,0.00000000,0.16065532,0.14103960,True,0.00000000,0.61376730,0.38623270,0.00000000
max,provisional_market_total_return_fx_2026-06-30_v1,USD,Friday 22:00 UTC; latest observation at or before cutoff; maximum staleness 3 calendar days,2009-09-25,2026-01-30,2009-10-02,2026-01-30,853,52.17750000,2065f38f826334af24ff25b8be518e5a1c1878ad7b3ad95097c717bd557826c9,0.00000001,0.16374634,True,0,Optimization terminated successfully,7,0.02095575,0.00000000,0.00000000,0.00000000,0.16374634,0.14476102,True,0.00000000,0.64887937,0.35112063,0.00000000
max,provisional_market_total_return_fx_2026-06-30_v1,USD,Friday 22:00 UTC; latest observation at or before cutoff; maximum staleness 3 calendar days,2009-09-25,2026-01-30,2009-10-02,2026-01-30,853,52.17750000,2065f38f826334af24ff25b8be518e5a1c1878ad7b3ad95097c717bd557826c9,0.00000001,0.16683736,True,0,Optimization terminated successfully,6,0.02215926,0.00000000,-0.00000000,0.00000000,0.16683736,0.14885988,True,0.00000000,0.68399143,0.31600857,0.00000000
max,provisional_market_total_return_fx_2026-06-30_v1,USD,Friday 22:00 UTC; latest observation at or before cutoff; maximum staleness 3 calendar days,2009-09-25,2026-01-30,2009-10-02,2026-01-30,853,52.17750000,2065f38f826334af24ff25b8be518e5a1c1878ad7b3ad95097c717bd557826c9,0.00000001,0.16992839,True,0,Optimization terminated successfully,5,0.02350270,0.00000000,0.00000000,0.00000000,0.16992839,0.15330590,True,0.00000000,0.71910349,0.28089651,0.00000000
max,provisional_market_total_return_fx_2026-06-30_v1,USD,Friday 22:00 UTC; latest observation at or before cutoff; maximum staleness 3 calendar days,2009-09-25,2026-01-30,2009-10-02,2026-01-30,853,52.17750000,2065f38f826334af24ff25b8be518e5a1c1878ad7b3ad95097c717bd557826c9,0.00000001,0.17301941,True,0,Optimization terminated successfully,4,0.02498606,0.00000000,0.00000000,0.00000000,0.17301941,0.15806979,True,0.00000000,0.75421556,0.24578444,0.00000000
max,provisional_market_total_return_fx_2026-06-30_v1,USD,Friday 22:00 UTC; latest observation at or before cutoff; maximum staleness 3 calendar days,2009-09-25,2026-01-30,2009-10-02,2026-01-30,853,52.17750000,2065f38f826334af24ff25b8be518e5a1c1878ad7b3ad95097c717bd557826c9,0.00000001,0.17611044,True,0,Optimization terminated successfully,4,0.02660934,0.00000000,-0.00000000,0.00000000,0.17611044,0.16312371,True,0.00000000,0.78932762,0.21067238,0.00000000
max,provisional_market_total_return_fx_2026-06-30_v1,USD,Friday 22:00 UTC; latest observation at or before cutoff; maximum staleness 3 calendar days,2009-09-25,2026-01-30,2009-10-02,2026-01-30,853,52.17750000,2065f38f826334af24ff25b8be518e5a1c1878ad7b3ad95097c717bd557826c9,0.00000001,0.17920146,True,0,Optimization terminated successfully,4,0.02837255,-0.00000000,0.00000000,0.00000000,0.17920146,0.16844154,True,0.00000000,0.82443968,0.17556032,0.00000000
max,provisional_market_total_return_fx_2026-06-30_v1,USD,Friday 22:00 UTC; latest observation at or before cutoff; maximum staleness 3 calendar days,2009-09-25,2026-01-30,2009-10-02,2026-01-30,853,52.17750000,2065f38f826334af24ff25b8be518e5a1c1878ad7b3ad95097c717bd557826c9,0.00000001,0.18229248,True,0,Optimization terminated successfully,4,0.03027569,0.00000000,0.00000000,0.00000000,0.18229248,0.17399910,True,0.00000000,0.85955175,0.14044825,0.00000000
max,provisional_market_total_return_fx_2026-06-30_v1,USD,Friday 22:00 UTC; latest observation at or before cutoff; maximum staleness 3 calendar days,2009-09-25,2026-01-30,2009-10-02,2026-01-30,853,52.17750000,2065f38f826334af24ff25b8be518e5a1c1878ad7b3ad95097c717bd557826c9,0.00000001,0.18538351,True,0,Optimization terminated successfully,3,0.03231874,0.00000000,0.00000000,0.00000000,0.18538351,0.17977415,True,0.00000000,0.89466381,0.10533619,0.00000000
max,provisional_market_total_return_fx_2026-06-30_v1,USD,Friday 22:00 UTC; latest observation at or before cutoff; maximum staleness 3 calendar days,2009-09-25,2026-01-30,2009-10-02,2026-01-30,853,52.17750000,2065f38f826334af24ff25b8be518e5a1c1878ad7b3ad95097c717bd557826c9,0.00000001,0.18847453,True,0,Optimization terminated successfully,2,0.03450173,0.00000000,-0.00000000,0.00000000,0.18847453,0.18574641,True,0.00000000,0.92977587,0.07022413,0.00000000
max,provisional_market_total_return_fx_2026-06-30_v1,USD,Friday 22:00 UTC; latest observation at or before cutoff; maximum staleness 3 calendar days,2009-09-25,2026-01-30,2009-10-02,2026-01-30,853,52.17750000,2065f38f826334af24ff25b8be518e5a1c1878ad7b3ad95097c717bd557826c9,0.00000001,0.19156556,True,0,Optimization terminated successfully,2,0.03682464,0.00000000,0.00000000,0.00000000,0.19156556,0.19189746,True,0.00000000,0.96488794,0.03511206,0.00000000
max,provisional_market_total_return_fx_2026-06-30_v1,USD,Friday 22:00 UTC; latest observation at or before cutoff; maximum staleness 3 calendar days,2009-09-25,2026-01-30,2009-10-02,2026-01-30,853,52.17750000,2065f38f826334af24ff25b8be518e5a1c1878ad7b3ad95097c717bd557826c9,0.00000001,0.19465658,True,0,Optimization terminated successfully,2,0.03928747,0.00000000,-0.00000000,0.00000000,0.19465658,0.19821067,True,0.00000000,1.00000000,0.00000000,0.00000000
