schema,portfolio_id,return_basis,window_label,start,end,n_obs,periods_per_year,cash_benchmark_id,currency_basis,source,month,monthly_return,year
monthly_returns.reader.v1,factor_pit_ext2026,adjusted_total_return_equity,2019-01-03..2026-06-30,2019-01-03,2019-01-31,20,12,BIL@provisional_market_total_return_fx_2026-06-30_v1,legacy_mixed_local_quotes,factor_run:factor_ext2026_2019-01-01_2026-06-30_v1/factor_equity_ext2026.parquet#9ea6f9529dcb39bcebda934a89940e2dd5ce6784cecf9bc5c1ff5b48a04f2d75,1,0.02836383,2019
monthly_returns.reader.v1,factor_pit_ext2026,adjusted_total_return_equity,2019-01-03..2026-06-30,2019-02-01,2019-02-28,19,12,BIL@provisional_market_total_return_fx_2026-06-30_v1,legacy_mixed_local_quotes,factor_run:factor_ext2026_2019-01-01_2026-06-30_v1/factor_equity_ext2026.parquet#9ea6f9529dcb39bcebda934a89940e2dd5ce6784cecf9bc5c1ff5b48a04f2d75,2,0.00739674,2019
monthly_returns.reader.v1,factor_pit_ext2026,adjusted_total_return_equity,2019-01-03..2026-06-30,2019-03-01,2019-03-29,21,12,BIL@provisional_market_total_return_fx_2026-06-30_v1,legacy_mixed_local_quotes,factor_run:factor_ext2026_2019-01-01_2026-06-30_v1/factor_equity_ext2026.parquet#9ea6f9529dcb39bcebda934a89940e2dd5ce6784cecf9bc5c1ff5b48a04f2d75,3,0.00050694,2019
monthly_returns.reader.v1,factor_pit_ext2026,adjusted_total_return_equity,2019-01-03..2026-06-30,2019-04-01,2019-04-30,20,12,BIL@provisional_market_total_return_fx_2026-06-30_v1,legacy_mixed_local_quotes,factor_run:factor_ext2026_2019-01-01_2026-06-30_v1/factor_equity_ext2026.parquet#9ea6f9529dcb39bcebda934a89940e2dd5ce6784cecf9bc5c1ff5b48a04f2d75,4,0.00694186,2019
monthly_returns.reader.v1,factor_pit_ext2026,adjusted_total_return_equity,2019-01-03..2026-06-30,2019-05-01,2019-05-31,21,12,BIL@provisional_market_total_return_fx_2026-06-30_v1,legacy_mixed_local_quotes,factor_run:factor_ext2026_2019-01-01_2026-06-30_v1/factor_equity_ext2026.parquet#9ea6f9529dcb39bcebda934a89940e2dd5ce6784cecf9bc5c1ff5b48a04f2d75,5,0.00003159,2019
monthly_returns.reader.v1,factor_pit_ext2026,adjusted_total_return_equity,2019-01-03..2026-06-30,2019-06-03,2019-06-28,20,12,BIL@provisional_market_total_return_fx_2026-06-30_v1,legacy_mixed_local_quotes,factor_run:factor_ext2026_2019-01-01_2026-06-30_v1/factor_equity_ext2026.parquet#9ea6f9529dcb39bcebda934a89940e2dd5ce6784cecf9bc5c1ff5b48a04f2d75,6,0.06197801,2019
monthly_returns.reader.v1,factor_pit_ext2026,adjusted_total_return_equity,2019-01-03..2026-06-30,2019-07-01,2019-07-31,22,12,BIL@provisional_market_total_return_fx_2026-06-30_v1,legacy_mixed_local_quotes,factor_run:factor_ext2026_2019-01-01_2026-06-30_v1/factor_equity_ext2026.parquet#9ea6f9529dcb39bcebda934a89940e2dd5ce6784cecf9bc5c1ff5b48a04f2d75,7,0.01188823,2019
monthly_returns.reader.v1,factor_pit_ext2026,adjusted_total_return_equity,2019-01-03..2026-06-30,2019-08-01,2019-08-30,21,12,BIL@provisional_market_total_return_fx_2026-06-30_v1,legacy_mixed_local_quotes,factor_run:factor_ext2026_2019-01-01_2026-06-30_v1/factor_equity_ext2026.parquet#9ea6f9529dcb39bcebda934a89940e2dd5ce6784cecf9bc5c1ff5b48a04f2d75,8,0.04017535,2019
monthly_returns.reader.v1,factor_pit_ext2026,adjusted_total_return_equity,2019-01-03..2026-06-30,2019-09-03,2019-09-30,20,12,BIL@provisional_market_total_return_fx_2026-06-30_v1,legacy_mixed_local_quotes,factor_run:factor_ext2026_2019-01-01_2026-06-30_v1/factor_equity_ext2026.parquet#9ea6f9529dcb39bcebda934a89940e2dd5ce6784cecf9bc5c1ff5b48a04f2d75,9,-0.01532835,2019
monthly_returns.reader.v1,factor_pit_ext2026,adjusted_total_return_equity,2019-01-03..2026-06-30,2019-10-01,2019-10-31,23,12,BIL@provisional_market_total_return_fx_2026-06-30_v1,legacy_mixed_local_quotes,factor_run:factor_ext2026_2019-01-01_2026-06-30_v1/factor_equity_ext2026.parquet#9ea6f9529dcb39bcebda934a89940e2dd5ce6784cecf9bc5c1ff5b48a04f2d75,10,0.00885930,2019
monthly_returns.reader.v1,factor_pit_ext2026,adjusted_total_return_equity,2019-01-03..2026-06-30,2019-11-01,2019-11-29,20,12,BIL@provisional_market_total_return_fx_2026-06-30_v1,legacy_mixed_local_quotes,factor_run:factor_ext2026_2019-01-01_2026-06-30_v1/factor_equity_ext2026.parquet#9ea6f9529dcb39bcebda934a89940e2dd5ce6784cecf9bc5c1ff5b48a04f2d75,11,-0.00972380,2019
monthly_returns.reader.v1,factor_pit_ext2026,adjusted_total_return_equity,2019-01-03..2026-06-30,2019-12-02,2019-12-31,20,12,BIL@provisional_market_total_return_fx_2026-06-30_v1,legacy_mixed_local_quotes,factor_run:factor_ext2026_2019-01-01_2026-06-30_v1/factor_equity_ext2026.parquet#9ea6f9529dcb39bcebda934a89940e2dd5ce6784cecf9bc5c1ff5b48a04f2d75,12,0.02514319,2019
monthly_returns.reader.v1,factor_pit_ext2026,adjusted_total_return_equity,2019-01-03..2026-06-30,2020-01-02,2020-01-31,21,12,BIL@provisional_market_total_return_fx_2026-06-30_v1,legacy_mixed_local_quotes,factor_run:factor_ext2026_2019-01-01_2026-06-30_v1/factor_equity_ext2026.parquet#9ea6f9529dcb39bcebda934a89940e2dd5ce6784cecf9bc5c1ff5b48a04f2d75,1,0.03125570,2020
monthly_returns.reader.v1,factor_pit_ext2026,adjusted_total_return_equity,2019-01-03..2026-06-30,2020-02-03,2020-02-28,19,12,BIL@provisional_market_total_return_fx_2026-06-30_v1,legacy_mixed_local_quotes,factor_run:factor_ext2026_2019-01-01_2026-06-30_v1/factor_equity_ext2026.parquet#9ea6f9529dcb39bcebda934a89940e2dd5ce6784cecf9bc5c1ff5b48a04f2d75,2,-0.01812387,2020
monthly_returns.reader.v1,factor_pit_ext2026,adjusted_total_return_equity,2019-01-03..2026-06-30,2020-03-02,2020-03-31,22,12,BIL@provisional_market_total_return_fx_2026-06-30_v1,legacy_mixed_local_quotes,factor_run:factor_ext2026_2019-01-01_2026-06-30_v1/factor_equity_ext2026.parquet#9ea6f9529dcb39bcebda934a89940e2dd5ce6784cecf9bc5c1ff5b48a04f2d75,3,-0.01677837,2020
monthly_returns.reader.v1,factor_pit_ext2026,adjusted_total_return_equity,2019-01-03..2026-06-30,2020-04-01,2020-04-30,20,12,BIL@provisional_market_total_return_fx_2026-06-30_v1,legacy_mixed_local_quotes,factor_run:factor_ext2026_2019-01-01_2026-06-30_v1/factor_equity_ext2026.parquet#9ea6f9529dcb39bcebda934a89940e2dd5ce6784cecf9bc5c1ff5b48a04f2d75,4,0.06214803,2020
monthly_returns.reader.v1,factor_pit_ext2026,adjusted_total_return_equity,2019-01-03..2026-06-30,2020-05-01,2020-05-29,19,12,BIL@provisional_market_total_return_fx_2026-06-30_v1,legacy_mixed_local_quotes,factor_run:factor_ext2026_2019-01-01_2026-06-30_v1/factor_equity_ext2026.parquet#9ea6f9529dcb39bcebda934a89940e2dd5ce6784cecf9bc5c1ff5b48a04f2d75,5,0.02397681,2020
monthly_returns.reader.v1,factor_pit_ext2026,adjusted_total_return_equity,2019-01-03..2026-06-30,2020-06-01,2020-06-30,22,12,BIL@provisional_market_total_return_fx_2026-06-30_v1,legacy_mixed_local_quotes,factor_run:factor_ext2026_2019-01-01_2026-06-30_v1/factor_equity_ext2026.parquet#9ea6f9529dcb39bcebda934a89940e2dd5ce6784cecf9bc5c1ff5b48a04f2d75,6,0.01839730,2020
monthly_returns.reader.v1,factor_pit_ext2026,adjusted_total_return_equity,2019-01-03..2026-06-30,2020-07-01,2020-07-31,22,12,BIL@provisional_market_total_return_fx_2026-06-30_v1,legacy_mixed_local_quotes,factor_run:factor_ext2026_2019-01-01_2026-06-30_v1/factor_equity_ext2026.parquet#9ea6f9529dcb39bcebda934a89940e2dd5ce6784cecf9bc5c1ff5b48a04f2d75,7,0.03983782,2020
monthly_returns.reader.v1,factor_pit_ext2026,adjusted_total_return_equity,2019-01-03..2026-06-30,2020-08-03,2020-08-28,20,12,BIL@provisional_market_total_return_fx_2026-06-30_v1,legacy_mixed_local_quotes,factor_run:factor_ext2026_2019-01-01_2026-06-30_v1/factor_equity_ext2026.parquet#9ea6f9529dcb39bcebda934a89940e2dd5ce6784cecf9bc5c1ff5b48a04f2d75,8,0.01260087,2020
monthly_returns.reader.v1,factor_pit_ext2026,adjusted_total_return_equity,2019-01-03..2026-06-30,2020-09-01,2020-09-30,21,12,BIL@provisional_market_total_return_fx_2026-06-30_v1,legacy_mixed_local_quotes,factor_run:factor_ext2026_2019-01-01_2026-06-30_v1/factor_equity_ext2026.parquet#9ea6f9529dcb39bcebda934a89940e2dd5ce6784cecf9bc5c1ff5b48a04f2d75,9,-0.01663352,2020
monthly_returns.reader.v1,factor_pit_ext2026,adjusted_total_return_equity,2019-01-03..2026-06-30,2020-10-01,2020-10-30,22,12,BIL@provisional_market_total_return_fx_2026-06-30_v1,legacy_mixed_local_quotes,factor_run:factor_ext2026_2019-01-01_2026-06-30_v1/factor_equity_ext2026.parquet#9ea6f9529dcb39bcebda934a89940e2dd5ce6784cecf9bc5c1ff5b48a04f2d75,10,-0.01399958,2020
monthly_returns.reader.v1,factor_pit_ext2026,adjusted_total_return_equity,2019-01-03..2026-06-30,2020-11-02,2020-11-30,20,12,BIL@provisional_market_total_return_fx_2026-06-30_v1,legacy_mixed_local_quotes,factor_run:factor_ext2026_2019-01-01_2026-06-30_v1/factor_equity_ext2026.parquet#9ea6f9529dcb39bcebda934a89940e2dd5ce6784cecf9bc5c1ff5b48a04f2d75,11,0.01313930,2020
monthly_returns.reader.v1,factor_pit_ext2026,adjusted_total_return_equity,2019-01-03..2026-06-30,2020-12-01,2020-12-31,21,12,BIL@provisional_market_total_return_fx_2026-06-30_v1,legacy_mixed_local_quotes,factor_run:factor_ext2026_2019-01-01_2026-06-30_v1/factor_equity_ext2026.parquet#9ea6f9529dcb39bcebda934a89940e2dd5ce6784cecf9bc5c1ff5b48a04f2d75,12,0.03059939,2020
monthly_returns.reader.v1,factor_pit_ext2026,adjusted_total_return_equity,2019-01-03..2026-06-30,2021-01-04,2021-01-29,19,12,BIL@provisional_market_total_return_fx_2026-06-30_v1,legacy_mixed_local_quotes,factor_run:factor_ext2026_2019-01-01_2026-06-30_v1/factor_equity_ext2026.parquet#9ea6f9529dcb39bcebda934a89940e2dd5ce6784cecf9bc5c1ff5b48a04f2d75,1,-0.01492251,2021
monthly_returns.reader.v1,factor_pit_ext2026,adjusted_total_return_equity,2019-01-03..2026-06-30,2021-02-01,2021-02-26,19,12,BIL@provisional_market_total_return_fx_2026-06-30_v1,legacy_mixed_local_quotes,factor_run:factor_ext2026_2019-01-01_2026-06-30_v1/factor_equity_ext2026.parquet#9ea6f9529dcb39bcebda934a89940e2dd5ce6784cecf9bc5c1ff5b48a04f2d75,2,-0.01630305,2021
monthly_returns.reader.v1,factor_pit_ext2026,adjusted_total_return_equity,2019-01-03..2026-06-30,2021-03-01,2021-03-31,23,12,BIL@provisional_market_total_return_fx_2026-06-30_v1,legacy_mixed_local_quotes,factor_run:factor_ext2026_2019-01-01_2026-06-30_v1/factor_equity_ext2026.parquet#9ea6f9529dcb39bcebda934a89940e2dd5ce6784cecf9bc5c1ff5b48a04f2d75,3,0.00455357,2021
monthly_returns.reader.v1,factor_pit_ext2026,adjusted_total_return_equity,2019-01-03..2026-06-30,2021-04-01,2021-04-30,20,12,BIL@provisional_market_total_return_fx_2026-06-30_v1,legacy_mixed_local_quotes,factor_run:factor_ext2026_2019-01-01_2026-06-30_v1/factor_equity_ext2026.parquet#9ea6f9529dcb39bcebda934a89940e2dd5ce6784cecf9bc5c1ff5b48a04f2d75,4,0.02755358,2021
monthly_returns.reader.v1,factor_pit_ext2026,adjusted_total_return_equity,2019-01-03..2026-06-30,2021-05-04,2021-05-28,19,12,BIL@provisional_market_total_return_fx_2026-06-30_v1,legacy_mixed_local_quotes,factor_run:factor_ext2026_2019-01-01_2026-06-30_v1/factor_equity_ext2026.parquet#9ea6f9529dcb39bcebda934a89940e2dd5ce6784cecf9bc5c1ff5b48a04f2d75,5,0.02559249,2021
monthly_returns.reader.v1,factor_pit_ext2026,adjusted_total_return_equity,2019-01-03..2026-06-30,2021-06-01,2021-06-30,22,12,BIL@provisional_market_total_return_fx_2026-06-30_v1,legacy_mixed_local_quotes,factor_run:factor_ext2026_2019-01-01_2026-06-30_v1/factor_equity_ext2026.parquet#9ea6f9529dcb39bcebda934a89940e2dd5ce6784cecf9bc5c1ff5b48a04f2d75,6,-0.01063563,2021
monthly_returns.reader.v1,factor_pit_ext2026,adjusted_total_return_equity,2019-01-03..2026-06-30,2021-07-01,2021-07-30,21,12,BIL@provisional_market_total_return_fx_2026-06-30_v1,legacy_mixed_local_quotes,factor_run:factor_ext2026_2019-01-01_2026-06-30_v1/factor_equity_ext2026.parquet#9ea6f9529dcb39bcebda934a89940e2dd5ce6784cecf9bc5c1ff5b48a04f2d75,7,0.01258496,2021
monthly_returns.reader.v1,factor_pit_ext2026,adjusted_total_return_equity,2019-01-03..2026-06-30,2021-08-02,2021-08-31,21,12,BIL@provisional_market_total_return_fx_2026-06-30_v1,legacy_mixed_local_quotes,factor_run:factor_ext2026_2019-01-01_2026-06-30_v1/factor_equity_ext2026.parquet#9ea6f9529dcb39bcebda934a89940e2dd5ce6784cecf9bc5c1ff5b48a04f2d75,8,0.01105619,2021
monthly_returns.reader.v1,factor_pit_ext2026,adjusted_total_return_equity,2019-01-03..2026-06-30,2021-09-01,2021-09-30,21,12,BIL@provisional_market_total_return_fx_2026-06-30_v1,legacy_mixed_local_quotes,factor_run:factor_ext2026_2019-01-01_2026-06-30_v1/factor_equity_ext2026.parquet#9ea6f9529dcb39bcebda934a89940e2dd5ce6784cecf9bc5c1ff5b48a04f2d75,9,-0.03016050,2021
monthly_returns.reader.v1,factor_pit_ext2026,adjusted_total_return_equity,2019-01-03..2026-06-30,2021-10-01,2021-10-29,21,12,BIL@provisional_market_total_return_fx_2026-06-30_v1,legacy_mixed_local_quotes,factor_run:factor_ext2026_2019-01-01_2026-06-30_v1/factor_equity_ext2026.parquet#9ea6f9529dcb39bcebda934a89940e2dd5ce6784cecf9bc5c1ff5b48a04f2d75,10,0.01858647,2021
monthly_returns.reader.v1,factor_pit_ext2026,adjusted_total_return_equity,2019-01-03..2026-06-30,2021-11-01,2021-11-30,21,12,BIL@provisional_market_total_return_fx_2026-06-30_v1,legacy_mixed_local_quotes,factor_run:factor_ext2026_2019-01-01_2026-06-30_v1/factor_equity_ext2026.parquet#9ea6f9529dcb39bcebda934a89940e2dd5ce6784cecf9bc5c1ff5b48a04f2d75,11,0.00408537,2021
monthly_returns.reader.v1,factor_pit_ext2026,adjusted_total_return_equity,2019-01-03..2026-06-30,2021-12-01,2021-12-31,20,12,BIL@provisional_market_total_return_fx_2026-06-30_v1,legacy_mixed_local_quotes,factor_run:factor_ext2026_2019-01-01_2026-06-30_v1/factor_equity_ext2026.parquet#9ea6f9529dcb39bcebda934a89940e2dd5ce6784cecf9bc5c1ff5b48a04f2d75,12,0.01577645,2021
monthly_returns.reader.v1,factor_pit_ext2026,adjusted_total_return_equity,2019-01-03..2026-06-30,2022-01-04,2022-01-31,19,12,BIL@provisional_market_total_return_fx_2026-06-30_v1,legacy_mixed_local_quotes,factor_run:factor_ext2026_2019-01-01_2026-06-30_v1/factor_equity_ext2026.parquet#9ea6f9529dcb39bcebda934a89940e2dd5ce6784cecf9bc5c1ff5b48a04f2d75,1,-0.01960827,2022
monthly_returns.reader.v1,factor_pit_ext2026,adjusted_total_return_equity,2019-01-03..2026-06-30,2022-02-01,2022-02-28,19,12,BIL@provisional_market_total_return_fx_2026-06-30_v1,legacy_mixed_local_quotes,factor_run:factor_ext2026_2019-01-01_2026-06-30_v1/factor_equity_ext2026.parquet#9ea6f9529dcb39bcebda934a89940e2dd5ce6784cecf9bc5c1ff5b48a04f2d75,2,0.01986379,2022
monthly_returns.reader.v1,factor_pit_ext2026,adjusted_total_return_equity,2019-01-03..2026-06-30,2022-03-01,2022-03-31,23,12,BIL@provisional_market_total_return_fx_2026-06-30_v1,legacy_mixed_local_quotes,factor_run:factor_ext2026_2019-01-01_2026-06-30_v1/factor_equity_ext2026.parquet#9ea6f9529dcb39bcebda934a89940e2dd5ce6784cecf9bc5c1ff5b48a04f2d75,3,0.01985849,2022
monthly_returns.reader.v1,factor_pit_ext2026,adjusted_total_return_equity,2019-01-03..2026-06-30,2022-04-01,2022-04-29,19,12,BIL@provisional_market_total_return_fx_2026-06-30_v1,legacy_mixed_local_quotes,factor_run:factor_ext2026_2019-01-01_2026-06-30_v1/factor_equity_ext2026.parquet#9ea6f9529dcb39bcebda934a89940e2dd5ce6784cecf9bc5c1ff5b48a04f2d75,4,-0.02290974,2022
monthly_returns.reader.v1,factor_pit_ext2026,adjusted_total_return_equity,2019-01-03..2026-06-30,2022-05-03,2022-05-31,20,12,BIL@provisional_market_total_return_fx_2026-06-30_v1,legacy_mixed_local_quotes,factor_run:factor_ext2026_2019-01-01_2026-06-30_v1/factor_equity_ext2026.parquet#9ea6f9529dcb39bcebda934a89940e2dd5ce6784cecf9bc5c1ff5b48a04f2d75,5,-0.01626514,2022
monthly_returns.reader.v1,factor_pit_ext2026,adjusted_total_return_equity,2019-01-03..2026-06-30,2022-06-01,2022-06-30,19,12,BIL@provisional_market_total_return_fx_2026-06-30_v1,legacy_mixed_local_quotes,factor_run:factor_ext2026_2019-01-01_2026-06-30_v1/factor_equity_ext2026.parquet#9ea6f9529dcb39bcebda934a89940e2dd5ce6784cecf9bc5c1ff5b48a04f2d75,6,-0.03380704,2022
monthly_returns.reader.v1,factor_pit_ext2026,adjusted_total_return_equity,2019-01-03..2026-06-30,2022-07-01,2022-07-29,20,12,BIL@provisional_market_total_return_fx_2026-06-30_v1,legacy_mixed_local_quotes,factor_run:factor_ext2026_2019-01-01_2026-06-30_v1/factor_equity_ext2026.parquet#9ea6f9529dcb39bcebda934a89940e2dd5ce6784cecf9bc5c1ff5b48a04f2d75,7,0.00808261,2022
monthly_returns.reader.v1,factor_pit_ext2026,adjusted_total_return_equity,2019-01-03..2026-06-30,2022-08-01,2022-08-31,22,12,BIL@provisional_market_total_return_fx_2026-06-30_v1,legacy_mixed_local_quotes,factor_run:factor_ext2026_2019-01-01_2026-06-30_v1/factor_equity_ext2026.parquet#9ea6f9529dcb39bcebda934a89940e2dd5ce6784cecf9bc5c1ff5b48a04f2d75,8,-0.01023686,2022
monthly_returns.reader.v1,factor_pit_ext2026,adjusted_total_return_equity,2019-01-03..2026-06-30,2022-09-01,2022-09-30,20,12,BIL@provisional_market_total_return_fx_2026-06-30_v1,legacy_mixed_local_quotes,factor_run:factor_ext2026_2019-01-01_2026-06-30_v1/factor_equity_ext2026.parquet#9ea6f9529dcb39bcebda934a89940e2dd5ce6784cecf9bc5c1ff5b48a04f2d75,9,-0.02416099,2022
monthly_returns.reader.v1,factor_pit_ext2026,adjusted_total_return_equity,2019-01-03..2026-06-30,2022-10-03,2022-10-31,21,12,BIL@provisional_market_total_return_fx_2026-06-30_v1,legacy_mixed_local_quotes,factor_run:factor_ext2026_2019-01-01_2026-06-30_v1/factor_equity_ext2026.parquet#9ea6f9529dcb39bcebda934a89940e2dd5ce6784cecf9bc5c1ff5b48a04f2d75,10,-0.00733942,2022
monthly_returns.reader.v1,factor_pit_ext2026,adjusted_total_return_equity,2019-01-03..2026-06-30,2022-11-01,2022-11-30,21,12,BIL@provisional_market_total_return_fx_2026-06-30_v1,legacy_mixed_local_quotes,factor_run:factor_ext2026_2019-01-01_2026-06-30_v1/factor_equity_ext2026.parquet#9ea6f9529dcb39bcebda934a89940e2dd5ce6784cecf9bc5c1ff5b48a04f2d75,11,0.04715049,2022
monthly_returns.reader.v1,factor_pit_ext2026,adjusted_total_return_equity,2019-01-03..2026-06-30,2022-12-01,2022-12-30,20,12,BIL@provisional_market_total_return_fx_2026-06-30_v1,legacy_mixed_local_quotes,factor_run:factor_ext2026_2019-01-01_2026-06-30_v1/factor_equity_ext2026.parquet#9ea6f9529dcb39bcebda934a89940e2dd5ce6784cecf9bc5c1ff5b48a04f2d75,12,0.00331485,2022
monthly_returns.reader.v1,factor_pit_ext2026,adjusted_total_return_equity,2019-01-03..2026-06-30,2023-01-03,2023-01-31,20,12,BIL@provisional_market_total_return_fx_2026-06-30_v1,legacy_mixed_local_quotes,factor_run:factor_ext2026_2019-01-01_2026-06-30_v1/factor_equity_ext2026.parquet#9ea6f9529dcb39bcebda934a89940e2dd5ce6784cecf9bc5c1ff5b48a04f2d75,1,0.04882524,2023
monthly_returns.reader.v1,factor_pit_ext2026,adjusted_total_return_equity,2019-01-03..2026-06-30,2023-02-01,2023-02-28,19,12,BIL@provisional_market_total_return_fx_2026-06-30_v1,legacy_mixed_local_quotes,factor_run:factor_ext2026_2019-01-01_2026-06-30_v1/factor_equity_ext2026.parquet#9ea6f9529dcb39bcebda934a89940e2dd5ce6784cecf9bc5c1ff5b48a04f2d75,2,-0.03081171,2023
monthly_returns.reader.v1,factor_pit_ext2026,adjusted_total_return_equity,2019-01-03..2026-06-30,2023-03-01,2023-03-31,23,12,BIL@provisional_market_total_return_fx_2026-06-30_v1,legacy_mixed_local_quotes,factor_run:factor_ext2026_2019-01-01_2026-06-30_v1/factor_equity_ext2026.parquet#9ea6f9529dcb39bcebda934a89940e2dd5ce6784cecf9bc5c1ff5b48a04f2d75,3,0.03572237,2023
monthly_returns.reader.v1,factor_pit_ext2026,adjusted_total_return_equity,2019-01-03..2026-06-30,2023-04-03,2023-04-28,18,12,BIL@provisional_market_total_return_fx_2026-06-30_v1,legacy_mixed_local_quotes,factor_run:factor_ext2026_2019-01-01_2026-06-30_v1/factor_equity_ext2026.parquet#9ea6f9529dcb39bcebda934a89940e2dd5ce6784cecf9bc5c1ff5b48a04f2d75,4,0.00357690,2023
monthly_returns.reader.v1,factor_pit_ext2026,adjusted_total_return_equity,2019-01-03..2026-06-30,2023-05-02,2023-05-31,20,12,BIL@provisional_market_total_return_fx_2026-06-30_v1,legacy_mixed_local_quotes,factor_run:factor_ext2026_2019-01-01_2026-06-30_v1/factor_equity_ext2026.parquet#9ea6f9529dcb39bcebda934a89940e2dd5ce6784cecf9bc5c1ff5b48a04f2d75,5,0.00583931,2023
monthly_returns.reader.v1,factor_pit_ext2026,adjusted_total_return_equity,2019-01-03..2026-06-30,2023-06-01,2023-06-30,21,12,BIL@provisional_market_total_return_fx_2026-06-30_v1,legacy_mixed_local_quotes,factor_run:factor_ext2026_2019-01-01_2026-06-30_v1/factor_equity_ext2026.parquet#9ea6f9529dcb39bcebda934a89940e2dd5ce6784cecf9bc5c1ff5b48a04f2d75,6,-0.00142426,2023
monthly_returns.reader.v1,factor_pit_ext2026,adjusted_total_return_equity,2019-01-03..2026-06-30,2023-07-03,2023-07-31,20,12,BIL@provisional_market_total_return_fx_2026-06-30_v1,legacy_mixed_local_quotes,factor_run:factor_ext2026_2019-01-01_2026-06-30_v1/factor_equity_ext2026.parquet#9ea6f9529dcb39bcebda934a89940e2dd5ce6784cecf9bc5c1ff5b48a04f2d75,7,0.01675544,2023
monthly_returns.reader.v1,factor_pit_ext2026,adjusted_total_return_equity,2019-01-03..2026-06-30,2023-08-01,2023-08-31,22,12,BIL@provisional_market_total_return_fx_2026-06-30_v1,legacy_mixed_local_quotes,factor_run:factor_ext2026_2019-01-01_2026-06-30_v1/factor_equity_ext2026.parquet#9ea6f9529dcb39bcebda934a89940e2dd5ce6784cecf9bc5c1ff5b48a04f2d75,8,-0.00569738,2023
monthly_returns.reader.v1,factor_pit_ext2026,adjusted_total_return_equity,2019-01-03..2026-06-30,2023-09-01,2023-09-29,20,12,BIL@provisional_market_total_return_fx_2026-06-30_v1,legacy_mixed_local_quotes,factor_run:factor_ext2026_2019-01-01_2026-06-30_v1/factor_equity_ext2026.parquet#9ea6f9529dcb39bcebda934a89940e2dd5ce6784cecf9bc5c1ff5b48a04f2d75,9,-0.01755247,2023
monthly_returns.reader.v1,factor_pit_ext2026,adjusted_total_return_equity,2019-01-03..2026-06-30,2023-10-02,2023-10-31,22,12,BIL@provisional_market_total_return_fx_2026-06-30_v1,legacy_mixed_local_quotes,factor_run:factor_ext2026_2019-01-01_2026-06-30_v1/factor_equity_ext2026.parquet#9ea6f9529dcb39bcebda934a89940e2dd5ce6784cecf9bc5c1ff5b48a04f2d75,10,0.01517203,2023
monthly_returns.reader.v1,factor_pit_ext2026,adjusted_total_return_equity,2019-01-03..2026-06-30,2023-11-01,2023-11-30,21,12,BIL@provisional_market_total_return_fx_2026-06-30_v1,legacy_mixed_local_quotes,factor_run:factor_ext2026_2019-01-01_2026-06-30_v1/factor_equity_ext2026.parquet#9ea6f9529dcb39bcebda934a89940e2dd5ce6784cecf9bc5c1ff5b48a04f2d75,11,0.02836595,2023
monthly_returns.reader.v1,factor_pit_ext2026,adjusted_total_return_equity,2019-01-03..2026-06-30,2023-12-01,2023-12-29,19,12,BIL@provisional_market_total_return_fx_2026-06-30_v1,legacy_mixed_local_quotes,factor_run:factor_ext2026_2019-01-01_2026-06-30_v1/factor_equity_ext2026.parquet#9ea6f9529dcb39bcebda934a89940e2dd5ce6784cecf9bc5c1ff5b48a04f2d75,12,0.01610135,2023
monthly_returns.reader.v1,factor_pit_ext2026,adjusted_total_return_equity,2019-01-03..2026-06-30,2024-01-02,2024-01-31,21,12,BIL@provisional_market_total_return_fx_2026-06-30_v1,legacy_mixed_local_quotes,factor_run:factor_ext2026_2019-01-01_2026-06-30_v1/factor_equity_ext2026.parquet#9ea6f9529dcb39bcebda934a89940e2dd5ce6784cecf9bc5c1ff5b48a04f2d75,1,0.00218137,2024
monthly_returns.reader.v1,factor_pit_ext2026,adjusted_total_return_equity,2019-01-03..2026-06-30,2024-02-01,2024-02-29,20,12,BIL@provisional_market_total_return_fx_2026-06-30_v1,legacy_mixed_local_quotes,factor_run:factor_ext2026_2019-01-01_2026-06-30_v1/factor_equity_ext2026.parquet#9ea6f9529dcb39bcebda934a89940e2dd5ce6784cecf9bc5c1ff5b48a04f2d75,2,0.01567915,2024
monthly_returns.reader.v1,factor_pit_ext2026,adjusted_total_return_equity,2019-01-03..2026-06-30,2024-03-01,2024-03-28,20,12,BIL@provisional_market_total_return_fx_2026-06-30_v1,legacy_mixed_local_quotes,factor_run:factor_ext2026_2019-01-01_2026-06-30_v1/factor_equity_ext2026.parquet#9ea6f9529dcb39bcebda934a89940e2dd5ce6784cecf9bc5c1ff5b48a04f2d75,3,0.04339663,2024
monthly_returns.reader.v1,factor_pit_ext2026,adjusted_total_return_equity,2019-01-03..2026-06-30,2024-04-02,2024-04-30,21,12,BIL@provisional_market_total_return_fx_2026-06-30_v1,legacy_mixed_local_quotes,factor_run:factor_ext2026_2019-01-01_2026-06-30_v1/factor_equity_ext2026.parquet#9ea6f9529dcb39bcebda934a89940e2dd5ce6784cecf9bc5c1ff5b48a04f2d75,4,0.00143877,2024
monthly_returns.reader.v1,factor_pit_ext2026,adjusted_total_return_equity,2019-01-03..2026-06-30,2024-05-01,2024-05-31,21,12,BIL@provisional_market_total_return_fx_2026-06-30_v1,legacy_mixed_local_quotes,factor_run:factor_ext2026_2019-01-01_2026-06-30_v1/factor_equity_ext2026.parquet#9ea6f9529dcb39bcebda934a89940e2dd5ce6784cecf9bc5c1ff5b48a04f2d75,5,0.01583251,2024
monthly_returns.reader.v1,factor_pit_ext2026,adjusted_total_return_equity,2019-01-03..2026-06-30,2024-06-03,2024-06-28,19,12,BIL@provisional_market_total_return_fx_2026-06-30_v1,legacy_mixed_local_quotes,factor_run:factor_ext2026_2019-01-01_2026-06-30_v1/factor_equity_ext2026.parquet#9ea6f9529dcb39bcebda934a89940e2dd5ce6784cecf9bc5c1ff5b48a04f2d75,6,0.02282755,2024
monthly_returns.reader.v1,factor_pit_ext2026,adjusted_total_return_equity,2019-01-03..2026-06-30,2024-07-01,2024-07-31,22,12,BIL@provisional_market_total_return_fx_2026-06-30_v1,legacy_mixed_local_quotes,factor_run:factor_ext2026_2019-01-01_2026-06-30_v1/factor_equity_ext2026.parquet#9ea6f9529dcb39bcebda934a89940e2dd5ce6784cecf9bc5c1ff5b48a04f2d75,7,0.01496549,2024
monthly_returns.reader.v1,factor_pit_ext2026,adjusted_total_return_equity,2019-01-03..2026-06-30,2024-08-01,2024-08-30,21,12,BIL@provisional_market_total_return_fx_2026-06-30_v1,legacy_mixed_local_quotes,factor_run:factor_ext2026_2019-01-01_2026-06-30_v1/factor_equity_ext2026.parquet#9ea6f9529dcb39bcebda934a89940e2dd5ce6784cecf9bc5c1ff5b48a04f2d75,8,0.00533413,2024
monthly_returns.reader.v1,factor_pit_ext2026,adjusted_total_return_equity,2019-01-03..2026-06-30,2024-09-03,2024-09-30,20,12,BIL@provisional_market_total_return_fx_2026-06-30_v1,legacy_mixed_local_quotes,factor_run:factor_ext2026_2019-01-01_2026-06-30_v1/factor_equity_ext2026.parquet#9ea6f9529dcb39bcebda934a89940e2dd5ce6784cecf9bc5c1ff5b48a04f2d75,9,0.01777175,2024
monthly_returns.reader.v1,factor_pit_ext2026,adjusted_total_return_equity,2019-01-03..2026-06-30,2024-10-01,2024-10-31,23,12,BIL@provisional_market_total_return_fx_2026-06-30_v1,legacy_mixed_local_quotes,factor_run:factor_ext2026_2019-01-01_2026-06-30_v1/factor_equity_ext2026.parquet#9ea6f9529dcb39bcebda934a89940e2dd5ce6784cecf9bc5c1ff5b48a04f2d75,10,0.02010704,2024
monthly_returns.reader.v1,factor_pit_ext2026,adjusted_total_return_equity,2019-01-03..2026-06-30,2024-11-01,2024-11-29,20,12,BIL@provisional_market_total_return_fx_2026-06-30_v1,legacy_mixed_local_quotes,factor_run:factor_ext2026_2019-01-01_2026-06-30_v1/factor_equity_ext2026.parquet#9ea6f9529dcb39bcebda934a89940e2dd5ce6784cecf9bc5c1ff5b48a04f2d75,11,0.00549788,2024
monthly_returns.reader.v1,factor_pit_ext2026,adjusted_total_return_equity,2019-01-03..2026-06-30,2024-12-02,2024-12-31,20,12,BIL@provisional_market_total_return_fx_2026-06-30_v1,legacy_mixed_local_quotes,factor_run:factor_ext2026_2019-01-01_2026-06-30_v1/factor_equity_ext2026.parquet#9ea6f9529dcb39bcebda934a89940e2dd5ce6784cecf9bc5c1ff5b48a04f2d75,12,-0.00476610,2024
monthly_returns.reader.v1,factor_pit_ext2026,adjusted_total_return_equity,2019-01-03..2026-06-30,2025-01-02,2025-01-31,20,12,BIL@provisional_market_total_return_fx_2026-06-30_v1,legacy_mixed_local_quotes,factor_run:factor_ext2026_2019-01-01_2026-06-30_v1/factor_equity_ext2026.parquet#9ea6f9529dcb39bcebda934a89940e2dd5ce6784cecf9bc5c1ff5b48a04f2d75,1,0.02629712,2025
monthly_returns.reader.v1,factor_pit_ext2026,adjusted_total_return_equity,2019-01-03..2026-06-30,2025-02-03,2025-02-28,19,12,BIL@provisional_market_total_return_fx_2026-06-30_v1,legacy_mixed_local_quotes,factor_run:factor_ext2026_2019-01-01_2026-06-30_v1/factor_equity_ext2026.parquet#9ea6f9529dcb39bcebda934a89940e2dd5ce6784cecf9bc5c1ff5b48a04f2d75,2,-0.00713253,2025
monthly_returns.reader.v1,factor_pit_ext2026,adjusted_total_return_equity,2019-01-03..2026-06-30,2025-03-03,2025-03-31,21,12,BIL@provisional_market_total_return_fx_2026-06-30_v1,legacy_mixed_local_quotes,factor_run:factor_ext2026_2019-01-01_2026-06-30_v1/factor_equity_ext2026.parquet#9ea6f9529dcb39bcebda934a89940e2dd5ce6784cecf9bc5c1ff5b48a04f2d75,3,-0.00795441,2025
monthly_returns.reader.v1,factor_pit_ext2026,adjusted_total_return_equity,2019-01-03..2026-06-30,2025-04-01,2025-04-30,20,12,BIL@provisional_market_total_return_fx_2026-06-30_v1,legacy_mixed_local_quotes,factor_run:factor_ext2026_2019-01-01_2026-06-30_v1/factor_equity_ext2026.parquet#9ea6f9529dcb39bcebda934a89940e2dd5ce6784cecf9bc5c1ff5b48a04f2d75,4,0.00505852,2025
monthly_returns.reader.v1,factor_pit_ext2026,adjusted_total_return_equity,2019-01-03..2026-06-30,2025-05-01,2025-05-30,20,12,BIL@provisional_market_total_return_fx_2026-06-30_v1,legacy_mixed_local_quotes,factor_run:factor_ext2026_2019-01-01_2026-06-30_v1/factor_equity_ext2026.parquet#9ea6f9529dcb39bcebda934a89940e2dd5ce6784cecf9bc5c1ff5b48a04f2d75,5,0.02789254,2025
monthly_returns.reader.v1,factor_pit_ext2026,adjusted_total_return_equity,2019-01-03..2026-06-30,2025-06-02,2025-06-30,20,12,BIL@provisional_market_total_return_fx_2026-06-30_v1,legacy_mixed_local_quotes,factor_run:factor_ext2026_2019-01-01_2026-06-30_v1/factor_equity_ext2026.parquet#9ea6f9529dcb39bcebda934a89940e2dd5ce6784cecf9bc5c1ff5b48a04f2d75,6,0.01993551,2025
monthly_returns.reader.v1,factor_pit_ext2026,adjusted_total_return_equity,2019-01-03..2026-06-30,2025-07-01,2025-07-31,22,12,BIL@provisional_market_total_return_fx_2026-06-30_v1,legacy_mixed_local_quotes,factor_run:factor_ext2026_2019-01-01_2026-06-30_v1/factor_equity_ext2026.parquet#9ea6f9529dcb39bcebda934a89940e2dd5ce6784cecf9bc5c1ff5b48a04f2d75,7,0.02669577,2025
monthly_returns.reader.v1,factor_pit_ext2026,adjusted_total_return_equity,2019-01-03..2026-06-30,2025-08-01,2025-08-29,20,12,BIL@provisional_market_total_return_fx_2026-06-30_v1,legacy_mixed_local_quotes,factor_run:factor_ext2026_2019-01-01_2026-06-30_v1/factor_equity_ext2026.parquet#9ea6f9529dcb39bcebda934a89940e2dd5ce6784cecf9bc5c1ff5b48a04f2d75,8,0.01259164,2025
monthly_returns.reader.v1,factor_pit_ext2026,adjusted_total_return_equity,2019-01-03..2026-06-30,2025-09-02,2025-09-30,21,12,BIL@provisional_market_total_return_fx_2026-06-30_v1,legacy_mixed_local_quotes,factor_run:factor_ext2026_2019-01-01_2026-06-30_v1/factor_equity_ext2026.parquet#9ea6f9529dcb39bcebda934a89940e2dd5ce6784cecf9bc5c1ff5b48a04f2d75,9,0.06517123,2025
monthly_returns.reader.v1,factor_pit_ext2026,adjusted_total_return_equity,2019-01-03..2026-06-30,2025-10-01,2025-10-31,23,12,BIL@provisional_market_total_return_fx_2026-06-30_v1,legacy_mixed_local_quotes,factor_run:factor_ext2026_2019-01-01_2026-06-30_v1/factor_equity_ext2026.parquet#9ea6f9529dcb39bcebda934a89940e2dd5ce6784cecf9bc5c1ff5b48a04f2d75,10,0.03082343,2025
monthly_returns.reader.v1,factor_pit_ext2026,adjusted_total_return_equity,2019-01-03..2026-06-30,2025-11-03,2025-11-28,19,12,BIL@provisional_market_total_return_fx_2026-06-30_v1,legacy_mixed_local_quotes,factor_run:factor_ext2026_2019-01-01_2026-06-30_v1/factor_equity_ext2026.parquet#9ea6f9529dcb39bcebda934a89940e2dd5ce6784cecf9bc5c1ff5b48a04f2d75,11,0.00496588,2025
monthly_returns.reader.v1,factor_pit_ext2026,adjusted_total_return_equity,2019-01-03..2026-06-30,2025-12-01,2025-12-31,21,12,BIL@provisional_market_total_return_fx_2026-06-30_v1,legacy_mixed_local_quotes,factor_run:factor_ext2026_2019-01-01_2026-06-30_v1/factor_equity_ext2026.parquet#9ea6f9529dcb39bcebda934a89940e2dd5ce6784cecf9bc5c1ff5b48a04f2d75,12,0.00833297,2025
monthly_returns.reader.v1,factor_pit_ext2026,adjusted_total_return_equity,2019-01-03..2026-06-30,2026-01-02,2026-01-30,20,12,BIL@provisional_market_total_return_fx_2026-06-30_v1,legacy_mixed_local_quotes,factor_run:factor_ext2026_2019-01-01_2026-06-30_v1/factor_equity_ext2026.parquet#9ea6f9529dcb39bcebda934a89940e2dd5ce6784cecf9bc5c1ff5b48a04f2d75,1,0.03295388,2026
monthly_returns.reader.v1,factor_pit_ext2026,adjusted_total_return_equity,2019-01-03..2026-06-30,2026-02-02,2026-02-27,19,12,BIL@provisional_market_total_return_fx_2026-06-30_v1,legacy_mixed_local_quotes,factor_run:factor_ext2026_2019-01-01_2026-06-30_v1/factor_equity_ext2026.parquet#9ea6f9529dcb39bcebda934a89940e2dd5ce6784cecf9bc5c1ff5b48a04f2d75,2,0.01263976,2026
monthly_returns.reader.v1,factor_pit_ext2026,adjusted_total_return_equity,2019-01-03..2026-06-30,2026-03-02,2026-03-31,21,12,BIL@provisional_market_total_return_fx_2026-06-30_v1,legacy_mixed_local_quotes,factor_run:factor_ext2026_2019-01-01_2026-06-30_v1/factor_equity_ext2026.parquet#9ea6f9529dcb39bcebda934a89940e2dd5ce6784cecf9bc5c1ff5b48a04f2d75,3,-0.04759632,2026
monthly_returns.reader.v1,factor_pit_ext2026,adjusted_total_return_equity,2019-01-03..2026-06-30,2026-04-01,2026-04-30,20,12,BIL@provisional_market_total_return_fx_2026-06-30_v1,legacy_mixed_local_quotes,factor_run:factor_ext2026_2019-01-01_2026-06-30_v1/factor_equity_ext2026.parquet#9ea6f9529dcb39bcebda934a89940e2dd5ce6784cecf9bc5c1ff5b48a04f2d75,4,0.04478947,2026
monthly_returns.reader.v1,factor_pit_ext2026,adjusted_total_return_equity,2019-01-03..2026-06-30,2026-05-01,2026-05-29,19,12,BIL@provisional_market_total_return_fx_2026-06-30_v1,legacy_mixed_local_quotes,factor_run:factor_ext2026_2019-01-01_2026-06-30_v1/factor_equity_ext2026.parquet#9ea6f9529dcb39bcebda934a89940e2dd5ce6784cecf9bc5c1ff5b48a04f2d75,5,0.07712766,2026
monthly_returns.reader.v1,factor_pit_ext2026,adjusted_total_return_equity,2019-01-03..2026-06-30,2026-06-01,2026-06-30,21,12,BIL@provisional_market_total_return_fx_2026-06-30_v1,legacy_mixed_local_quotes,factor_run:factor_ext2026_2019-01-01_2026-06-30_v1/factor_equity_ext2026.parquet#9ea6f9529dcb39bcebda934a89940e2dd5ce6784cecf9bc5c1ff5b48a04f2d75,6,-0.02036742,2026
monthly_returns.reader.v1,factor_nonpit_diagnostic_ext2026,adjusted_total_return_equity,2019-01-03..2026-06-30,2019-01-03,2019-01-31,20,12,BIL@provisional_market_total_return_fx_2026-06-30_v1,legacy_mixed_local_quotes,factor_run:factor_ext2026_2019-01-01_2026-06-30_v1/factor_nonpit_diagnostic_equity_ext2026.parquet#3dfd01169a378b118b67e5989936ae149d136613f638989c39812188a0c7952d,1,0.02836383,2019
monthly_returns.reader.v1,factor_nonpit_diagnostic_ext2026,adjusted_total_return_equity,2019-01-03..2026-06-30,2019-02-01,2019-02-28,19,12,BIL@provisional_market_total_return_fx_2026-06-30_v1,legacy_mixed_local_quotes,factor_run:factor_ext2026_2019-01-01_2026-06-30_v1/factor_nonpit_diagnostic_equity_ext2026.parquet#3dfd01169a378b118b67e5989936ae149d136613f638989c39812188a0c7952d,2,0.00739674,2019
monthly_returns.reader.v1,factor_nonpit_diagnostic_ext2026,adjusted_total_return_equity,2019-01-03..2026-06-30,2019-03-01,2019-03-29,21,12,BIL@provisional_market_total_return_fx_2026-06-30_v1,legacy_mixed_local_quotes,factor_run:factor_ext2026_2019-01-01_2026-06-30_v1/factor_nonpit_diagnostic_equity_ext2026.parquet#3dfd01169a378b118b67e5989936ae149d136613f638989c39812188a0c7952d,3,0.00050694,2019
monthly_returns.reader.v1,factor_nonpit_diagnostic_ext2026,adjusted_total_return_equity,2019-01-03..2026-06-30,2019-04-01,2019-04-30,20,12,BIL@provisional_market_total_return_fx_2026-06-30_v1,legacy_mixed_local_quotes,factor_run:factor_ext2026_2019-01-01_2026-06-30_v1/factor_nonpit_diagnostic_equity_ext2026.parquet#3dfd01169a378b118b67e5989936ae149d136613f638989c39812188a0c7952d,4,0.00694186,2019
monthly_returns.reader.v1,factor_nonpit_diagnostic_ext2026,adjusted_total_return_equity,2019-01-03..2026-06-30,2019-05-01,2019-05-31,21,12,BIL@provisional_market_total_return_fx_2026-06-30_v1,legacy_mixed_local_quotes,factor_run:factor_ext2026_2019-01-01_2026-06-30_v1/factor_nonpit_diagnostic_equity_ext2026.parquet#3dfd01169a378b118b67e5989936ae149d136613f638989c39812188a0c7952d,5,0.00003159,2019
monthly_returns.reader.v1,factor_nonpit_diagnostic_ext2026,adjusted_total_return_equity,2019-01-03..2026-06-30,2019-06-03,2019-06-28,20,12,BIL@provisional_market_total_return_fx_2026-06-30_v1,legacy_mixed_local_quotes,factor_run:factor_ext2026_2019-01-01_2026-06-30_v1/factor_nonpit_diagnostic_equity_ext2026.parquet#3dfd01169a378b118b67e5989936ae149d136613f638989c39812188a0c7952d,6,0.06197801,2019
monthly_returns.reader.v1,factor_nonpit_diagnostic_ext2026,adjusted_total_return_equity,2019-01-03..2026-06-30,2019-07-01,2019-07-31,22,12,BIL@provisional_market_total_return_fx_2026-06-30_v1,legacy_mixed_local_quotes,factor_run:factor_ext2026_2019-01-01_2026-06-30_v1/factor_nonpit_diagnostic_equity_ext2026.parquet#3dfd01169a378b118b67e5989936ae149d136613f638989c39812188a0c7952d,7,0.01134681,2019
monthly_returns.reader.v1,factor_nonpit_diagnostic_ext2026,adjusted_total_return_equity,2019-01-03..2026-06-30,2019-08-01,2019-08-30,21,12,BIL@provisional_market_total_return_fx_2026-06-30_v1,legacy_mixed_local_quotes,factor_run:factor_ext2026_2019-01-01_2026-06-30_v1/factor_nonpit_diagnostic_equity_ext2026.parquet#3dfd01169a378b118b67e5989936ae149d136613f638989c39812188a0c7952d,8,0.02902313,2019
monthly_returns.reader.v1,factor_nonpit_diagnostic_ext2026,adjusted_total_return_equity,2019-01-03..2026-06-30,2019-09-03,2019-09-30,20,12,BIL@provisional_market_total_return_fx_2026-06-30_v1,legacy_mixed_local_quotes,factor_run:factor_ext2026_2019-01-01_2026-06-30_v1/factor_nonpit_diagnostic_equity_ext2026.parquet#3dfd01169a378b118b67e5989936ae149d136613f638989c39812188a0c7952d,9,-0.00907450,2019
monthly_returns.reader.v1,factor_nonpit_diagnostic_ext2026,adjusted_total_return_equity,2019-01-03..2026-06-30,2019-10-01,2019-10-31,23,12,BIL@provisional_market_total_return_fx_2026-06-30_v1,legacy_mixed_local_quotes,factor_run:factor_ext2026_2019-01-01_2026-06-30_v1/factor_nonpit_diagnostic_equity_ext2026.parquet#3dfd01169a378b118b67e5989936ae149d136613f638989c39812188a0c7952d,10,0.01264698,2019
monthly_returns.reader.v1,factor_nonpit_diagnostic_ext2026,adjusted_total_return_equity,2019-01-03..2026-06-30,2019-11-01,2019-11-29,20,12,BIL@provisional_market_total_return_fx_2026-06-30_v1,legacy_mixed_local_quotes,factor_run:factor_ext2026_2019-01-01_2026-06-30_v1/factor_nonpit_diagnostic_equity_ext2026.parquet#3dfd01169a378b118b67e5989936ae149d136613f638989c39812188a0c7952d,11,-0.00291567,2019
monthly_returns.reader.v1,factor_nonpit_diagnostic_ext2026,adjusted_total_return_equity,2019-01-03..2026-06-30,2019-12-02,2019-12-31,20,12,BIL@provisional_market_total_return_fx_2026-06-30_v1,legacy_mixed_local_quotes,factor_run:factor_ext2026_2019-01-01_2026-06-30_v1/factor_nonpit_diagnostic_equity_ext2026.parquet#3dfd01169a378b118b67e5989936ae149d136613f638989c39812188a0c7952d,12,0.02280598,2019
monthly_returns.reader.v1,factor_nonpit_diagnostic_ext2026,adjusted_total_return_equity,2019-01-03..2026-06-30,2020-01-02,2020-01-31,21,12,BIL@provisional_market_total_return_fx_2026-06-30_v1,legacy_mixed_local_quotes,factor_run:factor_ext2026_2019-01-01_2026-06-30_v1/factor_nonpit_diagnostic_equity_ext2026.parquet#3dfd01169a378b118b67e5989936ae149d136613f638989c39812188a0c7952d,1,0.02535924,2020
monthly_returns.reader.v1,factor_nonpit_diagnostic_ext2026,adjusted_total_return_equity,2019-01-03..2026-06-30,2020-02-03,2020-02-28,19,12,BIL@provisional_market_total_return_fx_2026-06-30_v1,legacy_mixed_local_quotes,factor_run:factor_ext2026_2019-01-01_2026-06-30_v1/factor_nonpit_diagnostic_equity_ext2026.parquet#3dfd01169a378b118b67e5989936ae149d136613f638989c39812188a0c7952d,2,-0.01562342,2020
monthly_returns.reader.v1,factor_nonpit_diagnostic_ext2026,adjusted_total_return_equity,2019-01-03..2026-06-30,2020-03-02,2020-03-31,22,12,BIL@provisional_market_total_return_fx_2026-06-30_v1,legacy_mixed_local_quotes,factor_run:factor_ext2026_2019-01-01_2026-06-30_v1/factor_nonpit_diagnostic_equity_ext2026.parquet#3dfd01169a378b118b67e5989936ae149d136613f638989c39812188a0c7952d,3,-0.02423517,2020
monthly_returns.reader.v1,factor_nonpit_diagnostic_ext2026,adjusted_total_return_equity,2019-01-03..2026-06-30,2020-04-01,2020-04-30,20,12,BIL@provisional_market_total_return_fx_2026-06-30_v1,legacy_mixed_local_quotes,factor_run:factor_ext2026_2019-01-01_2026-06-30_v1/factor_nonpit_diagnostic_equity_ext2026.parquet#3dfd01169a378b118b67e5989936ae149d136613f638989c39812188a0c7952d,4,0.05081555,2020
monthly_returns.reader.v1,factor_nonpit_diagnostic_ext2026,adjusted_total_return_equity,2019-01-03..2026-06-30,2020-05-01,2020-05-29,19,12,BIL@provisional_market_total_return_fx_2026-06-30_v1,legacy_mixed_local_quotes,factor_run:factor_ext2026_2019-01-01_2026-06-30_v1/factor_nonpit_diagnostic_equity_ext2026.parquet#3dfd01169a378b118b67e5989936ae149d136613f638989c39812188a0c7952d,5,0.04489393,2020
monthly_returns.reader.v1,factor_nonpit_diagnostic_ext2026,adjusted_total_return_equity,2019-01-03..2026-06-30,2020-06-01,2020-06-30,22,12,BIL@provisional_market_total_return_fx_2026-06-30_v1,legacy_mixed_local_quotes,factor_run:factor_ext2026_2019-01-01_2026-06-30_v1/factor_nonpit_diagnostic_equity_ext2026.parquet#3dfd01169a378b118b67e5989936ae149d136613f638989c39812188a0c7952d,6,0.02955881,2020
monthly_returns.reader.v1,factor_nonpit_diagnostic_ext2026,adjusted_total_return_equity,2019-01-03..2026-06-30,2020-07-01,2020-07-31,22,12,BIL@provisional_market_total_return_fx_2026-06-30_v1,legacy_mixed_local_quotes,factor_run:factor_ext2026_2019-01-01_2026-06-30_v1/factor_nonpit_diagnostic_equity_ext2026.parquet#3dfd01169a378b118b67e5989936ae149d136613f638989c39812188a0c7952d,7,0.03778462,2020
monthly_returns.reader.v1,factor_nonpit_diagnostic_ext2026,adjusted_total_return_equity,2019-01-03..2026-06-30,2020-08-03,2020-08-28,20,12,BIL@provisional_market_total_return_fx_2026-06-30_v1,legacy_mixed_local_quotes,factor_run:factor_ext2026_2019-01-01_2026-06-30_v1/factor_nonpit_diagnostic_equity_ext2026.parquet#3dfd01169a378b118b67e5989936ae149d136613f638989c39812188a0c7952d,8,0.02118898,2020
monthly_returns.reader.v1,factor_nonpit_diagnostic_ext2026,adjusted_total_return_equity,2019-01-03..2026-06-30,2020-09-01,2020-09-30,21,12,BIL@provisional_market_total_return_fx_2026-06-30_v1,legacy_mixed_local_quotes,factor_run:factor_ext2026_2019-01-01_2026-06-30_v1/factor_nonpit_diagnostic_equity_ext2026.parquet#3dfd01169a378b118b67e5989936ae149d136613f638989c39812188a0c7952d,9,-0.02058906,2020
monthly_returns.reader.v1,factor_nonpit_diagnostic_ext2026,adjusted_total_return_equity,2019-01-03..2026-06-30,2020-10-01,2020-10-30,22,12,BIL@provisional_market_total_return_fx_2026-06-30_v1,legacy_mixed_local_quotes,factor_run:factor_ext2026_2019-01-01_2026-06-30_v1/factor_nonpit_diagnostic_equity_ext2026.parquet#3dfd01169a378b118b67e5989936ae149d136613f638989c39812188a0c7952d,10,-0.01599866,2020
monthly_returns.reader.v1,factor_nonpit_diagnostic_ext2026,adjusted_total_return_equity,2019-01-03..2026-06-30,2020-11-02,2020-11-30,20,12,BIL@provisional_market_total_return_fx_2026-06-30_v1,legacy_mixed_local_quotes,factor_run:factor_ext2026_2019-01-01_2026-06-30_v1/factor_nonpit_diagnostic_equity_ext2026.parquet#3dfd01169a378b118b67e5989936ae149d136613f638989c39812188a0c7952d,11,0.02825540,2020
monthly_returns.reader.v1,factor_nonpit_diagnostic_ext2026,adjusted_total_return_equity,2019-01-03..2026-06-30,2020-12-01,2020-12-31,21,12,BIL@provisional_market_total_return_fx_2026-06-30_v1,legacy_mixed_local_quotes,factor_run:factor_ext2026_2019-01-01_2026-06-30_v1/factor_nonpit_diagnostic_equity_ext2026.parquet#3dfd01169a378b118b67e5989936ae149d136613f638989c39812188a0c7952d,12,0.04442957,2020
monthly_returns.reader.v1,factor_nonpit_diagnostic_ext2026,adjusted_total_return_equity,2019-01-03..2026-06-30,2021-01-04,2021-01-29,19,12,BIL@provisional_market_total_return_fx_2026-06-30_v1,legacy_mixed_local_quotes,factor_run:factor_ext2026_2019-01-01_2026-06-30_v1/factor_nonpit_diagnostic_equity_ext2026.parquet#3dfd01169a378b118b67e5989936ae149d136613f638989c39812188a0c7952d,1,-0.00728511,2021
monthly_returns.reader.v1,factor_nonpit_diagnostic_ext2026,adjusted_total_return_equity,2019-01-03..2026-06-30,2021-02-01,2021-02-26,19,12,BIL@provisional_market_total_return_fx_2026-06-30_v1,legacy_mixed_local_quotes,factor_run:factor_ext2026_2019-01-01_2026-06-30_v1/factor_nonpit_diagnostic_equity_ext2026.parquet#3dfd01169a378b118b67e5989936ae149d136613f638989c39812188a0c7952d,2,-0.01638729,2021
monthly_returns.reader.v1,factor_nonpit_diagnostic_ext2026,adjusted_total_return_equity,2019-01-03..2026-06-30,2021-03-01,2021-03-31,23,12,BIL@provisional_market_total_return_fx_2026-06-30_v1,legacy_mixed_local_quotes,factor_run:factor_ext2026_2019-01-01_2026-06-30_v1/factor_nonpit_diagnostic_equity_ext2026.parquet#3dfd01169a378b118b67e5989936ae149d136613f638989c39812188a0c7952d,3,0.00429618,2021
monthly_returns.reader.v1,factor_nonpit_diagnostic_ext2026,adjusted_total_return_equity,2019-01-03..2026-06-30,2021-04-01,2021-04-30,20,12,BIL@provisional_market_total_return_fx_2026-06-30_v1,legacy_mixed_local_quotes,factor_run:factor_ext2026_2019-01-01_2026-06-30_v1/factor_nonpit_diagnostic_equity_ext2026.parquet#3dfd01169a378b118b67e5989936ae149d136613f638989c39812188a0c7952d,4,0.02138418,2021
monthly_returns.reader.v1,factor_nonpit_diagnostic_ext2026,adjusted_total_return_equity,2019-01-03..2026-06-30,2021-05-04,2021-05-28,19,12,BIL@provisional_market_total_return_fx_2026-06-30_v1,legacy_mixed_local_quotes,factor_run:factor_ext2026_2019-01-01_2026-06-30_v1/factor_nonpit_diagnostic_equity_ext2026.parquet#3dfd01169a378b118b67e5989936ae149d136613f638989c39812188a0c7952d,5,0.02069486,2021
monthly_returns.reader.v1,factor_nonpit_diagnostic_ext2026,adjusted_total_return_equity,2019-01-03..2026-06-30,2021-06-01,2021-06-30,22,12,BIL@provisional_market_total_return_fx_2026-06-30_v1,legacy_mixed_local_quotes,factor_run:factor_ext2026_2019-01-01_2026-06-30_v1/factor_nonpit_diagnostic_equity_ext2026.parquet#3dfd01169a378b118b67e5989936ae149d136613f638989c39812188a0c7952d,6,-0.01113217,2021
monthly_returns.reader.v1,factor_nonpit_diagnostic_ext2026,adjusted_total_return_equity,2019-01-03..2026-06-30,2021-07-01,2021-07-30,21,12,BIL@provisional_market_total_return_fx_2026-06-30_v1,legacy_mixed_local_quotes,factor_run:factor_ext2026_2019-01-01_2026-06-30_v1/factor_nonpit_diagnostic_equity_ext2026.parquet#3dfd01169a378b118b67e5989936ae149d136613f638989c39812188a0c7952d,7,0.01795743,2021
monthly_returns.reader.v1,factor_nonpit_diagnostic_ext2026,adjusted_total_return_equity,2019-01-03..2026-06-30,2021-08-02,2021-08-31,21,12,BIL@provisional_market_total_return_fx_2026-06-30_v1,legacy_mixed_local_quotes,factor_run:factor_ext2026_2019-01-01_2026-06-30_v1/factor_nonpit_diagnostic_equity_ext2026.parquet#3dfd01169a378b118b67e5989936ae149d136613f638989c39812188a0c7952d,8,0.00988794,2021
monthly_returns.reader.v1,factor_nonpit_diagnostic_ext2026,adjusted_total_return_equity,2019-01-03..2026-06-30,2021-09-01,2021-09-30,21,12,BIL@provisional_market_total_return_fx_2026-06-30_v1,legacy_mixed_local_quotes,factor_run:factor_ext2026_2019-01-01_2026-06-30_v1/factor_nonpit_diagnostic_equity_ext2026.parquet#3dfd01169a378b118b67e5989936ae149d136613f638989c39812188a0c7952d,9,-0.02797710,2021
monthly_returns.reader.v1,factor_nonpit_diagnostic_ext2026,adjusted_total_return_equity,2019-01-03..2026-06-30,2021-10-01,2021-10-29,21,12,BIL@provisional_market_total_return_fx_2026-06-30_v1,legacy_mixed_local_quotes,factor_run:factor_ext2026_2019-01-01_2026-06-30_v1/factor_nonpit_diagnostic_equity_ext2026.parquet#3dfd01169a378b118b67e5989936ae149d136613f638989c39812188a0c7952d,10,0.01808628,2021
monthly_returns.reader.v1,factor_nonpit_diagnostic_ext2026,adjusted_total_return_equity,2019-01-03..2026-06-30,2021-11-01,2021-11-30,21,12,BIL@provisional_market_total_return_fx_2026-06-30_v1,legacy_mixed_local_quotes,factor_run:factor_ext2026_2019-01-01_2026-06-30_v1/factor_nonpit_diagnostic_equity_ext2026.parquet#3dfd01169a378b118b67e5989936ae149d136613f638989c39812188a0c7952d,11,0.00406512,2021
monthly_returns.reader.v1,factor_nonpit_diagnostic_ext2026,adjusted_total_return_equity,2019-01-03..2026-06-30,2021-12-01,2021-12-31,20,12,BIL@provisional_market_total_return_fx_2026-06-30_v1,legacy_mixed_local_quotes,factor_run:factor_ext2026_2019-01-01_2026-06-30_v1/factor_nonpit_diagnostic_equity_ext2026.parquet#3dfd01169a378b118b67e5989936ae149d136613f638989c39812188a0c7952d,12,0.01577857,2021
monthly_returns.reader.v1,factor_nonpit_diagnostic_ext2026,adjusted_total_return_equity,2019-01-03..2026-06-30,2022-01-04,2022-01-31,19,12,BIL@provisional_market_total_return_fx_2026-06-30_v1,legacy_mixed_local_quotes,factor_run:factor_ext2026_2019-01-01_2026-06-30_v1/factor_nonpit_diagnostic_equity_ext2026.parquet#3dfd01169a378b118b67e5989936ae149d136613f638989c39812188a0c7952d,1,-0.01960833,2022
monthly_returns.reader.v1,factor_nonpit_diagnostic_ext2026,adjusted_total_return_equity,2019-01-03..2026-06-30,2022-02-01,2022-02-28,19,12,BIL@provisional_market_total_return_fx_2026-06-30_v1,legacy_mixed_local_quotes,factor_run:factor_ext2026_2019-01-01_2026-06-30_v1/factor_nonpit_diagnostic_equity_ext2026.parquet#3dfd01169a378b118b67e5989936ae149d136613f638989c39812188a0c7952d,2,0.02444123,2022
monthly_returns.reader.v1,factor_nonpit_diagnostic_ext2026,adjusted_total_return_equity,2019-01-03..2026-06-30,2022-03-01,2022-03-31,23,12,BIL@provisional_market_total_return_fx_2026-06-30_v1,legacy_mixed_local_quotes,factor_run:factor_ext2026_2019-01-01_2026-06-30_v1/factor_nonpit_diagnostic_equity_ext2026.parquet#3dfd01169a378b118b67e5989936ae149d136613f638989c39812188a0c7952d,3,0.02089744,2022
monthly_returns.reader.v1,factor_nonpit_diagnostic_ext2026,adjusted_total_return_equity,2019-01-03..2026-06-30,2022-04-01,2022-04-29,19,12,BIL@provisional_market_total_return_fx_2026-06-30_v1,legacy_mixed_local_quotes,factor_run:factor_ext2026_2019-01-01_2026-06-30_v1/factor_nonpit_diagnostic_equity_ext2026.parquet#3dfd01169a378b118b67e5989936ae149d136613f638989c39812188a0c7952d,4,-0.02809330,2022
monthly_returns.reader.v1,factor_nonpit_diagnostic_ext2026,adjusted_total_return_equity,2019-01-03..2026-06-30,2022-05-03,2022-05-31,20,12,BIL@provisional_market_total_return_fx_2026-06-30_v1,legacy_mixed_local_quotes,factor_run:factor_ext2026_2019-01-01_2026-06-30_v1/factor_nonpit_diagnostic_equity_ext2026.parquet#3dfd01169a378b118b67e5989936ae149d136613f638989c39812188a0c7952d,5,-0.01947204,2022
monthly_returns.reader.v1,factor_nonpit_diagnostic_ext2026,adjusted_total_return_equity,2019-01-03..2026-06-30,2022-06-01,2022-06-30,19,12,BIL@provisional_market_total_return_fx_2026-06-30_v1,legacy_mixed_local_quotes,factor_run:factor_ext2026_2019-01-01_2026-06-30_v1/factor_nonpit_diagnostic_equity_ext2026.parquet#3dfd01169a378b118b67e5989936ae149d136613f638989c39812188a0c7952d,6,-0.03029281,2022
monthly_returns.reader.v1,factor_nonpit_diagnostic_ext2026,adjusted_total_return_equity,2019-01-03..2026-06-30,2022-07-01,2022-07-29,20,12,BIL@provisional_market_total_return_fx_2026-06-30_v1,legacy_mixed_local_quotes,factor_run:factor_ext2026_2019-01-01_2026-06-30_v1/factor_nonpit_diagnostic_equity_ext2026.parquet#3dfd01169a378b118b67e5989936ae149d136613f638989c39812188a0c7952d,7,0.02168216,2022
monthly_returns.reader.v1,factor_nonpit_diagnostic_ext2026,adjusted_total_return_equity,2019-01-03..2026-06-30,2022-08-01,2022-08-31,22,12,BIL@provisional_market_total_return_fx_2026-06-30_v1,legacy_mixed_local_quotes,factor_run:factor_ext2026_2019-01-01_2026-06-30_v1/factor_nonpit_diagnostic_equity_ext2026.parquet#3dfd01169a378b118b67e5989936ae149d136613f638989c39812188a0c7952d,8,-0.01478540,2022
monthly_returns.reader.v1,factor_nonpit_diagnostic_ext2026,adjusted_total_return_equity,2019-01-03..2026-06-30,2022-09-01,2022-09-30,20,12,BIL@provisional_market_total_return_fx_2026-06-30_v1,legacy_mixed_local_quotes,factor_run:factor_ext2026_2019-01-01_2026-06-30_v1/factor_nonpit_diagnostic_equity_ext2026.parquet#3dfd01169a378b118b67e5989936ae149d136613f638989c39812188a0c7952d,9,-0.02675706,2022
monthly_returns.reader.v1,factor_nonpit_diagnostic_ext2026,adjusted_total_return_equity,2019-01-03..2026-06-30,2022-10-03,2022-10-31,21,12,BIL@provisional_market_total_return_fx_2026-06-30_v1,legacy_mixed_local_quotes,factor_run:factor_ext2026_2019-01-01_2026-06-30_v1/factor_nonpit_diagnostic_equity_ext2026.parquet#3dfd01169a378b118b67e5989936ae149d136613f638989c39812188a0c7952d,10,0.01403897,2022
monthly_returns.reader.v1,factor_nonpit_diagnostic_ext2026,adjusted_total_return_equity,2019-01-03..2026-06-30,2022-11-01,2022-11-30,21,12,BIL@provisional_market_total_return_fx_2026-06-30_v1,legacy_mixed_local_quotes,factor_run:factor_ext2026_2019-01-01_2026-06-30_v1/factor_nonpit_diagnostic_equity_ext2026.parquet#3dfd01169a378b118b67e5989936ae149d136613f638989c39812188a0c7952d,11,0.03569900,2022
monthly_returns.reader.v1,factor_nonpit_diagnostic_ext2026,adjusted_total_return_equity,2019-01-03..2026-06-30,2022-12-01,2022-12-30,20,12,BIL@provisional_market_total_return_fx_2026-06-30_v1,legacy_mixed_local_quotes,factor_run:factor_ext2026_2019-01-01_2026-06-30_v1/factor_nonpit_diagnostic_equity_ext2026.parquet#3dfd01169a378b118b67e5989936ae149d136613f638989c39812188a0c7952d,12,-0.01339236,2022
monthly_returns.reader.v1,factor_nonpit_diagnostic_ext2026,adjusted_total_return_equity,2019-01-03..2026-06-30,2023-01-03,2023-01-31,20,12,BIL@provisional_market_total_return_fx_2026-06-30_v1,legacy_mixed_local_quotes,factor_run:factor_ext2026_2019-01-01_2026-06-30_v1/factor_nonpit_diagnostic_equity_ext2026.parquet#3dfd01169a378b118b67e5989936ae149d136613f638989c39812188a0c7952d,1,0.04689032,2023
monthly_returns.reader.v1,factor_nonpit_diagnostic_ext2026,adjusted_total_return_equity,2019-01-03..2026-06-30,2023-02-01,2023-02-28,19,12,BIL@provisional_market_total_return_fx_2026-06-30_v1,legacy_mixed_local_quotes,factor_run:factor_ext2026_2019-01-01_2026-06-30_v1/factor_nonpit_diagnostic_equity_ext2026.parquet#3dfd01169a378b118b67e5989936ae149d136613f638989c39812188a0c7952d,2,-0.02460220,2023
monthly_returns.reader.v1,factor_nonpit_diagnostic_ext2026,adjusted_total_return_equity,2019-01-03..2026-06-30,2023-03-01,2023-03-31,23,12,BIL@provisional_market_total_return_fx_2026-06-30_v1,legacy_mixed_local_quotes,factor_run:factor_ext2026_2019-01-01_2026-06-30_v1/factor_nonpit_diagnostic_equity_ext2026.parquet#3dfd01169a378b118b67e5989936ae149d136613f638989c39812188a0c7952d,3,0.04272280,2023
monthly_returns.reader.v1,factor_nonpit_diagnostic_ext2026,adjusted_total_return_equity,2019-01-03..2026-06-30,2023-04-03,2023-04-28,18,12,BIL@provisional_market_total_return_fx_2026-06-30_v1,legacy_mixed_local_quotes,factor_run:factor_ext2026_2019-01-01_2026-06-30_v1/factor_nonpit_diagnostic_equity_ext2026.parquet#3dfd01169a378b118b67e5989936ae149d136613f638989c39812188a0c7952d,4,0.00429283,2023
monthly_returns.reader.v1,factor_nonpit_diagnostic_ext2026,adjusted_total_return_equity,2019-01-03..2026-06-30,2023-05-02,2023-05-31,20,12,BIL@provisional_market_total_return_fx_2026-06-30_v1,legacy_mixed_local_quotes,factor_run:factor_ext2026_2019-01-01_2026-06-30_v1/factor_nonpit_diagnostic_equity_ext2026.parquet#3dfd01169a378b118b67e5989936ae149d136613f638989c39812188a0c7952d,5,0.00638771,2023
monthly_returns.reader.v1,factor_nonpit_diagnostic_ext2026,adjusted_total_return_equity,2019-01-03..2026-06-30,2023-06-01,2023-06-30,21,12,BIL@provisional_market_total_return_fx_2026-06-30_v1,legacy_mixed_local_quotes,factor_run:factor_ext2026_2019-01-01_2026-06-30_v1/factor_nonpit_diagnostic_equity_ext2026.parquet#3dfd01169a378b118b67e5989936ae149d136613f638989c39812188a0c7952d,6,-0.00142337,2023
monthly_returns.reader.v1,factor_nonpit_diagnostic_ext2026,adjusted_total_return_equity,2019-01-03..2026-06-30,2023-07-03,2023-07-31,20,12,BIL@provisional_market_total_return_fx_2026-06-30_v1,legacy_mixed_local_quotes,factor_run:factor_ext2026_2019-01-01_2026-06-30_v1/factor_nonpit_diagnostic_equity_ext2026.parquet#3dfd01169a378b118b67e5989936ae149d136613f638989c39812188a0c7952d,7,0.01927384,2023
monthly_returns.reader.v1,factor_nonpit_diagnostic_ext2026,adjusted_total_return_equity,2019-01-03..2026-06-30,2023-08-01,2023-08-31,22,12,BIL@provisional_market_total_return_fx_2026-06-30_v1,legacy_mixed_local_quotes,factor_run:factor_ext2026_2019-01-01_2026-06-30_v1/factor_nonpit_diagnostic_equity_ext2026.parquet#3dfd01169a378b118b67e5989936ae149d136613f638989c39812188a0c7952d,8,-0.00629231,2023
monthly_returns.reader.v1,factor_nonpit_diagnostic_ext2026,adjusted_total_return_equity,2019-01-03..2026-06-30,2023-09-01,2023-09-29,20,12,BIL@provisional_market_total_return_fx_2026-06-30_v1,legacy_mixed_local_quotes,factor_run:factor_ext2026_2019-01-01_2026-06-30_v1/factor_nonpit_diagnostic_equity_ext2026.parquet#3dfd01169a378b118b67e5989936ae149d136613f638989c39812188a0c7952d,9,-0.01849957,2023
monthly_returns.reader.v1,factor_nonpit_diagnostic_ext2026,adjusted_total_return_equity,2019-01-03..2026-06-30,2023-10-02,2023-10-31,22,12,BIL@provisional_market_total_return_fx_2026-06-30_v1,legacy_mixed_local_quotes,factor_run:factor_ext2026_2019-01-01_2026-06-30_v1/factor_nonpit_diagnostic_equity_ext2026.parquet#3dfd01169a378b118b67e5989936ae149d136613f638989c39812188a0c7952d,10,0.03635732,2023
monthly_returns.reader.v1,factor_nonpit_diagnostic_ext2026,adjusted_total_return_equity,2019-01-03..2026-06-30,2023-11-01,2023-11-30,21,12,BIL@provisional_market_total_return_fx_2026-06-30_v1,legacy_mixed_local_quotes,factor_run:factor_ext2026_2019-01-01_2026-06-30_v1/factor_nonpit_diagnostic_equity_ext2026.parquet#3dfd01169a378b118b67e5989936ae149d136613f638989c39812188a0c7952d,11,0.02896593,2023
monthly_returns.reader.v1,factor_nonpit_diagnostic_ext2026,adjusted_total_return_equity,2019-01-03..2026-06-30,2023-12-01,2023-12-29,19,12,BIL@provisional_market_total_return_fx_2026-06-30_v1,legacy_mixed_local_quotes,factor_run:factor_ext2026_2019-01-01_2026-06-30_v1/factor_nonpit_diagnostic_equity_ext2026.parquet#3dfd01169a378b118b67e5989936ae149d136613f638989c39812188a0c7952d,12,0.01757738,2023
monthly_returns.reader.v1,factor_nonpit_diagnostic_ext2026,adjusted_total_return_equity,2019-01-03..2026-06-30,2024-01-02,2024-01-31,21,12,BIL@provisional_market_total_return_fx_2026-06-30_v1,legacy_mixed_local_quotes,factor_run:factor_ext2026_2019-01-01_2026-06-30_v1/factor_nonpit_diagnostic_equity_ext2026.parquet#3dfd01169a378b118b67e5989936ae149d136613f638989c39812188a0c7952d,1,0.00604172,2024
monthly_returns.reader.v1,factor_nonpit_diagnostic_ext2026,adjusted_total_return_equity,2019-01-03..2026-06-30,2024-02-01,2024-02-29,20,12,BIL@provisional_market_total_return_fx_2026-06-30_v1,legacy_mixed_local_quotes,factor_run:factor_ext2026_2019-01-01_2026-06-30_v1/factor_nonpit_diagnostic_equity_ext2026.parquet#3dfd01169a378b118b67e5989936ae149d136613f638989c39812188a0c7952d,2,0.01448416,2024
monthly_returns.reader.v1,factor_nonpit_diagnostic_ext2026,adjusted_total_return_equity,2019-01-03..2026-06-30,2024-03-01,2024-03-28,20,12,BIL@provisional_market_total_return_fx_2026-06-30_v1,legacy_mixed_local_quotes,factor_run:factor_ext2026_2019-01-01_2026-06-30_v1/factor_nonpit_diagnostic_equity_ext2026.parquet#3dfd01169a378b118b67e5989936ae149d136613f638989c39812188a0c7952d,3,0.04716948,2024
monthly_returns.reader.v1,factor_nonpit_diagnostic_ext2026,adjusted_total_return_equity,2019-01-03..2026-06-30,2024-04-02,2024-04-30,21,12,BIL@provisional_market_total_return_fx_2026-06-30_v1,legacy_mixed_local_quotes,factor_run:factor_ext2026_2019-01-01_2026-06-30_v1/factor_nonpit_diagnostic_equity_ext2026.parquet#3dfd01169a378b118b67e5989936ae149d136613f638989c39812188a0c7952d,4,0.00373622,2024
monthly_returns.reader.v1,factor_nonpit_diagnostic_ext2026,adjusted_total_return_equity,2019-01-03..2026-06-30,2024-05-01,2024-05-31,21,12,BIL@provisional_market_total_return_fx_2026-06-30_v1,legacy_mixed_local_quotes,factor_run:factor_ext2026_2019-01-01_2026-06-30_v1/factor_nonpit_diagnostic_equity_ext2026.parquet#3dfd01169a378b118b67e5989936ae149d136613f638989c39812188a0c7952d,5,0.01714433,2024
monthly_returns.reader.v1,factor_nonpit_diagnostic_ext2026,adjusted_total_return_equity,2019-01-03..2026-06-30,2024-06-03,2024-06-28,19,12,BIL@provisional_market_total_return_fx_2026-06-30_v1,legacy_mixed_local_quotes,factor_run:factor_ext2026_2019-01-01_2026-06-30_v1/factor_nonpit_diagnostic_equity_ext2026.parquet#3dfd01169a378b118b67e5989936ae149d136613f638989c39812188a0c7952d,6,0.02156952,2024
monthly_returns.reader.v1,factor_nonpit_diagnostic_ext2026,adjusted_total_return_equity,2019-01-03..2026-06-30,2024-07-01,2024-07-31,22,12,BIL@provisional_market_total_return_fx_2026-06-30_v1,legacy_mixed_local_quotes,factor_run:factor_ext2026_2019-01-01_2026-06-30_v1/factor_nonpit_diagnostic_equity_ext2026.parquet#3dfd01169a378b118b67e5989936ae149d136613f638989c39812188a0c7952d,7,0.01146839,2024
monthly_returns.reader.v1,factor_nonpit_diagnostic_ext2026,adjusted_total_return_equity,2019-01-03..2026-06-30,2024-08-01,2024-08-30,21,12,BIL@provisional_market_total_return_fx_2026-06-30_v1,legacy_mixed_local_quotes,factor_run:factor_ext2026_2019-01-01_2026-06-30_v1/factor_nonpit_diagnostic_equity_ext2026.parquet#3dfd01169a378b118b67e5989936ae149d136613f638989c39812188a0c7952d,8,0.00844897,2024
monthly_returns.reader.v1,factor_nonpit_diagnostic_ext2026,adjusted_total_return_equity,2019-01-03..2026-06-30,2024-09-03,2024-09-30,20,12,BIL@provisional_market_total_return_fx_2026-06-30_v1,legacy_mixed_local_quotes,factor_run:factor_ext2026_2019-01-01_2026-06-30_v1/factor_nonpit_diagnostic_equity_ext2026.parquet#3dfd01169a378b118b67e5989936ae149d136613f638989c39812188a0c7952d,9,0.01925627,2024
monthly_returns.reader.v1,factor_nonpit_diagnostic_ext2026,adjusted_total_return_equity,2019-01-03..2026-06-30,2024-10-01,2024-10-31,23,12,BIL@provisional_market_total_return_fx_2026-06-30_v1,legacy_mixed_local_quotes,factor_run:factor_ext2026_2019-01-01_2026-06-30_v1/factor_nonpit_diagnostic_equity_ext2026.parquet#3dfd01169a378b118b67e5989936ae149d136613f638989c39812188a0c7952d,10,0.02069614,2024
monthly_returns.reader.v1,factor_nonpit_diagnostic_ext2026,adjusted_total_return_equity,2019-01-03..2026-06-30,2024-11-01,2024-11-29,20,12,BIL@provisional_market_total_return_fx_2026-06-30_v1,legacy_mixed_local_quotes,factor_run:factor_ext2026_2019-01-01_2026-06-30_v1/factor_nonpit_diagnostic_equity_ext2026.parquet#3dfd01169a378b118b67e5989936ae149d136613f638989c39812188a0c7952d,11,0.00878283,2024
monthly_returns.reader.v1,factor_nonpit_diagnostic_ext2026,adjusted_total_return_equity,2019-01-03..2026-06-30,2024-12-02,2024-12-31,20,12,BIL@provisional_market_total_return_fx_2026-06-30_v1,legacy_mixed_local_quotes,factor_run:factor_ext2026_2019-01-01_2026-06-30_v1/factor_nonpit_diagnostic_equity_ext2026.parquet#3dfd01169a378b118b67e5989936ae149d136613f638989c39812188a0c7952d,12,-0.00634475,2024
monthly_returns.reader.v1,factor_nonpit_diagnostic_ext2026,adjusted_total_return_equity,2019-01-03..2026-06-30,2025-01-02,2025-01-31,20,12,BIL@provisional_market_total_return_fx_2026-06-30_v1,legacy_mixed_local_quotes,factor_run:factor_ext2026_2019-01-01_2026-06-30_v1/factor_nonpit_diagnostic_equity_ext2026.parquet#3dfd01169a378b118b67e5989936ae149d136613f638989c39812188a0c7952d,1,0.03372704,2025
monthly_returns.reader.v1,factor_nonpit_diagnostic_ext2026,adjusted_total_return_equity,2019-01-03..2026-06-30,2025-02-03,2025-02-28,19,12,BIL@provisional_market_total_return_fx_2026-06-30_v1,legacy_mixed_local_quotes,factor_run:factor_ext2026_2019-01-01_2026-06-30_v1/factor_nonpit_diagnostic_equity_ext2026.parquet#3dfd01169a378b118b67e5989936ae149d136613f638989c39812188a0c7952d,2,-0.01107958,2025
monthly_returns.reader.v1,factor_nonpit_diagnostic_ext2026,adjusted_total_return_equity,2019-01-03..2026-06-30,2025-03-03,2025-03-31,21,12,BIL@provisional_market_total_return_fx_2026-06-30_v1,legacy_mixed_local_quotes,factor_run:factor_ext2026_2019-01-01_2026-06-30_v1/factor_nonpit_diagnostic_equity_ext2026.parquet#3dfd01169a378b118b67e5989936ae149d136613f638989c39812188a0c7952d,3,0.03318016,2025
monthly_returns.reader.v1,factor_nonpit_diagnostic_ext2026,adjusted_total_return_equity,2019-01-03..2026-06-30,2025-04-01,2025-04-30,20,12,BIL@provisional_market_total_return_fx_2026-06-30_v1,legacy_mixed_local_quotes,factor_run:factor_ext2026_2019-01-01_2026-06-30_v1/factor_nonpit_diagnostic_equity_ext2026.parquet#3dfd01169a378b118b67e5989936ae149d136613f638989c39812188a0c7952d,4,0.02358917,2025
monthly_returns.reader.v1,factor_nonpit_diagnostic_ext2026,adjusted_total_return_equity,2019-01-03..2026-06-30,2025-05-01,2025-05-30,20,12,BIL@provisional_market_total_return_fx_2026-06-30_v1,legacy_mixed_local_quotes,factor_run:factor_ext2026_2019-01-01_2026-06-30_v1/factor_nonpit_diagnostic_equity_ext2026.parquet#3dfd01169a378b118b67e5989936ae149d136613f638989c39812188a0c7952d,5,0.01498364,2025
monthly_returns.reader.v1,factor_nonpit_diagnostic_ext2026,adjusted_total_return_equity,2019-01-03..2026-06-30,2025-06-02,2025-06-30,20,12,BIL@provisional_market_total_return_fx_2026-06-30_v1,legacy_mixed_local_quotes,factor_run:factor_ext2026_2019-01-01_2026-06-30_v1/factor_nonpit_diagnostic_equity_ext2026.parquet#3dfd01169a378b118b67e5989936ae149d136613f638989c39812188a0c7952d,6,0.01292900,2025
monthly_returns.reader.v1,factor_nonpit_diagnostic_ext2026,adjusted_total_return_equity,2019-01-03..2026-06-30,2025-07-01,2025-07-31,22,12,BIL@provisional_market_total_return_fx_2026-06-30_v1,legacy_mixed_local_quotes,factor_run:factor_ext2026_2019-01-01_2026-06-30_v1/factor_nonpit_diagnostic_equity_ext2026.parquet#3dfd01169a378b118b67e5989936ae149d136613f638989c39812188a0c7952d,7,0.01509554,2025
monthly_returns.reader.v1,factor_nonpit_diagnostic_ext2026,adjusted_total_return_equity,2019-01-03..2026-06-30,2025-08-01,2025-08-29,20,12,BIL@provisional_market_total_return_fx_2026-06-30_v1,legacy_mixed_local_quotes,factor_run:factor_ext2026_2019-01-01_2026-06-30_v1/factor_nonpit_diagnostic_equity_ext2026.parquet#3dfd01169a378b118b67e5989936ae149d136613f638989c39812188a0c7952d,8,0.01824672,2025
monthly_returns.reader.v1,factor_nonpit_diagnostic_ext2026,adjusted_total_return_equity,2019-01-03..2026-06-30,2025-09-02,2025-09-30,21,12,BIL@provisional_market_total_return_fx_2026-06-30_v1,legacy_mixed_local_quotes,factor_run:factor_ext2026_2019-01-01_2026-06-30_v1/factor_nonpit_diagnostic_equity_ext2026.parquet#3dfd01169a378b118b67e5989936ae149d136613f638989c39812188a0c7952d,9,0.06129622,2025
monthly_returns.reader.v1,factor_nonpit_diagnostic_ext2026,adjusted_total_return_equity,2019-01-03..2026-06-30,2025-10-01,2025-10-31,23,12,BIL@provisional_market_total_return_fx_2026-06-30_v1,legacy_mixed_local_quotes,factor_run:factor_ext2026_2019-01-01_2026-06-30_v1/factor_nonpit_diagnostic_equity_ext2026.parquet#3dfd01169a378b118b67e5989936ae149d136613f638989c39812188a0c7952d,10,0.04331874,2025
monthly_returns.reader.v1,factor_nonpit_diagnostic_ext2026,adjusted_total_return_equity,2019-01-03..2026-06-30,2025-11-03,2025-11-28,19,12,BIL@provisional_market_total_return_fx_2026-06-30_v1,legacy_mixed_local_quotes,factor_run:factor_ext2026_2019-01-01_2026-06-30_v1/factor_nonpit_diagnostic_equity_ext2026.parquet#3dfd01169a378b118b67e5989936ae149d136613f638989c39812188a0c7952d,11,-0.00105898,2025
monthly_returns.reader.v1,factor_nonpit_diagnostic_ext2026,adjusted_total_return_equity,2019-01-03..2026-06-30,2025-12-01,2025-12-31,21,12,BIL@provisional_market_total_return_fx_2026-06-30_v1,legacy_mixed_local_quotes,factor_run:factor_ext2026_2019-01-01_2026-06-30_v1/factor_nonpit_diagnostic_equity_ext2026.parquet#3dfd01169a378b118b67e5989936ae149d136613f638989c39812188a0c7952d,12,0.01243624,2025
monthly_returns.reader.v1,factor_nonpit_diagnostic_ext2026,adjusted_total_return_equity,2019-01-03..2026-06-30,2026-01-02,2026-01-30,20,12,BIL@provisional_market_total_return_fx_2026-06-30_v1,legacy_mixed_local_quotes,factor_run:factor_ext2026_2019-01-01_2026-06-30_v1/factor_nonpit_diagnostic_equity_ext2026.parquet#3dfd01169a378b118b67e5989936ae149d136613f638989c39812188a0c7952d,1,0.07048813,2026
monthly_returns.reader.v1,factor_nonpit_diagnostic_ext2026,adjusted_total_return_equity,2019-01-03..2026-06-30,2026-02-02,2026-02-27,19,12,BIL@provisional_market_total_return_fx_2026-06-30_v1,legacy_mixed_local_quotes,factor_run:factor_ext2026_2019-01-01_2026-06-30_v1/factor_nonpit_diagnostic_equity_ext2026.parquet#3dfd01169a378b118b67e5989936ae149d136613f638989c39812188a0c7952d,2,0.00987019,2026
monthly_returns.reader.v1,factor_nonpit_diagnostic_ext2026,adjusted_total_return_equity,2019-01-03..2026-06-30,2026-03-02,2026-03-31,21,12,BIL@provisional_market_total_return_fx_2026-06-30_v1,legacy_mixed_local_quotes,factor_run:factor_ext2026_2019-01-01_2026-06-30_v1/factor_nonpit_diagnostic_equity_ext2026.parquet#3dfd01169a378b118b67e5989936ae149d136613f638989c39812188a0c7952d,3,-0.05333273,2026
monthly_returns.reader.v1,factor_nonpit_diagnostic_ext2026,adjusted_total_return_equity,2019-01-03..2026-06-30,2026-04-01,2026-04-30,20,12,BIL@provisional_market_total_return_fx_2026-06-30_v1,legacy_mixed_local_quotes,factor_run:factor_ext2026_2019-01-01_2026-06-30_v1/factor_nonpit_diagnostic_equity_ext2026.parquet#3dfd01169a378b118b67e5989936ae149d136613f638989c39812188a0c7952d,4,0.09228071,2026
monthly_returns.reader.v1,factor_nonpit_diagnostic_ext2026,adjusted_total_return_equity,2019-01-03..2026-06-30,2026-05-01,2026-05-29,19,12,BIL@provisional_market_total_return_fx_2026-06-30_v1,legacy_mixed_local_quotes,factor_run:factor_ext2026_2019-01-01_2026-06-30_v1/factor_nonpit_diagnostic_equity_ext2026.parquet#3dfd01169a378b118b67e5989936ae149d136613f638989c39812188a0c7952d,5,0.05337036,2026
monthly_returns.reader.v1,factor_nonpit_diagnostic_ext2026,adjusted_total_return_equity,2019-01-03..2026-06-30,2026-06-01,2026-06-30,21,12,BIL@provisional_market_total_return_fx_2026-06-30_v1,legacy_mixed_local_quotes,factor_run:factor_ext2026_2019-01-01_2026-06-30_v1/factor_nonpit_diagnostic_equity_ext2026.parquet#3dfd01169a378b118b67e5989936ae149d136613f638989c39812188a0c7952d,6,-0.03668288,2026
