Date,SWDA.L,XLK,IAU,BIL
2014-01-02,,,,
2014-01-03,,,,
2014-01-06,,,,
2014-01-07,,,,
2014-01-08,,,,
2014-01-09,,,,
2014-01-10,,,,
2014-01-13,,,,
2014-01-14,,,,
2014-01-15,,,,
2014-01-16,,,,
2014-01-17,,,,
2014-01-20,,,,
2014-01-21,,,,
2014-01-22,,,,
2014-01-23,,,,
2014-01-24,,,,
2014-01-27,,,,
2014-01-28,,,,
2014-01-29,,,,
2014-01-30,,,,
2014-01-31,,,,
2014-02-03,,,,
2014-02-04,,,,
2014-02-05,,,,
2014-02-06,,,,
2014-02-07,,,,
2014-02-10,,,,
2014-02-11,,,,
2014-02-12,,,,
2014-02-13,,,,
2014-02-14,,,,
2014-02-17,,,,
2014-02-18,,,,
2014-02-19,,,,
2014-02-20,,,,
2014-02-21,,,,
2014-02-24,,,,
2014-02-25,,,,
2014-02-26,,,,
2014-02-27,,,,
2014-02-28,,,,
2014-03-03,,,,
2014-03-04,,,,
2014-03-05,,,,
2014-03-06,,,,
2014-03-07,,,,
2014-03-10,,,,
2014-03-11,,,,
2014-03-12,,,,
2014-03-13,,,,
2014-03-14,,,,
2014-03-17,,,,
2014-03-18,,,,
2014-03-19,,,,
2014-03-20,,,,
2014-03-21,,,,
2014-03-24,,,,
2014-03-25,,,,
2014-03-26,,,,
2014-03-27,,,,
2014-03-28,,,,
2014-03-31,,,,
2014-04-01,,,,
2014-04-02,,,,
2014-04-03,,,,
2014-04-04,,,,
2014-04-07,,,,
2014-04-08,,,,
2014-04-09,,,,
2014-04-10,,,,
2014-04-11,,,,
2014-04-14,,,,
2014-04-15,,,,
2014-04-16,,,,
2014-04-17,,,,
2014-04-21,,,,
2014-04-22,,,,
2014-04-23,,,,
2014-04-24,,,,
2014-04-25,,,,
2014-04-28,,,,
2014-04-29,,,,
2014-04-30,,,,
2014-05-01,0.48745665,0.12578329,0.21176006,0.17500000
2014-05-02,,,,
2014-05-05,,,,
2014-05-06,,,,
2014-05-07,,,,
2014-05-08,,,,
2014-05-09,,,,
2014-05-12,,,,
2014-05-13,,,,
2014-05-14,,,,
2014-05-15,,,,
2014-05-16,,,,
2014-05-19,,,,
2014-05-20,,,,
2014-05-21,,,,
2014-05-22,,,,
2014-05-23,,,,
2014-05-27,,,,
2014-05-28,,,,
2014-05-29,,,,
2014-05-30,,,,
2014-06-02,0.30358919,0.20645458,0.31495620,0.17500004
2014-06-03,,,,
2014-06-04,,,,
2014-06-05,,,,
2014-06-06,,,,
2014-06-09,,,,
2014-06-10,,,,
2014-06-11,,,,
2014-06-12,,,,
2014-06-13,,,,
2014-06-16,,,,
2014-06-17,,,,
2014-06-18,,,,
2014-06-19,,,,
2014-06-20,,,,
2014-06-23,,,,
2014-06-24,,,,
2014-06-25,,,,
2014-06-26,,,,
2014-06-27,,,,
2014-06-30,,,,
2014-07-01,0.18201761,0.16209944,0.48088291,0.17500004
2014-07-02,,,,
2014-07-03,,,,
2014-07-04,,,,
2014-07-07,,,,
2014-07-08,,,,
2014-07-09,,,,
2014-07-10,,,,
2014-07-11,,,,
2014-07-14,,,,
2014-07-15,,,,
2014-07-16,,,,
2014-07-17,,,,
2014-07-18,,,,
2014-07-21,,,,
2014-07-22,,,,
2014-07-23,,,,
2014-07-24,,,,
2014-07-25,,,,
2014-07-28,,,,
2014-07-29,,,,
2014-07-30,,,,
2014-07-31,,,,
2014-08-01,0.18642713,0.43185607,0.20671680,0.17500000
2014-08-04,,,,
2014-08-05,,,,
2014-08-06,,,,
2014-08-07,,,,
2014-08-08,,,,
2014-08-11,,,,
2014-08-12,,,,
2014-08-13,,,,
2014-08-14,,,,
2014-08-15,,,,
2014-08-18,,,,
2014-08-19,,,,
2014-08-20,,,,
2014-08-21,,,,
2014-08-22,,,,
2014-08-25,,,,
2014-08-26,,,,
2014-08-27,,,,
2014-08-28,,,,
2014-08-29,,,,
2014-09-01,0.26245768,0.18693913,0.30060319,0.25000000
2014-09-02,,,,
2014-09-03,,,,
2014-09-04,,,,
2014-09-05,,,,
2014-09-08,,,,
2014-09-09,,,,
2014-09-10,,,,
2014-09-11,,,,
2014-09-12,,,,
2014-09-15,,,,
2014-09-16,,,,
2014-09-17,,,,
2014-09-18,,,,
2014-09-19,,,,
2014-09-22,,,,
2014-09-23,,,,
2014-09-24,,,,
2014-09-25,,,,
2014-09-26,,,,
2014-09-29,,,,
2014-09-30,,,,
2014-10-01,0.32175642,0.28769099,0.21555259,0.17500000
2014-10-02,,,,
2014-10-03,,,,
2014-10-06,,,,
2014-10-07,,,,
2014-10-08,,,,
2014-10-09,,,,
2014-10-10,,,,
2014-10-13,,,,
2014-10-14,,,,
2014-10-15,,,,
2014-10-16,,,,
2014-10-17,,,,
2014-10-20,,,,
2014-10-21,,,,
2014-10-22,,,,
2014-10-23,,,,
2014-10-24,,,,
2014-10-27,,,,
2014-10-28,,,,
2014-10-29,,,,
2014-10-30,,,,
2014-10-31,,,,
2014-11-03,0.27508446,0.32846255,0.22145298,0.17500000
2014-11-04,,,,
2014-11-05,,,,
2014-11-06,,,,
2014-11-07,,,,
2014-11-10,,,,
2014-11-11,,,,
2014-11-12,,,,
2014-11-13,,,,
2014-11-14,,,,
2014-11-17,,,,
2014-11-18,,,,
2014-11-19,,,,
2014-11-20,,,,
2014-11-21,,,,
2014-11-24,,,,
2014-11-25,,,,
2014-11-26,,,,
2014-11-27,,,,
2014-11-28,,,,
2014-12-01,0.37597197,0.23490656,0.21412146,0.17500001
2014-12-02,,,,
2014-12-03,,,,
2014-12-04,,,,
2014-12-05,,,,
2014-12-08,,,,
2014-12-09,,,,
2014-12-10,,,,
2014-12-11,,,,
2014-12-12,,,,
2014-12-15,,,,
2014-12-16,,,,
2014-12-17,,,,
2014-12-18,,,,
2014-12-19,,,,
2014-12-22,,,,
2014-12-23,,,,
2014-12-24,,,,
2014-12-26,,,,
2014-12-29,,,,
2014-12-30,,,,
2014-12-31,,,,
2015-01-02,0.17469198,0.43726859,0.21303943,0.17500000
2015-01-05,,,,
2015-01-06,,,,
2015-01-07,,,,
2015-01-08,,,,
2015-01-09,,,,
2015-01-12,,,,
2015-01-13,,,,
2015-01-14,,,,
2015-01-15,,,,
2015-01-16,,,,
2015-01-19,,,,
2015-01-20,,,,
2015-01-21,,,,
2015-01-22,,,,
2015-01-23,,,,
2015-01-26,,,,
2015-01-27,,,,
2015-01-28,,,,
2015-01-29,,,,
2015-01-30,,,,
2015-02-02,0.16972699,0.43584359,0.21942942,0.17500000
2015-02-03,,,,
2015-02-04,,,,
2015-02-05,,,,
2015-02-06,,,,
2015-02-09,,,,
2015-02-10,,,,
2015-02-11,,,,
2015-02-12,,,,
2015-02-13,,,,
2015-02-16,,,,
2015-02-17,,,,
2015-02-18,,,,
2015-02-19,,,,
2015-02-20,,,,
2015-02-23,,,,
2015-02-24,,,,
2015-02-25,,,,
2015-02-26,,,,
2015-02-27,,,,
2015-03-02,0.17173072,0.39311709,0.26015217,0.17500002
2015-03-03,,,,
2015-03-04,,,,
2015-03-05,,,,
2015-03-06,,,,
2015-03-09,,,,
2015-03-10,,,,
2015-03-11,,,,
2015-03-12,,,,
2015-03-13,,,,
2015-03-16,,,,
2015-03-17,,,,
2015-03-18,,,,
2015-03-19,,,,
2015-03-20,,,,
2015-03-23,,,,
2015-03-24,,,,
2015-03-25,,,,
2015-03-26,,,,
2015-03-27,,,,
2015-03-30,,,,
2015-03-31,,,,
2015-04-01,0.22217707,0.38551378,0.21730915,0.17500000
2015-04-02,,,,
2015-04-06,,,,
2015-04-07,,,,
2015-04-08,,,,
2015-04-09,,,,
2015-04-10,,,,
2015-04-13,,,,
2015-04-14,,,,
2015-04-15,,,,
2015-04-16,,,,
2015-04-17,,,,
2015-04-20,,,,
2015-04-21,,,,
2015-04-22,,,,
2015-04-23,,,,
2015-04-24,,,,
2015-04-27,,,,
2015-04-28,,,,
2015-04-29,,,,
2015-04-30,,,,
2015-05-01,0.18614005,0.14616258,0.35403123,0.31366614
2015-05-04,,,,
2015-05-05,,,,
2015-05-06,,,,
2015-05-07,,,,
2015-05-08,,,,
2015-05-11,,,,
2015-05-12,,,,
2015-05-13,,,,
2015-05-14,,,,
2015-05-15,,,,
2015-05-18,,,,
2015-05-19,,,,
2015-05-20,,,,
2015-05-21,,,,
2015-05-22,,,,
2015-05-26,,,,
2015-05-27,,,,
2015-05-28,,,,
2015-05-29,,,,
2015-06-01,0.30966567,0.29662048,0.21871383,0.17500001
2015-06-02,,,,
2015-06-03,,,,
2015-06-04,,,,
2015-06-05,,,,
2015-06-08,,,,
2015-06-09,,,,
2015-06-10,,,,
2015-06-11,,,,
2015-06-12,,,,
2015-06-15,,,,
2015-06-16,,,,
2015-06-17,,,,
2015-06-18,,,,
2015-06-19,,,,
2015-06-22,,,,
2015-06-23,,,,
2015-06-24,,,,
2015-06-25,,,,
2015-06-26,,,,
2015-06-29,,,,
2015-06-30,,,,
2015-07-01,0.30830688,0.29308430,0.22360875,0.17500007
2015-07-02,,,,
2015-07-03,,,,
2015-07-06,,,,
2015-07-07,,,,
2015-07-08,,,,
2015-07-09,,,,
2015-07-10,,,,
2015-07-13,,,,
2015-07-14,,,,
2015-07-15,,,,
2015-07-16,,,,
2015-07-17,,,,
2015-07-20,,,,
2015-07-21,,,,
2015-07-22,,,,
2015-07-23,,,,
2015-07-24,,,,
2015-07-27,,,,
2015-07-28,,,,
2015-07-29,,,,
2015-07-30,,,,
2015-07-31,,,,
2015-08-03,0.31807955,0.28623330,0.22068714,0.17500001
2015-08-04,,,,
2015-08-05,,,,
2015-08-06,,,,
2015-08-07,,,,
2015-08-10,,,,
2015-08-11,,,,
2015-08-12,,,,
2015-08-13,,,,
2015-08-14,,,,
2015-08-17,,,,
2015-08-18,,,,
2015-08-19,,,,
2015-08-20,,,,
2015-08-21,,,,
2015-08-24,,,,
2015-08-25,,,,
2015-08-26,,,,
2015-08-27,,,,
2015-08-28,,,,
2015-08-31,,,,
2015-09-01,0.45610544,0.12480719,0.24408737,0.17500000
2015-09-02,,,,
2015-09-03,,,,
2015-09-04,,,,
2015-09-07,,,,
2015-09-08,,,,
2015-09-09,,,,
2015-09-10,,,,
2015-09-11,,,,
2015-09-14,,,,
2015-09-15,,,,
2015-09-16,,,,
2015-09-17,,,,
2015-09-18,,,,
2015-09-21,,,,
2015-09-22,,,,
2015-09-23,,,,
2015-09-24,,,,
2015-09-25,,,,
2015-09-28,,,,
2015-09-29,,,,
2015-09-30,,,,
2015-10-01,0.14632273,0.12601572,0.55266154,0.17500000
2015-10-02,,,,
2015-10-05,,,,
2015-10-06,,,,
2015-10-07,,,,
2015-10-08,,,,
2015-10-09,,,,
2015-10-12,,,,
2015-10-13,,,,
2015-10-14,,,,
2015-10-15,,,,
2015-10-16,,,,
2015-10-19,,,,
2015-10-20,,,,
2015-10-21,,,,
2015-10-22,,,,
2015-10-23,,,,
2015-10-26,,,,
2015-10-27,,,,
2015-10-28,,,,
2015-10-29,,,,
2015-10-30,,,,
2015-11-02,0.14490886,0.12709711,0.47869558,0.24929846
2015-11-03,,,,
2015-11-04,,,,
2015-11-05,,,,
2015-11-06,,,,
2015-11-09,,,,
2015-11-10,,,,
2015-11-11,,,,
2015-11-12,,,,
2015-11-13,,,,
2015-11-16,,,,
2015-11-17,,,,
2015-11-18,,,,
2015-11-19,,,,
2015-11-20,,,,
2015-11-23,,,,
2015-11-24,,,,
2015-11-25,,,,
2015-11-26,,,,
2015-11-27,,,,
2015-11-30,,,,
2015-12-01,0.14534084,0.12631281,0.55334352,0.17500283
2015-12-02,,,,
2015-12-03,,,,
2015-12-04,,,,
2015-12-07,,,,
2015-12-08,,,,
2015-12-09,,,,
2015-12-10,,,,
2015-12-11,,,,
2015-12-14,,,,
2015-12-15,,,,
2015-12-16,,,,
2015-12-17,,,,
2015-12-18,,,,
2015-12-21,,,,
2015-12-22,,,,
2015-12-23,,,,
2015-12-24,,,,
2015-12-28,,,,
2015-12-29,,,,
2015-12-30,,,,
2015-12-31,,,,
2016-01-04,0.14509515,0.12612449,0.35241270,0.37636767
2016-01-05,,,,
2016-01-06,,,,
2016-01-07,,,,
2016-01-08,,,,
2016-01-11,,,,
2016-01-12,,,,
2016-01-13,,,,
2016-01-14,,,,
2016-01-15,,,,
2016-01-18,,,,
2016-01-19,,,,
2016-01-20,,,,
2016-01-21,,,,
2016-01-22,,,,
2016-01-25,,,,
2016-01-26,,,,
2016-01-27,,,,
2016-01-28,,,,
2016-01-29,,,,
2016-02-01,0.14264358,0.12248627,0.55986940,0.17500076
2016-02-02,,,,
2016-02-03,,,,
2016-02-04,,,,
2016-02-05,,,,
2016-02-08,,,,
2016-02-09,,,,
2016-02-10,,,,
2016-02-11,,,,
2016-02-12,,,,
2016-02-15,,,,
2016-02-16,,,,
2016-02-17,,,,
2016-02-18,,,,
2016-02-19,,,,
2016-02-22,,,,
2016-02-23,,,,
2016-02-24,,,,
2016-02-25,,,,
2016-02-26,,,,
2016-02-29,,,,
2016-03-01,0.14097271,0.12336038,0.51293645,0.22273045
2016-03-02,,,,
2016-03-03,,,,
2016-03-04,,,,
2016-03-07,,,,
2016-03-08,,,,
2016-03-09,,,,
2016-03-10,,,,
2016-03-11,,,,
2016-03-14,,,,
2016-03-15,,,,
2016-03-16,,,,
2016-03-17,,,,
2016-03-18,,,,
2016-03-21,,,,
2016-03-22,,,,
2016-03-23,,,,
2016-03-24,,,,
2016-03-28,,,,
2016-03-29,,,,
2016-03-30,,,,
2016-03-31,,,,
2016-04-01,0.14240298,0.12482064,0.55777638,0.17500000
2016-04-04,,,,
2016-04-05,,,,
2016-04-06,,,,
2016-04-07,,,,
2016-04-08,,,,
2016-04-11,,,,
2016-04-12,,,,
2016-04-13,,,,
2016-04-14,,,,
2016-04-15,,,,
2016-04-18,,,,
2016-04-19,,,,
2016-04-20,,,,
2016-04-21,,,,
2016-04-22,,,,
2016-04-25,,,,
2016-04-26,,,,
2016-04-27,,,,
2016-04-28,,,,
2016-04-29,,,,
2016-05-02,0.14182483,0.12515953,0.55801564,0.17500000
2016-05-03,,,,
2016-05-04,,,,
2016-05-05,,,,
2016-05-06,,,,
2016-05-09,,,,
2016-05-10,,,,
2016-05-11,,,,
2016-05-12,,,,
2016-05-13,,,,
2016-05-16,,,,
2016-05-17,,,,
2016-05-18,,,,
2016-05-19,,,,
2016-05-20,,,,
2016-05-23,,,,
2016-05-24,,,,
2016-05-25,,,,
2016-05-26,,,,
2016-05-27,,,,
2016-05-31,,,,
2016-06-01,0.14360689,0.12668946,0.55470366,0.17500000
2016-06-02,,,,
2016-06-03,,,,
2016-06-06,,,,
2016-06-07,,,,
2016-06-08,,,,
2016-06-09,,,,
2016-06-10,,,,
2016-06-13,,,,
2016-06-14,,,,
2016-06-15,,,,
2016-06-16,,,,
2016-06-17,,,,
2016-06-20,,,,
2016-06-21,,,,
2016-06-22,,,,
2016-06-23,,,,
2016-06-24,,,,
2016-06-27,,,,
2016-06-28,,,,
2016-06-29,,,,
2016-06-30,,,,
2016-07-01,0.15933396,0.28701842,0.27275763,0.28088999
2016-07-04,,,,
2016-07-05,,,,
2016-07-06,,,,
2016-07-07,,,,
2016-07-08,,,,
2016-07-11,,,,
2016-07-12,,,,
2016-07-13,,,,
2016-07-14,,,,
2016-07-15,,,,
2016-07-18,,,,
2016-07-19,,,,
2016-07-20,,,,
2016-07-21,,,,
2016-07-22,,,,
2016-07-25,,,,
2016-07-26,,,,
2016-07-27,,,,
2016-07-28,,,,
2016-07-29,,,,
2016-08-01,0.36534156,0.20643712,0.25322128,0.17500004
2016-08-02,,,,
2016-08-03,,,,
2016-08-04,,,,
2016-08-05,,,,
2016-08-08,,,,
2016-08-09,,,,
2016-08-10,,,,
2016-08-11,,,,
2016-08-12,,,,
2016-08-15,,,,
2016-08-16,,,,
2016-08-17,,,,
2016-08-18,,,,
2016-08-19,,,,
2016-08-22,,,,
2016-08-23,,,,
2016-08-24,,,,
2016-08-25,,,,
2016-08-26,,,,
2016-08-29,,,,
2016-08-30,,,,
2016-08-31,,,,
2016-09-01,0.14673705,0.12555579,0.55270716,0.17500000
2016-09-02,,,,
2016-09-05,,,,
2016-09-06,,,,
2016-09-07,,,,
2016-09-08,,,,
2016-09-09,,,,
2016-09-12,,,,
2016-09-13,,,,
2016-09-14,,,,
2016-09-15,,,,
2016-09-16,,,,
2016-09-19,,,,
2016-09-20,,,,
2016-09-21,,,,
2016-09-22,,,,
2016-09-23,,,,
2016-09-26,,,,
2016-09-27,,,,
2016-09-28,,,,
2016-09-29,,,,
2016-09-30,,,,
2016-10-03,0.14716089,0.12451863,0.55332048,0.17500000
2016-10-04,,,,
2016-10-05,,,,
2016-10-06,,,,
2016-10-07,,,,
2016-10-10,,,,
2016-10-11,,,,
2016-10-12,,,,
2016-10-13,,,,
2016-10-14,,,,
2016-10-17,,,,
2016-10-18,,,,
2016-10-19,,,,
2016-10-20,,,,
2016-10-21,,,,
2016-10-24,,,,
2016-10-25,,,,
2016-10-26,,,,
2016-10-27,,,,
2016-10-28,,,,
2016-10-31,,,,
2016-11-01,0.14904611,0.12619206,0.54976107,0.17500075
2016-11-02,,,,
2016-11-03,,,,
2016-11-04,,,,
2016-11-07,,,,
2016-11-08,,,,
2016-11-09,,,,
2016-11-10,,,,
2016-11-11,,,,
2016-11-14,,,,
2016-11-15,,,,
2016-11-16,,,,
2016-11-17,,,,
2016-11-18,,,,
2016-11-21,,,,
2016-11-22,,,,
2016-11-23,,,,
2016-11-24,,,,
2016-11-25,,,,
2016-11-28,,,,
2016-11-29,,,,
2016-11-30,,,,
2016-12-01,0.15064522,0.12768013,0.51935091,0.20232374
2016-12-02,,,,
2016-12-05,,,,
2016-12-06,,,,
2016-12-07,,,,
2016-12-08,,,,
2016-12-09,,,,
2016-12-12,,,,
2016-12-13,,,,
2016-12-14,,,,
2016-12-15,,,,
2016-12-16,,,,
2016-12-19,,,,
2016-12-20,,,,
2016-12-21,,,,
2016-12-22,,,,
2016-12-23,,,,
2016-12-27,,,,
2016-12-28,,,,
2016-12-29,,,,
2016-12-30,,,,
2017-01-03,0.15084526,0.12707852,0.47382500,0.24825122
2017-01-04,,,,
2017-01-05,,,,
2017-01-06,,,,
2017-01-09,,,,
2017-01-10,,,,
2017-01-11,,,,
2017-01-12,,,,
2017-01-13,,,,
2017-01-16,,,,
2017-01-17,,,,
2017-01-18,,,,
2017-01-19,,,,
2017-01-20,,,,
2017-01-23,,,,
2017-01-24,,,,
2017-01-25,,,,
2017-01-26,,,,
2017-01-27,,,,
2017-01-30,,,,
2017-01-31,,,,
2017-02-01,0.14934391,0.12746485,0.54819112,0.17500012
2017-02-02,,,,
2017-02-03,,,,
2017-02-06,,,,
2017-02-07,,,,
2017-02-08,,,,
2017-02-09,,,,
2017-02-10,,,,
2017-02-13,,,,
2017-02-14,,,,
2017-02-15,,,,
2017-02-16,,,,
2017-02-17,,,,
2017-02-20,,,,
2017-02-21,,,,
2017-02-22,,,,
2017-02-23,,,,
2017-02-24,,,,
2017-02-27,,,,
2017-02-28,,,,
2017-03-01,0.14895182,0.12687277,0.54917539,0.17500002
2017-03-02,,,,
2017-03-03,,,,
2017-03-06,,,,
2017-03-07,,,,
2017-03-08,,,,
2017-03-09,,,,
2017-03-10,,,,
2017-03-13,,,,
2017-03-14,,,,
2017-03-15,,,,
2017-03-16,,,,
2017-03-17,,,,
2017-03-20,,,,
2017-03-21,,,,
2017-03-22,,,,
2017-03-23,,,,
2017-03-24,,,,
2017-03-27,,,,
2017-03-28,,,,
2017-03-29,,,,
2017-03-30,,,,
2017-03-31,,,,
2017-04-03,0.14676082,0.12723536,0.55099679,0.17500703
2017-04-04,,,,
2017-04-05,,,,
2017-04-06,,,,
2017-04-07,,,,
2017-04-10,,,,
2017-04-11,,,,
2017-04-12,,,,
2017-04-13,,,,
2017-04-17,,,,
2017-04-18,,,,
2017-04-19,,,,
2017-04-20,,,,
2017-04-21,,,,
2017-04-24,,,,
2017-04-25,,,,
2017-04-26,,,,
2017-04-27,,,,
2017-04-28,,,,
2017-05-01,0.14675981,0.12723298,0.55100721,0.17500000
2017-05-02,,,,
2017-05-03,,,,
2017-05-04,,,,
2017-05-05,,,,
2017-05-08,,,,
2017-05-09,,,,
2017-05-10,,,,
2017-05-11,,,,
2017-05-12,,,,
2017-05-15,,,,
2017-05-16,,,,
2017-05-17,,,,
2017-05-18,,,,
2017-05-19,,,,
2017-05-22,,,,
2017-05-23,,,,
2017-05-24,,,,
2017-05-25,,,,
2017-05-26,,,,
2017-05-30,,,,
2017-05-31,,,,
2017-06-01,0.14659888,0.12517535,0.55322568,0.17500009
2017-06-02,,,,
2017-06-05,,,,
2017-06-06,,,,
2017-06-07,,,,
2017-06-08,,,,
2017-06-09,,,,
2017-06-12,,,,
2017-06-13,,,,
2017-06-14,,,,
2017-06-15,,,,
2017-06-16,,,,
2017-06-19,,,,
2017-06-20,,,,
2017-06-21,,,,
2017-06-22,,,,
2017-06-23,,,,
2017-06-26,,,,
2017-06-27,,,,
2017-06-28,,,,
2017-06-29,,,,
2017-06-30,,,,
2017-07-03,0.20721429,0.15798288,0.45979917,0.17500366
2017-07-04,,,,
2017-07-05,,,,
2017-07-06,,,,
2017-07-07,,,,
2017-07-10,,,,
2017-07-11,,,,
2017-07-12,,,,
2017-07-13,,,,
2017-07-14,,,,
2017-07-17,,,,
2017-07-18,,,,
2017-07-19,,,,
2017-07-20,,,,
2017-07-21,,,,
2017-07-24,,,,
2017-07-25,,,,
2017-07-26,,,,
2017-07-27,,,,
2017-07-28,,,,
2017-07-31,,,,
2017-08-01,0.14680943,0.12394069,0.55424740,0.17500247
2017-08-02,,,,
2017-08-03,,,,
2017-08-04,,,,
2017-08-07,,,,
2017-08-08,,,,
2017-08-09,,,,
2017-08-10,,,,
2017-08-11,,,,
2017-08-14,,,,
2017-08-15,,,,
2017-08-16,,,,
2017-08-17,,,,
2017-08-18,,,,
2017-08-21,,,,
2017-08-22,,,,
2017-08-23,,,,
2017-08-24,,,,
2017-08-25,,,,
2017-08-28,,,,
2017-08-29,,,,
2017-08-30,,,,
2017-08-31,,,,
2017-09-01,0.14748037,0.12330901,0.55421062,0.17500000
2017-09-04,,,,
2017-09-05,,,,
2017-09-06,,,,
2017-09-07,,,,
2017-09-08,,,,
2017-09-11,,,,
2017-09-12,,,,
2017-09-13,,,,
2017-09-14,,,,
2017-09-15,,,,
2017-09-18,,,,
2017-09-19,,,,
2017-09-20,,,,
2017-09-21,,,,
2017-09-22,,,,
2017-09-25,,,,
2017-09-26,,,,
2017-09-27,,,,
2017-09-28,,,,
2017-09-29,,,,
2017-10-02,0.14731818,0.12429912,0.55338269,0.17500002
2017-10-03,,,,
2017-10-04,,,,
2017-10-05,,,,
2017-10-06,,,,
2017-10-09,,,,
2017-10-10,,,,
2017-10-11,,,,
2017-10-12,,,,
2017-10-13,,,,
2017-10-16,,,,
2017-10-17,,,,
2017-10-18,,,,
2017-10-19,,,,
2017-10-20,,,,
2017-10-23,,,,
2017-10-24,,,,
2017-10-25,,,,
2017-10-26,,,,
2017-10-27,,,,
2017-10-30,,,,
2017-10-31,,,,
2017-11-01,0.18690986,0.12267862,0.51541107,0.17500045
2017-11-02,,,,
2017-11-03,,,,
2017-11-06,,,,
2017-11-07,,,,
2017-11-08,,,,
2017-11-09,,,,
2017-11-10,,,,
2017-11-13,,,,
2017-11-14,,,,
2017-11-15,,,,
2017-11-16,,,,
2017-11-17,,,,
2017-11-20,,,,
2017-11-21,,,,
2017-11-22,,,,
2017-11-23,,,,
2017-11-24,,,,
2017-11-27,,,,
2017-11-28,,,,
2017-11-29,,,,
2017-11-30,,,,
2017-12-01,0.20653696,0.17079121,0.37267183,0.25000000
2017-12-04,,,,
2017-12-05,,,,
2017-12-06,,,,
2017-12-07,,,,
2017-12-08,,,,
2017-12-11,,,,
2017-12-12,,,,
2017-12-13,,,,
2017-12-14,,,,
2017-12-15,,,,
2017-12-18,,,,
2017-12-19,,,,
2017-12-20,,,,
2017-12-21,,,,
2017-12-22,,,,
2017-12-26,,,,
2017-12-27,,,,
2017-12-28,,,,
2017-12-29,,,,
2018-01-02,0.14596119,0.11870960,0.56032921,0.17500000
2018-01-03,,,,
2018-01-04,,,,
2018-01-05,,,,
2018-01-08,,,,
2018-01-09,,,,
2018-01-10,,,,
2018-01-11,,,,
2018-01-12,,,,
2018-01-15,,,,
2018-01-16,,,,
2018-01-17,,,,
2018-01-18,,,,
2018-01-19,,,,
2018-01-22,,,,
2018-01-23,,,,
2018-01-24,,,,
2018-01-25,,,,
2018-01-26,,,,
2018-01-29,,,,
2018-01-30,,,,
2018-01-31,,,,
2018-02-01,0.20455132,0.16949962,0.37594905,0.25000000
2018-02-02,,,,
2018-02-05,,,,
2018-02-06,,,,
2018-02-07,,,,
2018-02-08,,,,
2018-02-09,,,,
2018-02-12,,,,
2018-02-13,,,,
2018-02-14,,,,
2018-02-15,,,,
2018-02-16,,,,
2018-02-19,,,,
2018-02-20,,,,
2018-02-21,,,,
2018-02-22,,,,
2018-02-23,,,,
2018-02-26,,,,
2018-02-27,,,,
2018-02-28,,,,
2018-03-01,0.13963312,0.11316333,0.57220352,0.17500002
2018-03-02,,,,
2018-03-05,,,,
2018-03-06,,,,
2018-03-07,,,,
2018-03-08,,,,
2018-03-09,,,,
2018-03-12,,,,
2018-03-13,,,,
2018-03-14,,,,
2018-03-15,,,,
2018-03-16,,,,
2018-03-19,,,,
2018-03-20,,,,
2018-03-21,,,,
2018-03-22,,,,
2018-03-23,,,,
2018-03-26,,,,
2018-03-27,,,,
2018-03-28,,,,
2018-03-29,,,,
2018-04-02,0.13860770,0.11111779,0.57527449,0.17500002
2018-04-03,,,,
2018-04-04,,,,
2018-04-05,,,,
2018-04-06,,,,
2018-04-09,,,,
2018-04-10,,,,
2018-04-11,,,,
2018-04-12,,,,
2018-04-13,,,,
2018-04-16,,,,
2018-04-17,,,,
2018-04-18,,,,
2018-04-19,,,,
2018-04-20,,,,
2018-04-23,,,,
2018-04-24,,,,
2018-04-25,,,,
2018-04-26,,,,
2018-04-27,,,,
2018-04-30,,,,
2018-05-01,0.13773333,0.10965887,0.57760760,0.17500020
2018-05-02,,,,
2018-05-03,,,,
2018-05-04,,,,
2018-05-07,,,,
2018-05-08,,,,
2018-05-09,,,,
2018-05-10,,,,
2018-05-11,,,,
2018-05-14,,,,
2018-05-15,,,,
2018-05-16,,,,
2018-05-17,,,,
2018-05-18,,,,
2018-05-21,,,,
2018-05-22,,,,
2018-05-23,,,,
2018-05-24,,,,
2018-05-25,,,,
2018-05-29,,,,
2018-05-30,,,,
2018-05-31,,,,
2018-06-01,0.13797272,0.10984102,0.57718626,0.17500000
2018-06-04,,,,
2018-06-05,,,,
2018-06-06,,,,
2018-06-07,,,,
2018-06-08,,,,
2018-06-11,,,,
2018-06-12,,,,
2018-06-13,,,,
2018-06-14,,,,
2018-06-15,,,,
2018-06-18,,,,
2018-06-19,,,,
2018-06-20,,,,
2018-06-21,,,,
2018-06-22,,,,
2018-06-25,,,,
2018-06-26,,,,
2018-06-27,,,,
2018-06-28,,,,
2018-06-29,,,,
2018-07-02,0.13705557,0.10880243,0.57914199,0.17500000
2018-07-03,,,,
2018-07-04,,,,
2018-07-05,,,,
2018-07-06,,,,
2018-07-09,,,,
2018-07-10,,,,
2018-07-11,,,,
2018-07-12,,,,
2018-07-13,,,,
2018-07-16,,,,
2018-07-17,,,,
2018-07-18,,,,
2018-07-19,,,,
2018-07-20,,,,
2018-07-23,,,,
2018-07-24,,,,
2018-07-25,,,,
2018-07-26,,,,
2018-07-27,,,,
2018-07-30,,,,
2018-07-31,,,,
2018-08-01,0.13715515,0.10958557,0.57825928,0.17500000
2018-08-02,,,,
2018-08-03,,,,
2018-08-06,,,,
2018-08-07,,,,
2018-08-08,,,,
2018-08-09,,,,
2018-08-10,,,,
2018-08-13,,,,
2018-08-14,,,,
2018-08-15,,,,
2018-08-16,,,,
2018-08-17,,,,
2018-08-20,,,,
2018-08-21,,,,
2018-08-22,,,,
2018-08-23,,,,
2018-08-24,,,,
2018-08-27,,,,
2018-08-28,,,,
2018-08-29,,,,
2018-08-30,,,,
2018-08-31,,,,
2018-09-03,0.14788844,0.11306941,0.56404214,0.17500001
2018-09-04,,,,
2018-09-05,,,,
2018-09-06,,,,
2018-09-07,,,,
2018-09-10,,,,
2018-09-11,,,,
2018-09-12,,,,
2018-09-13,,,,
2018-09-14,,,,
2018-09-17,,,,
2018-09-18,,,,
2018-09-19,,,,
2018-09-20,,,,
2018-09-21,,,,
2018-09-24,,,,
2018-09-25,,,,
2018-09-26,,,,
2018-09-27,,,,
2018-09-28,,,,
2018-10-01,0.15180293,0.11241339,0.56078367,0.17500000
2018-10-02,,,,
2018-10-03,,,,
2018-10-04,,,,
2018-10-05,,,,
2018-10-08,,,,
2018-10-09,,,,
2018-10-10,,,,
2018-10-11,,,,
2018-10-12,,,,
2018-10-15,,,,
2018-10-16,,,,
2018-10-17,,,,
2018-10-18,,,,
2018-10-19,,,,
2018-10-22,,,,
2018-10-23,,,,
2018-10-24,,,,
2018-10-25,,,,
2018-10-26,,,,
2018-10-29,,,,
2018-10-30,,,,
2018-10-31,,,,
2018-11-01,0.15652863,0.10671427,0.56175696,0.17500014
2018-11-02,,,,
2018-11-05,,,,
2018-11-06,,,,
2018-11-07,,,,
2018-11-08,,,,
2018-11-09,,,,
2018-11-12,,,,
2018-11-13,,,,
2018-11-14,,,,
2018-11-15,,,,
2018-11-16,,,,
2018-11-19,,,,
2018-11-20,,,,
2018-11-21,,,,
2018-11-22,,,,
2018-11-23,,,,
2018-11-26,,,,
2018-11-27,,,,
2018-11-28,,,,
2018-11-29,,,,
2018-11-30,,,,
2018-12-03,0.14891856,0.10181714,0.57426429,0.17500000
2018-12-04,,,,
2018-12-05,,,,
2018-12-06,,,,
2018-12-07,,,,
2018-12-10,,,,
2018-12-11,,,,
2018-12-12,,,,
2018-12-13,,,,
2018-12-14,,,,
2018-12-17,,,,
2018-12-18,,,,
2018-12-19,,,,
2018-12-20,,,,
2018-12-21,,,,
2018-12-24,,,,
2018-12-26,,,,
2018-12-27,,,,
2018-12-28,,,,
2018-12-31,,,,
2019-01-02,0.15125459,0.09796276,0.57578265,0.17500000
2019-01-03,,,,
2019-01-04,,,,
2019-01-07,,,,
2019-01-08,,,,
2019-01-09,,,,
2019-01-10,,,,
2019-01-11,,,,
2019-01-14,,,,
2019-01-15,,,,
2019-01-16,,,,
2019-01-17,,,,
2019-01-18,,,,
2019-01-21,,,,
2019-01-22,,,,
2019-01-23,,,,
2019-01-24,,,,
2019-01-25,,,,
2019-01-28,,,,
2019-01-29,,,,
2019-01-30,,,,
2019-01-31,,,,
2019-02-01,0.15504515,0.09386550,0.57608935,0.17500000
2019-02-04,,,,
2019-02-05,,,,
2019-02-06,,,,
2019-02-07,,,,
2019-02-08,,,,
2019-02-11,,,,
2019-02-12,,,,
2019-02-13,,,,
2019-02-14,,,,
2019-02-15,,,,
2019-02-18,,,,
2019-02-19,,,,
2019-02-20,,,,
2019-02-21,,,,
2019-02-22,,,,
2019-02-25,,,,
2019-02-26,,,,
2019-02-27,,,,
2019-02-28,,,,
2019-03-01,0.15286042,0.09359395,0.57854511,0.17500052
2019-03-04,,,,
2019-03-05,,,,
2019-03-06,,,,
2019-03-07,,,,
2019-03-08,,,,
2019-03-11,,,,
2019-03-12,,,,
2019-03-13,,,,
2019-03-14,,,,
2019-03-15,,,,
2019-03-18,,,,
2019-03-19,,,,
2019-03-20,,,,
2019-03-21,,,,
2019-03-22,,,,
2019-03-25,,,,
2019-03-26,,,,
2019-03-27,,,,
2019-03-28,,,,
2019-03-29,,,,
2019-04-01,0.14969946,0.09257697,0.58272355,0.17500001
2019-04-02,,,,
2019-04-03,,,,
2019-04-04,,,,
2019-04-05,,,,
2019-04-08,,,,
2019-04-09,,,,
2019-04-10,,,,
2019-04-11,,,,
2019-04-12,,,,
2019-04-15,,,,
2019-04-16,,,,
2019-04-17,,,,
2019-04-18,,,,
2019-04-22,,,,
2019-04-23,,,,
2019-04-24,,,,
2019-04-25,,,,
2019-04-26,,,,
2019-04-29,,,,
2019-04-30,,,,
2019-05-01,0.14839929,0.09074998,0.58585072,0.17500000
2019-05-02,,,,
2019-05-03,,,,
2019-05-06,,,,
2019-05-07,,,,
2019-05-08,,,,
2019-05-09,,,,
2019-05-10,,,,
2019-05-13,,,,
2019-05-14,,,,
2019-05-15,,,,
2019-05-16,,,,
2019-05-17,,,,
2019-05-20,,,,
2019-05-21,,,,
2019-05-22,,,,
2019-05-23,,,,
2019-05-24,,,,
2019-05-28,,,,
2019-05-29,,,,
2019-05-30,,,,
2019-05-31,,,,
2019-06-03,0.14552267,0.08848084,0.59099648,0.17500001
2019-06-04,,,,
2019-06-05,,,,
2019-06-06,,,,
2019-06-07,,,,
2019-06-10,,,,
2019-06-11,,,,
2019-06-12,,,,
2019-06-13,,,,
2019-06-14,,,,
2019-06-17,,,,
2019-06-18,,,,
2019-06-19,,,,
2019-06-20,,,,
2019-06-21,,,,
2019-06-24,,,,
2019-06-25,,,,
2019-06-26,,,,
2019-06-27,,,,
2019-06-28,,,,
2019-07-01,0.14317575,0.12525581,0.55656838,0.17500006
2019-07-02,,,,
2019-07-03,,,,
2019-07-04,,,,
2019-07-05,,,,
2019-07-08,,,,
2019-07-09,,,,
2019-07-10,,,,
2019-07-11,,,,
2019-07-12,,,,
2019-07-15,,,,
2019-07-16,,,,
2019-07-17,,,,
2019-07-18,,,,
2019-07-19,,,,
2019-07-22,,,,
2019-07-23,,,,
2019-07-24,,,,
2019-07-25,,,,
2019-07-26,,,,
2019-07-29,,,,
2019-07-30,,,,
2019-07-31,,,,
2019-08-01,0.20617075,0.12669765,0.41713159,0.25000000
2019-08-02,,,,
2019-08-05,,,,
2019-08-06,,,,
2019-08-07,,,,
2019-08-08,,,,
2019-08-09,,,,
2019-08-12,,,,
2019-08-13,,,,
2019-08-14,,,,
2019-08-15,,,,
2019-08-16,,,,
2019-08-19,,,,
2019-08-20,,,,
2019-08-21,,,,
2019-08-22,,,,
2019-08-23,,,,
2019-08-26,,,,
2019-08-27,,,,
2019-08-28,,,,
2019-08-29,,,,
2019-08-30,,,,
2019-09-02,0.13951101,0.08594632,0.59954266,0.17500001
2019-09-03,,,,
2019-09-04,,,,
2019-09-05,,,,
2019-09-06,,,,
2019-09-09,,,,
2019-09-10,,,,
2019-09-11,,,,
2019-09-12,,,,
2019-09-13,,,,
2019-09-16,,,,
2019-09-17,,,,
2019-09-18,,,,
2019-09-19,,,,
2019-09-20,,,,
2019-09-23,,,,
2019-09-24,,,,
2019-09-25,,,,
2019-09-26,,,,
2019-09-27,,,,
2019-09-30,,,,
2019-10-01,0.13972251,0.09122311,0.59405435,0.17500003
2019-10-02,,,,
2019-10-03,,,,
2019-10-04,,,,
2019-10-07,,,,
2019-10-08,,,,
2019-10-09,,,,
2019-10-10,,,,
2019-10-11,,,,
2019-10-14,,,,
2019-10-15,,,,
2019-10-16,,,,
2019-10-17,,,,
2019-10-18,,,,
2019-10-21,,,,
2019-10-22,,,,
2019-10-23,,,,
2019-10-24,,,,
2019-10-25,,,,
2019-10-28,,,,
2019-10-29,,,,
2019-10-30,,,,
2019-10-31,,,,
2019-11-01,0.32936142,0.08423591,0.41140266,0.17500001
2019-11-04,,,,
2019-11-05,,,,
2019-11-06,,,,
2019-11-07,,,,
2019-11-08,,,,
2019-11-11,,,,
2019-11-12,,,,
2019-11-13,,,,
2019-11-14,,,,
2019-11-15,,,,
2019-11-18,,,,
2019-11-19,,,,
2019-11-20,,,,
2019-11-21,,,,
2019-11-22,,,,
2019-11-25,,,,
2019-11-26,,,,
2019-11-27,,,,
2019-11-28,,,,
2019-11-29,,,,
2019-12-02,0.18984764,0.11955994,0.44059242,0.25000000
2019-12-03,,,,
2019-12-04,,,,
2019-12-05,,,,
2019-12-06,,,,
2019-12-09,,,,
2019-12-10,,,,
2019-12-11,,,,
2019-12-12,,,,
2019-12-13,,,,
2019-12-16,,,,
2019-12-17,,,,
2019-12-18,,,,
2019-12-19,,,,
2019-12-20,,,,
2019-12-23,,,,
2019-12-24,,,,
2019-12-26,,,,
2019-12-27,,,,
2019-12-30,,,,
2019-12-31,,,,
2020-01-02,0.18970732,0.11975701,0.44053567,0.25000000
2020-01-03,,,,
2020-01-06,,,,
2020-01-07,,,,
2020-01-08,,,,
2020-01-09,,,,
2020-01-10,,,,
2020-01-13,,,,
2020-01-14,,,,
2020-01-15,,,,
2020-01-16,,,,
2020-01-17,,,,
2020-01-20,,,,
2020-01-21,,,,
2020-01-22,,,,
2020-01-23,,,,
2020-01-24,,,,
2020-01-27,,,,
2020-01-28,,,,
2020-01-29,,,,
2020-01-30,,,,
2020-01-31,,,,
2020-02-03,0.13135948,0.08302350,0.61061702,0.17500000
2020-02-04,,,,
2020-02-05,,,,
2020-02-06,,,,
2020-02-07,,,,
2020-02-10,,,,
2020-02-11,,,,
2020-02-12,,,,
2020-02-13,,,,
2020-02-14,,,,
2020-02-17,,,,
2020-02-18,,,,
2020-02-19,,,,
2020-02-20,,,,
2020-02-21,,,,
2020-02-24,,,,
2020-02-25,,,,
2020-02-26,,,,
2020-02-27,,,,
2020-02-28,,,,
2020-03-02,0.18532393,0.11900386,0.44567220,0.25000000
2020-03-03,,,,
2020-03-04,,,,
2020-03-05,,,,
2020-03-06,,,,
2020-03-09,,,,
2020-03-10,,,,
2020-03-11,,,,
2020-03-12,,,,
2020-03-13,,,,
2020-03-16,,,,
2020-03-17,,,,
2020-03-18,,,,
2020-03-19,,,,
2020-03-20,,,,
2020-03-23,,,,
2020-03-24,,,,
2020-03-25,,,,
2020-03-26,,,,
2020-03-27,,,,
2020-03-30,,,,
2020-03-31,,,,
2020-04-01,0.38777728,0.11361482,0.32360790,0.17500000
2020-04-02,,,,
2020-04-03,,,,
2020-04-06,,,,
2020-04-07,,,,
2020-04-08,,,,
2020-04-09,,,,
2020-04-13,,,,
2020-04-14,,,,
2020-04-15,,,,
2020-04-16,,,,
2020-04-17,,,,
2020-04-20,,,,
2020-04-21,,,,
2020-04-22,,,,
2020-04-23,,,,
2020-04-24,,,,
2020-04-27,,,,
2020-04-28,,,,
2020-04-29,,,,
2020-04-30,,,,
2020-05-01,0.42154156,0.07664977,0.32680867,0.17500000
2020-05-04,,,,
2020-05-05,,,,
2020-05-06,,,,
2020-05-07,,,,
2020-05-08,,,,
2020-05-11,,,,
2020-05-12,,,,
2020-05-13,,,,
2020-05-14,,,,
2020-05-15,,,,
2020-05-18,,,,
2020-05-19,,,,
2020-05-20,,,,
2020-05-21,,,,
2020-05-22,,,,
2020-05-26,,,,
2020-05-27,,,,
2020-05-28,,,,
2020-05-29,,,,
2020-06-01,0.28247398,0.18195864,0.32662077,0.20894661
2020-06-02,,,,
2020-06-03,,,,
2020-06-04,,,,
2020-06-05,,,,
2020-06-08,,,,
2020-06-09,,,,
2020-06-10,,,,
2020-06-11,,,,
2020-06-12,,,,
2020-06-15,,,,
2020-06-16,,,,
2020-06-17,,,,
2020-06-18,,,,
2020-06-19,,,,
2020-06-22,,,,
2020-06-23,,,,
2020-06-24,,,,
2020-06-25,,,,
2020-06-26,,,,
2020-06-29,,,,
2020-06-30,,,,
2020-07-01,0.42097295,0.07632555,0.32770150,0.17500000
2020-07-02,,,,
2020-07-03,,,,
2020-07-06,,,,
2020-07-07,,,,
2020-07-08,,,,
2020-07-09,,,,
2020-07-10,,,,
2020-07-13,,,,
2020-07-14,,,,
2020-07-15,,,,
2020-07-16,,,,
2020-07-17,,,,
2020-07-20,,,,
2020-07-21,,,,
2020-07-22,,,,
2020-07-23,,,,
2020-07-24,,,,
2020-07-27,,,,
2020-07-28,,,,
2020-07-29,,,,
2020-07-30,,,,
2020-07-31,,,,
2020-08-03,0.24971248,0.10412550,0.47116200,0.17500002
2020-08-04,,,,
2020-08-05,,,,
2020-08-06,,,,
2020-08-07,,,,
2020-08-10,,,,
2020-08-11,,,,
2020-08-12,,,,
2020-08-13,,,,
2020-08-14,,,,
2020-08-17,,,,
2020-08-18,,,,
2020-08-19,,,,
2020-08-20,,,,
2020-08-21,,,,
2020-08-24,,,,
2020-08-25,,,,
2020-08-26,,,,
2020-08-27,,,,
2020-08-28,,,,
2020-08-31,,,,
2020-09-01,0.29432144,0.09041863,0.44025988,0.17500006
2020-09-02,,,,
2020-09-03,,,,
2020-09-04,,,,
2020-09-07,,,,
2020-09-08,,,,
2020-09-09,,,,
2020-09-10,,,,
2020-09-11,,,,
2020-09-14,,,,
2020-09-15,,,,
2020-09-16,,,,
2020-09-17,,,,
2020-09-18,,,,
2020-09-21,,,,
2020-09-22,,,,
2020-09-23,,,,
2020-09-24,,,,
2020-09-25,,,,
2020-09-28,,,,
2020-09-29,,,,
2020-09-30,,,,
2020-10-01,0.42980768,0.08075890,0.31443340,0.17500002
2020-10-02,,,,
2020-10-05,,,,
2020-10-06,,,,
2020-10-07,,,,
2020-10-08,,,,
2020-10-09,,,,
2020-10-12,,,,
2020-10-13,,,,
2020-10-14,,,,
2020-10-15,,,,
2020-10-16,,,,
2020-10-19,,,,
2020-10-20,,,,
2020-10-21,,,,
2020-10-22,,,,
2020-10-23,,,,
2020-10-26,,,,
2020-10-27,,,,
2020-10-28,,,,
2020-10-29,,,,
2020-10-30,,,,
2020-11-02,0.43024275,0.08056342,0.31419382,0.17500001
2020-11-03,,,,
2020-11-04,,,,
2020-11-05,,,,
2020-11-06,,,,
2020-11-09,,,,
2020-11-10,,,,
2020-11-11,,,,
2020-11-12,,,,
2020-11-13,,,,
2020-11-16,,,,
2020-11-17,,,,
2020-11-18,,,,
2020-11-19,,,,
2020-11-20,,,,
2020-11-23,,,,
2020-11-24,,,,
2020-11-25,,,,
2020-11-26,,,,
2020-11-27,,,,
2020-11-30,,,,
2020-12-01,0.19139556,0.12986590,0.50370728,0.17503126
2020-12-02,,,,
2020-12-03,,,,
2020-12-04,,,,
2020-12-07,,,,
2020-12-08,,,,
2020-12-09,,,,
2020-12-10,,,,
2020-12-11,,,,
2020-12-14,,,,
2020-12-15,,,,
2020-12-16,,,,
2020-12-17,,,,
2020-12-18,,,,
2020-12-21,,,,
2020-12-22,,,,
2020-12-23,,,,
2020-12-24,,,,
2020-12-28,,,,
2020-12-29,,,,
2020-12-30,,,,
2020-12-31,,,,
2021-01-04,0.13438201,0.10302429,0.30735084,0.45524287
2021-01-05,,,,
2021-01-06,,,,
2021-01-07,,,,
2021-01-08,,,,
2021-01-11,,,,
2021-01-12,,,,
2021-01-13,,,,
2021-01-14,,,,
2021-01-15,,,,
2021-01-18,,,,
2021-01-19,,,,
2021-01-20,,,,
2021-01-21,,,,
2021-01-22,,,,
2021-01-25,,,,
2021-01-26,,,,
2021-01-27,,,,
2021-01-28,,,,
2021-01-29,,,,
2021-02-01,0.43792316,0.08489137,0.30218547,0.17500000
2021-02-02,,,,
2021-02-03,,,,
2021-02-04,,,,
2021-02-05,,,,
2021-02-08,,,,
2021-02-09,,,,
2021-02-10,,,,
2021-02-11,,,,
2021-02-12,,,,
2021-02-15,,,,
2021-02-16,,,,
2021-02-17,,,,
2021-02-18,,,,
2021-02-19,,,,
2021-02-22,,,,
2021-02-23,,,,
2021-02-24,,,,
2021-02-25,,,,
2021-02-26,,,,
2021-03-01,0.14042338,0.08565301,0.30935146,0.46457214
2021-03-02,,,,
2021-03-03,,,,
2021-03-04,,,,
2021-03-05,,,,
2021-03-08,,,,
2021-03-09,,,,
2021-03-10,,,,
2021-03-11,,,,
2021-03-12,,,,
2021-03-15,,,,
2021-03-16,,,,
2021-03-17,,,,
2021-03-18,,,,
2021-03-19,,,,
2021-03-22,,,,
2021-03-23,,,,
2021-03-24,,,,
2021-03-25,,,,
2021-03-26,,,,
2021-03-29,,,,
2021-03-30,,,,
2021-03-31,,,,
2021-04-01,0.14070676,0.08606705,0.29822638,0.47499982
2021-04-05,,,,
2021-04-06,,,,
2021-04-07,,,,
2021-04-08,,,,
2021-04-09,,,,
2021-04-12,,,,
2021-04-13,,,,
2021-04-14,,,,
2021-04-15,,,,
2021-04-16,,,,
2021-04-19,,,,
2021-04-20,,,,
2021-04-21,,,,
2021-04-22,,,,
2021-04-23,,,,
2021-04-26,,,,
2021-04-27,,,,
2021-04-28,,,,
2021-04-29,,,,
2021-04-30,,,,
2021-05-03,0.28268259,0.11623001,0.42608738,0.17500002
2021-05-04,,,,
2021-05-05,,,,
2021-05-06,,,,
2021-05-07,,,,
2021-05-10,,,,
2021-05-11,,,,
2021-05-12,,,,
2021-05-13,,,,
2021-05-14,,,,
2021-05-17,,,,
2021-05-18,,,,
2021-05-19,,,,
2021-05-20,,,,
2021-05-21,,,,
2021-05-24,,,,
2021-05-25,,,,
2021-05-26,,,,
2021-05-27,,,,
2021-05-28,,,,
2021-06-01,0.14030878,0.08605759,0.50908520,0.26454844
2021-06-02,,,,
2021-06-03,,,,
2021-06-04,,,,
2021-06-07,,,,
2021-06-08,,,,
2021-06-09,,,,
2021-06-10,,,,
2021-06-11,,,,
2021-06-14,,,,
2021-06-15,,,,
2021-06-16,,,,
2021-06-17,,,,
2021-06-18,,,,
2021-06-21,,,,
2021-06-22,,,,
2021-06-23,,,,
2021-06-24,,,,
2021-06-25,,,,
2021-06-28,,,,
2021-06-29,,,,
2021-06-30,,,,
2021-07-01,0.14228505,0.12575555,0.55692430,0.17503510
2021-07-02,,,,
2021-07-05,,,,
2021-07-06,,,,
2021-07-07,,,,
2021-07-08,,,,
2021-07-09,,,,
2021-07-12,,,,
2021-07-13,,,,
2021-07-14,,,,
2021-07-15,,,,
2021-07-16,,,,
2021-07-19,,,,
2021-07-20,,,,
2021-07-21,,,,
2021-07-22,,,,
2021-07-23,,,,
2021-07-26,,,,
2021-07-27,,,,
2021-07-28,,,,
2021-07-29,,,,
2021-07-30,,,,
2021-08-02,0.44222635,0.08723373,0.29553993,0.17500000
2021-08-03,,,,
2021-08-04,,,,
2021-08-05,,,,
2021-08-06,,,,
2021-08-09,,,,
2021-08-10,,,,
2021-08-11,,,,
2021-08-12,,,,
2021-08-13,,,,
2021-08-16,,,,
2021-08-17,,,,
2021-08-18,,,,
2021-08-19,,,,
2021-08-20,,,,
2021-08-23,,,,
2021-08-24,,,,
2021-08-25,,,,
2021-08-26,,,,
2021-08-27,,,,
2021-08-30,,,,
2021-08-31,,,,
2021-09-01,0.14321279,0.14873667,0.52311444,0.18493610
2021-09-02,,,,
2021-09-03,,,,
2021-09-06,,,,
2021-09-07,,,,
2021-09-08,,,,
2021-09-09,,,,
2021-09-10,,,,
2021-09-13,,,,
2021-09-14,,,,
2021-09-15,,,,
2021-09-16,,,,
2021-09-17,,,,
2021-09-20,,,,
2021-09-21,,,,
2021-09-22,,,,
2021-09-23,,,,
2021-09-24,,,,
2021-09-27,,,,
2021-09-28,,,,
2021-09-29,,,,
2021-09-30,,,,
2021-10-01,0.14516404,0.09051119,0.29101805,0.47330672
2021-10-04,,,,
2021-10-05,,,,
2021-10-06,,,,
2021-10-07,,,,
2021-10-08,,,,
2021-10-11,,,,
2021-10-12,,,,
2021-10-13,,,,
2021-10-14,,,,
2021-10-15,,,,
2021-10-18,,,,
2021-10-19,,,,
2021-10-20,,,,
2021-10-21,,,,
2021-10-22,,,,
2021-10-25,,,,
2021-10-26,,,,
2021-10-27,,,,
2021-10-28,,,,
2021-10-29,,,,
2021-11-01,0.14382540,0.09015755,0.29102196,0.47499508
2021-11-02,,,,
2021-11-03,,,,
2021-11-04,,,,
2021-11-05,,,,
2021-11-08,,,,
2021-11-09,,,,
2021-11-10,,,,
2021-11-11,,,,
2021-11-12,,,,
2021-11-15,,,,
2021-11-16,,,,
2021-11-17,,,,
2021-11-18,,,,
2021-11-19,,,,
2021-11-22,,,,
2021-11-23,,,,
2021-11-24,,,,
2021-11-25,,,,
2021-11-26,,,,
2021-11-29,,,,
2021-11-30,,,,
2021-12-01,0.14456380,0.15160524,0.50432138,0.19950957
2021-12-02,,,,
2021-12-03,,,,
2021-12-06,,,,
2021-12-07,,,,
2021-12-08,,,,
2021-12-09,,,,
2021-12-10,,,,
2021-12-13,,,,
2021-12-14,,,,
2021-12-15,,,,
2021-12-16,,,,
2021-12-17,,,,
2021-12-20,,,,
2021-12-21,,,,
2021-12-22,,,,
2021-12-23,,,,
2021-12-24,,,,
2021-12-27,,,,
2021-12-28,,,,
2021-12-29,,,,
2021-12-30,,,,
2021-12-31,,,,
2022-01-03,0.14497176,0.34755349,0.28718839,0.22028637
2022-01-04,,,,
2022-01-05,,,,
2022-01-06,,,,
2022-01-07,,,,
2022-01-10,,,,
2022-01-11,,,,
2022-01-12,,,,
2022-01-13,,,,
2022-01-14,,,,
2022-01-17,,,,
2022-01-18,,,,
2022-01-19,,,,
2022-01-20,,,,
2022-01-21,,,,
2022-01-24,,,,
2022-01-25,,,,
2022-01-26,,,,
2022-01-27,,,,
2022-01-28,,,,
2022-01-31,,,,
2022-02-01,0.14375681,0.11839222,0.54844779,0.18940318
2022-02-02,,,,
2022-02-03,,,,
2022-02-04,,,,
2022-02-07,,,,
2022-02-08,,,,
2022-02-09,,,,
2022-02-10,,,,
2022-02-11,,,,
2022-02-14,,,,
2022-02-15,,,,
2022-02-16,,,,
2022-02-17,,,,
2022-02-18,,,,
2022-02-21,,,,
2022-02-22,,,,
2022-02-23,,,,
2022-02-24,,,,
2022-02-25,,,,
2022-02-28,,,,
2022-03-01,0.20589934,0.13239158,0.41170908,0.25000000
2022-03-02,,,,
2022-03-03,,,,
2022-03-04,,,,
2022-03-07,,,,
2022-03-08,,,,
2022-03-09,,,,
2022-03-10,,,,
2022-03-11,,,,
2022-03-14,,,,
2022-03-15,,,,
2022-03-16,,,,
2022-03-17,,,,
2022-03-18,,,,
2022-03-21,,,,
2022-03-22,,,,
2022-03-23,,,,
2022-03-24,,,,
2022-03-25,,,,
2022-03-28,,,,
2022-03-29,,,,
2022-03-30,,,,
2022-03-31,,,,
2022-04-01,0.14706652,0.12078500,0.55714843,0.17500005
2022-04-04,,,,
2022-04-05,,,,
2022-04-06,,,,
2022-04-07,,,,
2022-04-08,,,,
2022-04-11,,,,
2022-04-12,,,,
2022-04-13,,,,
2022-04-14,,,,
2022-04-18,,,,
2022-04-19,,,,
2022-04-20,,,,
2022-04-21,,,,
2022-04-22,,,,
2022-04-25,,,,
2022-04-26,,,,
2022-04-27,,,,
2022-04-28,,,,
2022-04-29,,,,
2022-05-02,0.14729212,0.14184019,0.53586767,0.17500002
2022-05-03,,,,
2022-05-04,,,,
2022-05-05,,,,
2022-05-06,,,,
2022-05-09,,,,
2022-05-10,,,,
2022-05-11,,,,
2022-05-12,,,,
2022-05-13,,,,
2022-05-16,,,,
2022-05-17,,,,
2022-05-18,,,,
2022-05-19,,,,
2022-05-20,,,,
2022-05-23,,,,
2022-05-24,,,,
2022-05-25,,,,
2022-05-26,,,,
2022-05-27,,,,
2022-05-30,,,,
2022-05-31,,,,
2022-06-01,0.14676222,0.16147486,0.49047485,0.20128807
2022-06-02,,,,
2022-06-03,,,,
2022-06-06,,,,
2022-06-07,,,,
2022-06-08,,,,
2022-06-09,,,,
2022-06-10,,,,
2022-06-13,,,,
2022-06-14,,,,
2022-06-15,,,,
2022-06-16,,,,
2022-06-17,,,,
2022-06-20,,,,
2022-06-21,,,,
2022-06-22,,,,
2022-06-23,,,,
2022-06-24,,,,
2022-06-27,,,,
2022-06-28,,,,
2022-06-29,,,,
2022-06-30,,,,
2022-07-01,0.26116309,0.19021949,0.37359093,0.17502649
2022-07-04,,,,
2022-07-05,,,,
2022-07-06,,,,
2022-07-07,,,,
2022-07-08,,,,
2022-07-11,,,,
2022-07-12,,,,
2022-07-13,,,,
2022-07-14,,,,
2022-07-15,,,,
2022-07-18,,,,
2022-07-19,,,,
2022-07-20,,,,
2022-07-21,,,,
2022-07-22,,,,
2022-07-25,,,,
2022-07-26,,,,
2022-07-27,,,,
2022-07-28,,,,
2022-07-29,,,,
2022-08-01,0.14471724,0.08980174,0.37930564,0.38617537
2022-08-02,,,,
2022-08-03,,,,
2022-08-04,,,,
2022-08-05,,,,
2022-08-08,,,,
2022-08-09,,,,
2022-08-10,,,,
2022-08-11,,,,
2022-08-12,,,,
2022-08-15,,,,
2022-08-16,,,,
2022-08-17,,,,
2022-08-18,,,,
2022-08-19,,,,
2022-08-22,,,,
2022-08-23,,,,
2022-08-24,,,,
2022-08-25,,,,
2022-08-26,,,,
2022-08-29,,,,
2022-08-30,,,,
2022-08-31,,,,
2022-09-01,0.14429803,0.08898331,0.59171865,0.17500001
2022-09-02,,,,
2022-09-05,,,,
2022-09-06,,,,
2022-09-07,,,,
2022-09-08,,,,
2022-09-09,,,,
2022-09-12,,,,
2022-09-13,,,,
2022-09-14,,,,
2022-09-15,,,,
2022-09-16,,,,
2022-09-19,,,,
2022-09-20,,,,
2022-09-21,,,,
2022-09-22,,,,
2022-09-23,,,,
2022-09-26,,,,
2022-09-27,,,,
2022-09-28,,,,
2022-09-29,,,,
2022-09-30,,,,
2022-10-03,0.44326969,0.08798322,0.29374709,0.17500000
2022-10-04,,,,
2022-10-05,,,,
2022-10-06,,,,
2022-10-07,,,,
2022-10-10,,,,
2022-10-11,,,,
2022-10-12,,,,
2022-10-13,,,,
2022-10-14,,,,
2022-10-17,,,,
2022-10-18,,,,
2022-10-19,,,,
2022-10-20,,,,
2022-10-21,,,,
2022-10-24,,,,
2022-10-25,,,,
2022-10-26,,,,
2022-10-27,,,,
2022-10-28,,,,
2022-10-31,,,,
2022-11-01,0.42188866,0.08732717,0.31578417,0.17500000
2022-11-02,,,,
2022-11-03,,,,
2022-11-04,,,,
2022-11-07,,,,
2022-11-08,,,,
2022-11-09,,,,
2022-11-10,,,,
2022-11-11,,,,
2022-11-14,,,,
2022-11-15,,,,
2022-11-16,,,,
2022-11-17,,,,
2022-11-18,,,,
2022-11-21,,,,
2022-11-22,,,,
2022-11-23,,,,
2022-11-24,,,,
2022-11-25,,,,
2022-11-28,,,,
2022-11-29,,,,
2022-11-30,,,,
2022-12-01,0.36053321,0.16994983,0.29451695,0.17500001
2022-12-02,,,,
2022-12-05,,,,
2022-12-06,,,,
2022-12-07,,,,
2022-12-08,,,,
2022-12-09,,,,
2022-12-12,,,,
2022-12-13,,,,
2022-12-14,,,,
2022-12-15,,,,
2022-12-16,,,,
2022-12-19,,,,
2022-12-20,,,,
2022-12-21,,,,
2022-12-22,,,,
2022-12-23,,,,
2022-12-27,,,,
2022-12-28,,,,
2022-12-29,,,,
2022-12-30,,,,
2023-01-03,0.14299543,0.08681327,0.59519130,0.17500000
2023-01-04,,,,
2023-01-05,,,,
2023-01-06,,,,
2023-01-09,,,,
2023-01-10,,,,
2023-01-11,,,,
2023-01-12,,,,
2023-01-13,,,,
2023-01-16,,,,
2023-01-17,,,,
2023-01-18,,,,
2023-01-19,,,,
2023-01-20,,,,
2023-01-23,,,,
2023-01-24,,,,
2023-01-25,,,,
2023-01-26,,,,
2023-01-27,,,,
2023-01-30,,,,
2023-01-31,,,,
2023-02-01,0.14494772,0.08714247,0.50350645,0.26440336
2023-02-02,,,,
2023-02-03,,,,
2023-02-06,,,,
2023-02-07,,,,
2023-02-08,,,,
2023-02-09,,,,
2023-02-10,,,,
2023-02-13,,,,
2023-02-14,,,,
2023-02-15,,,,
2023-02-16,,,,
2023-02-17,,,,
2023-02-20,,,,
2023-02-21,,,,
2023-02-22,,,,
2023-02-23,,,,
2023-02-24,,,,
2023-02-27,,,,
2023-02-28,,,,
2023-03-01,0.22408133,0.13575212,0.39016655,0.25000000
2023-03-02,,,,
2023-03-03,,,,
2023-03-06,,,,
2023-03-07,,,,
2023-03-08,,,,
2023-03-09,,,,
2023-03-10,,,,
2023-03-13,,,,
2023-03-14,,,,
2023-03-15,,,,
2023-03-16,,,,
2023-03-17,,,,
2023-03-20,,,,
2023-03-21,,,,
2023-03-22,,,,
2023-03-23,,,,
2023-03-24,,,,
2023-03-27,,,,
2023-03-28,,,,
2023-03-29,,,,
2023-03-30,,,,
2023-03-31,,,,
2023-04-03,0.46467674,0.09693708,0.26338617,0.17500001
2023-04-04,,,,
2023-04-05,,,,
2023-04-06,,,,
2023-04-10,,,,
2023-04-11,,,,
2023-04-12,,,,
2023-04-13,,,,
2023-04-14,,,,
2023-04-17,,,,
2023-04-18,,,,
2023-04-19,,,,
2023-04-20,,,,
2023-04-21,,,,
2023-04-24,,,,
2023-04-25,,,,
2023-04-26,,,,
2023-04-27,,,,
2023-04-28,,,,
2023-05-01,0.16688978,0.09614425,0.56196596,0.17500000
2023-05-02,,,,
2023-05-03,,,,
2023-05-04,,,,
2023-05-05,,,,
2023-05-08,,,,
2023-05-09,,,,
2023-05-10,,,,
2023-05-11,,,,
2023-05-12,,,,
2023-05-15,,,,
2023-05-16,,,,
2023-05-17,,,,
2023-05-18,,,,
2023-05-19,,,,
2023-05-22,,,,
2023-05-23,,,,
2023-05-24,,,,
2023-05-25,,,,
2023-05-26,,,,
2023-05-30,,,,
2023-05-31,,,,
2023-06-01,0.16828100,0.09756287,0.55915611,0.17500002
2023-06-02,,,,
2023-06-05,,,,
2023-06-06,,,,
2023-06-07,,,,
2023-06-08,,,,
2023-06-09,,,,
2023-06-12,,,,
2023-06-13,,,,
2023-06-14,,,,
2023-06-15,,,,
2023-06-16,,,,
2023-06-19,,,,
2023-06-20,,,,
2023-06-21,,,,
2023-06-22,,,,
2023-06-23,,,,
2023-06-26,,,,
2023-06-27,,,,
2023-06-28,,,,
2023-06-29,,,,
2023-06-30,,,,
2023-07-03,0.16960696,0.09738794,0.55800508,0.17500002
2023-07-04,,,,
2023-07-05,,,,
2023-07-06,,,,
2023-07-07,,,,
2023-07-10,,,,
2023-07-11,,,,
2023-07-12,,,,
2023-07-13,,,,
2023-07-14,,,,
2023-07-17,,,,
2023-07-18,,,,
2023-07-19,,,,
2023-07-20,,,,
2023-07-21,,,,
2023-07-24,,,,
2023-07-25,,,,
2023-07-26,,,,
2023-07-27,,,,
2023-07-28,,,,
2023-07-31,,,,
2023-08-01,0.16408840,0.09379273,0.26713243,0.47498644
2023-08-02,,,,
2023-08-03,,,,
2023-08-04,,,,
2023-08-07,,,,
2023-08-08,,,,
2023-08-09,,,,
2023-08-10,,,,
2023-08-11,,,,
2023-08-14,,,,
2023-08-15,,,,
2023-08-16,,,,
2023-08-17,,,,
2023-08-18,,,,
2023-08-21,,,,
2023-08-22,,,,
2023-08-23,,,,
2023-08-24,,,,
2023-08-25,,,,
2023-08-28,,,,
2023-08-29,,,,
2023-08-30,,,,
2023-08-31,,,,
2023-09-01,0.16396822,0.11672454,0.48700542,0.23230182
2023-09-04,,,,
2023-09-05,,,,
2023-09-06,,,,
2023-09-07,,,,
2023-09-08,,,,
2023-09-11,,,,
2023-09-12,,,,
2023-09-13,,,,
2023-09-14,,,,
2023-09-15,,,,
2023-09-18,,,,
2023-09-19,,,,
2023-09-20,,,,
2023-09-21,,,,
2023-09-22,,,,
2023-09-25,,,,
2023-09-26,,,,
2023-09-27,,,,
2023-09-28,,,,
2023-09-29,,,,
2023-10-02,0.16402708,0.09438409,0.51293090,0.22865793
2023-10-03,,,,
2023-10-04,,,,
2023-10-05,,,,
2023-10-06,,,,
2023-10-09,,,,
2023-10-10,,,,
2023-10-11,,,,
2023-10-12,,,,
2023-10-13,,,,
2023-10-16,,,,
2023-10-17,,,,
2023-10-18,,,,
2023-10-19,,,,
2023-10-20,,,,
2023-10-23,,,,
2023-10-24,,,,
2023-10-25,,,,
2023-10-26,,,,
2023-10-27,,,,
2023-10-30,,,,
2023-10-31,,,,
2023-11-01,0.16174442,0.10296569,0.32769943,0.40759046
2023-11-02,,,,
2023-11-03,,,,
2023-11-06,,,,
2023-11-07,,,,
2023-11-08,,,,
2023-11-09,,,,
2023-11-10,,,,
2023-11-13,,,,
2023-11-14,,,,
2023-11-15,,,,
2023-11-16,,,,
2023-11-17,,,,
2023-11-20,,,,
2023-11-21,,,,
2023-11-22,,,,
2023-11-23,,,,
2023-11-24,,,,
2023-11-27,,,,
2023-11-28,,,,
2023-11-29,,,,
2023-11-30,,,,
2023-12-01,0.38516198,0.13085309,0.30898476,0.17500017
2023-12-04,,,,
2023-12-05,,,,
2023-12-06,,,,
2023-12-07,,,,
2023-12-08,,,,
2023-12-11,,,,
2023-12-12,,,,
2023-12-13,,,,
2023-12-14,,,,
2023-12-15,,,,
2023-12-18,,,,
2023-12-19,,,,
2023-12-20,,,,
2023-12-21,,,,
2023-12-22,,,,
2023-12-26,,,,
2023-12-27,,,,
2023-12-28,,,,
2023-12-29,,,,
2024-01-02,0.46021611,0.09215102,0.27263287,0.17500000
2024-01-03,,,,
2024-01-04,,,,
2024-01-05,,,,
2024-01-08,,,,
2024-01-09,,,,
2024-01-10,,,,
2024-01-11,,,,
2024-01-12,,,,
2024-01-15,,,,
2024-01-16,,,,
2024-01-17,,,,
2024-01-18,,,,
2024-01-19,,,,
2024-01-22,,,,
2024-01-23,,,,
2024-01-24,,,,
2024-01-25,,,,
2024-01-26,,,,
2024-01-29,,,,
2024-01-30,,,,
2024-01-31,,,,
2024-02-01,0.23854431,0.09164096,0.43178578,0.23802895
2024-02-02,,,,
2024-02-05,,,,
2024-02-06,,,,
2024-02-07,,,,
2024-02-08,,,,
2024-02-09,,,,
2024-02-12,,,,
2024-02-13,,,,
2024-02-14,,,,
2024-02-15,,,,
2024-02-16,,,,
2024-02-19,,,,
2024-02-20,,,,
2024-02-21,,,,
2024-02-22,,,,
2024-02-23,,,,
2024-02-26,,,,
2024-02-27,,,,
2024-02-28,,,,
2024-02-29,,,,
2024-03-01,0.26022172,0.12031703,0.44446122,0.17500003
2024-03-04,,,,
2024-03-05,,,,
2024-03-06,,,,
2024-03-07,,,,
2024-03-08,,,,
2024-03-11,,,,
2024-03-12,,,,
2024-03-13,,,,
2024-03-14,,,,
2024-03-15,,,,
2024-03-18,,,,
2024-03-19,,,,
2024-03-20,,,,
2024-03-21,,,,
2024-03-22,,,,
2024-03-25,,,,
2024-03-26,,,,
2024-03-27,,,,
2024-03-28,,,,
2024-04-01,0.24886924,0.12400778,0.45212297,0.17500002
2024-04-02,,,,
2024-04-03,,,,
2024-04-04,,,,
2024-04-05,,,,
2024-04-08,,,,
2024-04-09,,,,
2024-04-10,,,,
2024-04-11,,,,
2024-04-12,,,,
2024-04-15,,,,
2024-04-16,,,,
2024-04-17,,,,
2024-04-18,,,,
2024-04-19,,,,
2024-04-22,,,,
2024-04-23,,,,
2024-04-24,,,,
2024-04-25,,,,
2024-04-26,,,,
2024-04-29,,,,
2024-04-30,,,,
2024-05-01,0.38418743,0.09168458,0.34912794,0.17500005
2024-05-02,,,,
2024-05-03,,,,
2024-05-06,,,,
2024-05-07,,,,
2024-05-08,,,,
2024-05-09,,,,
2024-05-10,,,,
2024-05-13,,,,
2024-05-14,,,,
2024-05-15,,,,
2024-05-16,,,,
2024-05-17,,,,
2024-05-20,,,,
2024-05-21,,,,
2024-05-22,,,,
2024-05-23,,,,
2024-05-24,,,,
2024-05-28,,,,
2024-05-29,,,,
2024-05-30,,,,
2024-05-31,,,,
2024-06-03,0.34110943,0.09063621,0.39325433,0.17500003
2024-06-04,,,,
2024-06-05,,,,
2024-06-06,,,,
2024-06-07,,,,
2024-06-10,,,,
2024-06-11,,,,
2024-06-12,,,,
2024-06-13,,,,
2024-06-14,,,,
2024-06-17,,,,
2024-06-18,,,,
2024-06-19,,,,
2024-06-20,,,,
2024-06-21,,,,
2024-06-24,,,,
2024-06-25,,,,
2024-06-26,,,,
2024-06-27,,,,
2024-06-28,,,,
2024-07-01,0.46109210,0.09222165,0.27168624,0.17500001
2024-07-02,,,,
2024-07-03,,,,
2024-07-04,,,,
2024-07-05,,,,
2024-07-08,,,,
2024-07-09,,,,
2024-07-10,,,,
2024-07-11,,,,
2024-07-12,,,,
2024-07-15,,,,
2024-07-16,,,,
2024-07-17,,,,
2024-07-18,,,,
2024-07-19,,,,
2024-07-22,,,,
2024-07-23,,,,
2024-07-24,,,,
2024-07-25,,,,
2024-07-26,,,,
2024-07-29,,,,
2024-07-30,,,,
2024-07-31,,,,
2024-08-01,0.40186334,0.14698499,0.27615166,0.17500001
2024-08-02,,,,
2024-08-05,,,,
2024-08-06,,,,
2024-08-07,,,,
2024-08-08,,,,
2024-08-09,,,,
2024-08-12,,,,
2024-08-13,,,,
2024-08-14,,,,
2024-08-15,,,,
2024-08-16,,,,
2024-08-19,,,,
2024-08-20,,,,
2024-08-21,,,,
2024-08-22,,,,
2024-08-23,,,,
2024-08-26,,,,
2024-08-27,,,,
2024-08-28,,,,
2024-08-29,,,,
2024-08-30,,,,
2024-09-02,0.26270230,0.13273523,0.42956244,0.17500004
2024-09-03,,,,
2024-09-04,,,,
2024-09-05,,,,
2024-09-06,,,,
2024-09-09,,,,
2024-09-10,,,,
2024-09-11,,,,
2024-09-12,,,,
2024-09-13,,,,
2024-09-16,,,,
2024-09-17,,,,
2024-09-18,,,,
2024-09-19,,,,
2024-09-20,,,,
2024-09-23,,,,
2024-09-24,,,,
2024-09-25,,,,
2024-09-26,,,,
2024-09-27,,,,
2024-09-30,,,,
2024-10-01,0.45448557,0.08796909,0.28254534,0.17500001
2024-10-02,,,,
2024-10-03,,,,
2024-10-04,,,,
2024-10-07,,,,
2024-10-08,,,,
2024-10-09,,,,
2024-10-10,,,,
2024-10-11,,,,
2024-10-14,,,,
2024-10-15,,,,
2024-10-16,,,,
2024-10-17,,,,
2024-10-18,,,,
2024-10-21,,,,
2024-10-22,,,,
2024-10-23,,,,
2024-10-24,,,,
2024-10-25,,,,
2024-10-28,,,,
2024-10-29,,,,
2024-10-30,,,,
2024-10-31,,,,
2024-11-01,0.20681328,0.14929020,0.38222231,0.26167422
2024-11-04,,,,
2024-11-05,,,,
2024-11-06,,,,
2024-11-07,,,,
2024-11-08,,,,
2024-11-11,,,,
2024-11-12,,,,
2024-11-13,,,,
2024-11-14,,,,
2024-11-15,,,,
2024-11-18,,,,
2024-11-19,,,,
2024-11-20,,,,
2024-11-21,,,,
2024-11-22,,,,
2024-11-25,,,,
2024-11-26,,,,
2024-11-27,,,,
2024-11-28,,,,
2024-11-29,,,,
2024-12-02,0.34262117,0.13319100,0.34918782,0.17500000
2024-12-03,,,,
2024-12-04,,,,
2024-12-05,,,,
2024-12-06,,,,
2024-12-09,,,,
2024-12-10,,,,
2024-12-11,,,,
2024-12-12,,,,
2024-12-13,,,,
2024-12-16,,,,
2024-12-17,,,,
2024-12-18,,,,
2024-12-19,,,,
2024-12-20,,,,
2024-12-23,,,,
2024-12-24,,,,
2024-12-26,,,,
2024-12-27,,,,
2024-12-30,,,,
2024-12-31,,,,
2025-01-02,0.23424609,0.16229713,0.42845667,0.17500011
2025-01-03,,,,
2025-01-06,,,,
2025-01-07,,,,
2025-01-08,,,,
2025-01-09,,,,
2025-01-10,,,,
2025-01-13,,,,
2025-01-14,,,,
2025-01-15,,,,
2025-01-16,,,,
2025-01-17,,,,
2025-01-20,,,,
2025-01-21,,,,
2025-01-22,,,,
2025-01-23,,,,
2025-01-24,,,,
2025-01-27,,,,
2025-01-28,,,,
2025-01-29,,,,
2025-01-30,,,,
2025-01-31,,,,
2025-02-03,0.46290698,0.08737408,0.27471894,0.17500000
2025-02-04,,,,
2025-02-05,,,,
2025-02-06,,,,
2025-02-07,,,,
2025-02-10,,,,
2025-02-11,,,,
2025-02-12,,,,
2025-02-13,,,,
2025-02-14,,,,
2025-02-17,,,,
2025-02-18,,,,
2025-02-19,,,,
2025-02-20,,,,
2025-02-21,,,,
2025-02-24,,,,
2025-02-25,,,,
2025-02-26,,,,
2025-02-27,,,,
2025-02-28,,,,
2025-03-03,0.32265799,0.13180523,0.37053674,0.17500004
2025-03-04,,,,
2025-03-05,,,,
2025-03-06,,,,
2025-03-07,,,,
2025-03-10,,,,
2025-03-11,,,,
2025-03-12,,,,
2025-03-13,,,,
2025-03-14,,,,
2025-03-17,,,,
2025-03-18,,,,
2025-03-19,,,,
2025-03-20,,,,
2025-03-21,,,,
2025-03-24,,,,
2025-03-25,,,,
2025-03-26,,,,
2025-03-27,,,,
2025-03-28,,,,
2025-03-31,,,,
2025-04-01,0.15920527,0.14914794,0.50715186,0.18449493
2025-04-02,,,,
2025-04-03,,,,
2025-04-04,,,,
2025-04-07,,,,
2025-04-08,,,,
2025-04-09,,,,
2025-04-10,,,,
2025-04-11,,,,
2025-04-14,,,,
2025-04-15,,,,
2025-04-16,,,,
2025-04-17,,,,
2025-04-21,,,,
2025-04-22,,,,
2025-04-23,,,,
2025-04-24,,,,
2025-04-25,,,,
2025-04-28,,,,
2025-04-29,,,,
2025-04-30,,,,
2025-05-01,0.15253455,0.08887882,0.49931345,0.25927318
2025-05-02,,,,
2025-05-05,,,,
2025-05-06,,,,
2025-05-07,,,,
2025-05-08,,,,
2025-05-09,,,,
2025-05-12,,,,
2025-05-13,,,,
2025-05-14,,,,
2025-05-15,,,,
2025-05-16,,,,
2025-05-19,,,,
2025-05-20,,,,
2025-05-21,,,,
2025-05-22,,,,
2025-05-23,,,,
2025-05-27,,,,
2025-05-28,,,,
2025-05-29,,,,
2025-05-30,,,,
2025-06-02,0.16417813,0.09270708,0.53894235,0.20417244
2025-06-03,,,,
2025-06-04,,,,
2025-06-05,,,,
2025-06-06,,,,
2025-06-09,,,,
2025-06-10,,,,
2025-06-11,,,,
2025-06-12,,,,
2025-06-13,,,,
2025-06-16,,,,
2025-06-17,,,,
2025-06-18,,,,
2025-06-19,,,,
2025-06-20,,,,
2025-06-23,,,,
2025-06-24,,,,
2025-06-25,,,,
2025-06-26,,,,
2025-06-27,,,,
2025-06-30,,,,
2025-07-01,0.23486481,0.13280374,0.38233145,0.25000000
2025-07-02,,,,
2025-07-03,,,,
2025-07-04,,,,
2025-07-07,,,,
2025-07-08,,,,
2025-07-09,,,,
2025-07-10,,,,
2025-07-11,,,,
2025-07-14,,,,
2025-07-15,,,,
2025-07-16,,,,
2025-07-17,,,,
2025-07-18,,,,
2025-07-21,,,,
2025-07-22,,,,
2025-07-23,,,,
2025-07-24,,,,
2025-07-25,,,,
2025-07-28,,,,
2025-07-29,,,,
2025-07-30,,,,
2025-07-31,,,,
2025-08-01,0.31383124,0.24089918,0.27026951,0.17500006
2025-08-04,,,,
2025-08-05,,,,
2025-08-06,,,,
2025-08-07,,,,
2025-08-08,,,,
2025-08-11,,,,
2025-08-12,,,,
2025-08-13,,,,
2025-08-14,,,,
2025-08-15,,,,
2025-08-18,,,,
2025-08-19,,,,
2025-08-20,,,,
2025-08-21,,,,
2025-08-22,,,,
2025-08-25,,,,
2025-08-26,,,,
2025-08-27,,,,
2025-08-28,,,,
2025-08-29,,,,
2025-09-01,0.23596772,0.32374173,0.26529055,0.17500000
2025-09-02,,,,
2025-09-03,,,,
2025-09-04,,,,
2025-09-05,,,,
2025-09-08,,,,
2025-09-09,,,,
2025-09-10,,,,
2025-09-11,,,,
2025-09-12,,,,
2025-09-15,,,,
2025-09-16,,,,
2025-09-17,,,,
2025-09-18,,,,
2025-09-19,,,,
2025-09-22,,,,
2025-09-23,,,,
2025-09-24,,,,
2025-09-25,,,,
2025-09-26,,,,
2025-09-29,,,,
2025-09-30,,,,
2025-10-01,0.16915862,0.14502128,0.51081980,0.17500030
2025-10-02,,,,
2025-10-03,,,,
2025-10-06,,,,
2025-10-07,,,,
2025-10-08,,,,
2025-10-09,,,,
2025-10-10,,,,
2025-10-13,,,,
2025-10-14,,,,
2025-10-15,,,,
2025-10-16,,,,
2025-10-17,,,,
2025-10-20,,,,
2025-10-21,,,,
2025-10-22,,,,
2025-10-23,,,,
2025-10-24,,,,
2025-10-27,,,,
2025-10-28,,,,
2025-10-29,,,,
2025-10-30,,,,
2025-10-31,,,,
2025-11-03,0.30834243,0.11049197,0.40616558,0.17500001
2025-11-04,,,,
2025-11-05,,,,
2025-11-06,,,,
2025-11-07,,,,
2025-11-10,,,,
2025-11-11,,,,
2025-11-12,,,,
2025-11-13,,,,
2025-11-14,,,,
2025-11-17,,,,
2025-11-18,,,,
2025-11-19,,,,
2025-11-20,,,,
2025-11-21,,,,
2025-11-24,,,,
2025-11-25,,,,
2025-11-26,,,,
2025-11-27,,,,
2025-11-28,,,,
2025-12-01,0.26365773,0.28940112,0.27194111,0.17500004
2025-12-02,,,,
2025-12-03,,,,
2025-12-04,,,,
2025-12-05,,,,
2025-12-08,,,,
2025-12-09,,,,
2025-12-10,,,,
2025-12-11,,,,
2025-12-12,,,,
2025-12-15,,,,
2025-12-16,,,,
2025-12-17,,,,
2025-12-18,,,,
2025-12-19,,,,
2025-12-22,,,,
2025-12-23,,,,
2025-12-24,,,,
2025-12-26,,,,
2025-12-29,,,,
2025-12-30,,,,
2025-12-31,,,,
2026-01-02,0.20132404,0.35264033,0.27103562,0.17500000
2026-01-05,,,,
2026-01-06,,,,
2026-01-07,,,,
2026-01-08,,,,
2026-01-09,,,,
2026-01-12,,,,
2026-01-13,,,,
2026-01-14,,,,
2026-01-15,,,,
2026-01-16,,,,
2026-01-19,,,,
2026-01-20,,,,
2026-01-21,,,,
2026-01-22,,,,
2026-01-23,,,,
2026-01-26,,,,
2026-01-27,,,,
2026-01-28,,,,
2026-01-29,,,,
2026-01-30,,,,
2026-02-02,0.27150116,0.11577473,0.37679899,0.23592512
2026-02-03,,,,
2026-02-04,,,,
2026-02-05,,,,
2026-02-06,,,,
2026-02-09,,,,
2026-02-10,,,,
2026-02-11,,,,
2026-02-12,,,,
2026-02-13,,,,
2026-02-16,,,,
2026-02-17,,,,
2026-02-18,,,,
2026-02-19,,,,
2026-02-20,,,,
2026-02-23,,,,
2026-02-24,,,,
2026-02-25,,,,
2026-02-26,,,,
2026-02-27,,,,
2026-03-02,0.24172009,0.11684682,0.46642481,0.17500827
2026-03-03,,,,
2026-03-04,,,,
2026-03-05,,,,
2026-03-06,,,,
2026-03-09,,,,
2026-03-10,,,,
2026-03-11,,,,
2026-03-12,,,,
2026-03-13,,,,
2026-03-16,,,,
2026-03-17,,,,
2026-03-18,,,,
2026-03-19,,,,
2026-03-20,,,,
2026-03-23,,,,
2026-03-24,,,,
2026-03-25,,,,
2026-03-26,,,,
2026-03-27,,,,
2026-03-30,,,,
2026-03-31,,,,
2026-04-01,0.27396163,0.19459226,0.35644607,0.17500004
2026-04-02,,,,
2026-04-06,,,,
2026-04-07,,,,
2026-04-08,,,,
2026-04-09,,,,
2026-04-10,,,,
2026-04-13,,,,
2026-04-14,,,,
2026-04-15,,,,
2026-04-16,,,,
2026-04-17,,,,
2026-04-20,,,,
2026-04-21,,,,
2026-04-22,,,,
2026-04-23,,,,
2026-04-24,,,,
2026-04-27,,,,
2026-04-28,,,,
2026-04-29,,,,
2026-04-30,,,,
2026-05-01,0.27716518,0.19951459,0.34832021,0.17500002
2026-05-04,,,,
2026-05-05,,,,
2026-05-06,,,,
2026-05-07,,,,
2026-05-08,,,,
2026-05-11,,,,
2026-05-12,,,,
2026-05-13,,,,
2026-05-14,,,,
2026-05-15,,,,
2026-05-18,,,,
2026-05-19,,,,
2026-05-20,,,,
2026-05-21,,,,
2026-05-22,,,,
2026-05-26,,,,
2026-05-27,,,,
2026-05-28,,,,
2026-05-29,,,,
2026-06-01,0.27608664,0.20338633,0.34552702,0.17500001
2026-06-02,,,,
2026-06-03,,,,
2026-06-04,,,,
2026-06-05,,,,
2026-06-08,,,,
2026-06-09,,,,
2026-06-10,,,,
2026-06-11,,,,
2026-06-12,,,,
2026-06-15,,,,
2026-06-16,,,,
2026-06-17,,,,
2026-06-18,,,,
2026-06-19,,,,
2026-06-22,,,,
2026-06-23,,,,
2026-06-24,,,,
2026-06-25,,,,
2026-06-26,,,,
2026-06-29,,,,
2026-06-30,,,,
