Date;SWDA.L;XLK;IAU;BIL
2014-01-02;;;;
2014-01-03;;;;
2014-01-06;;;;
2014-01-07;;;;
2014-01-08;;;;
2014-01-09;;;;
2014-01-10;;;;
2014-01-13;;;;
2014-01-14;;;;
2014-01-15;;;;
2014-01-16;;;;
2014-01-17;;;;
2014-01-20;;;;
2014-01-21;;;;
2014-01-22;;;;
2014-01-23;;;;
2014-01-24;;;;
2014-01-27;;;;
2014-01-28;;;;
2014-01-29;;;;
2014-01-30;;;;
2014-01-31;;;;
2014-02-03;;;;
2014-02-04;;;;
2014-02-05;;;;
2014-02-06;;;;
2014-02-07;;;;
2014-02-10;;;;
2014-02-11;;;;
2014-02-12;;;;
2014-02-13;;;;
2014-02-14;;;;
2014-02-17;;;;
2014-02-18;;;;
2014-02-19;;;;
2014-02-20;;;;
2014-02-21;;;;
2014-02-24;;;;
2014-02-25;;;;
2014-02-26;;;;
2014-02-27;;;;
2014-02-28;;;;
2014-03-03;;;;
2014-03-04;;;;
2014-03-05;;;;
2014-03-06;;;;
2014-03-07;;;;
2014-03-10;;;;
2014-03-11;;;;
2014-03-12;;;;
2014-03-13;;;;
2014-03-14;;;;
2014-03-17;;;;
2014-03-18;;;;
2014-03-19;;;;
2014-03-20;;;;
2014-03-21;;;;
2014-03-24;;;;
2014-03-25;;;;
2014-03-26;;;;
2014-03-27;;;;
2014-03-28;;;;
2014-03-31;;;;
2014-04-01;;;;
2014-04-02;;;;
2014-04-03;;;;
2014-04-04;;;;
2014-04-07;;;;
2014-04-08;;;;
2014-04-09;;;;
2014-04-10;;;;
2014-04-11;;;;
2014-04-14;;;;
2014-04-15;;;;
2014-04-16;;;;
2014-04-17;;;;
2014-04-21;;;;
2014-04-22;;;;
2014-04-23;;;;
2014-04-24;;;;
2014-04-25;;;;
2014-04-28;;;;
2014-04-29;;;;
2014-04-30;;;;
2014-05-01;0,48745665;0,12578329;0,21176006;0,17500000
2014-05-02;;;;
2014-05-05;;;;
2014-05-06;;;;
2014-05-07;;;;
2014-05-08;;;;
2014-05-09;;;;
2014-05-12;;;;
2014-05-13;;;;
2014-05-14;;;;
2014-05-15;;;;
2014-05-16;;;;
2014-05-19;;;;
2014-05-20;;;;
2014-05-21;;;;
2014-05-22;;;;
2014-05-23;;;;
2014-05-27;;;;
2014-05-28;;;;
2014-05-29;;;;
2014-05-30;;;;
2014-06-02;0,41718509;0,20131503;0,20649987;0,17500000
2014-06-03;;;;
2014-06-04;;;;
2014-06-05;;;;
2014-06-06;;;;
2014-06-09;;;;
2014-06-10;;;;
2014-06-11;;;;
2014-06-12;;;;
2014-06-13;;;;
2014-06-16;;;;
2014-06-17;;;;
2014-06-18;;;;
2014-06-19;;;;
2014-06-20;;;;
2014-06-23;;;;
2014-06-24;;;;
2014-06-25;;;;
2014-06-26;;;;
2014-06-27;;;;
2014-06-30;;;;
2014-07-01;0,18201480;0,43340323;0,20958197;0,17500000
2014-07-02;;;;
2014-07-03;;;;
2014-07-04;;;;
2014-07-07;;;;
2014-07-08;;;;
2014-07-09;;;;
2014-07-10;;;;
2014-07-11;;;;
2014-07-14;;;;
2014-07-15;;;;
2014-07-16;;;;
2014-07-17;;;;
2014-07-18;;;;
2014-07-21;;;;
2014-07-22;;;;
2014-07-23;;;;
2014-07-24;;;;
2014-07-25;;;;
2014-07-28;;;;
2014-07-29;;;;
2014-07-30;;;;
2014-07-31;;;;
2014-08-01;0,18642710;0,43185610;0,20671680;0,17500000
2014-08-04;;;;
2014-08-05;;;;
2014-08-06;;;;
2014-08-07;;;;
2014-08-08;;;;
2014-08-11;;;;
2014-08-12;;;;
2014-08-13;;;;
2014-08-14;;;;
2014-08-15;;;;
2014-08-18;;;;
2014-08-19;;;;
2014-08-20;;;;
2014-08-21;;;;
2014-08-22;;;;
2014-08-25;;;;
2014-08-26;;;;
2014-08-27;;;;
2014-08-28;;;;
2014-08-29;;;;
2014-09-01;0,18372038;0,43085739;0,21042223;0,17500000
2014-09-02;;;;
2014-09-03;;;;
2014-09-04;;;;
2014-09-05;;;;
2014-09-08;;;;
2014-09-09;;;;
2014-09-10;;;;
2014-09-11;;;;
2014-09-12;;;;
2014-09-15;;;;
2014-09-16;;;;
2014-09-17;;;;
2014-09-18;;;;
2014-09-19;;;;
2014-09-22;;;;
2014-09-23;;;;
2014-09-24;;;;
2014-09-25;;;;
2014-09-26;;;;
2014-09-29;;;;
2014-09-30;;;;
2014-10-01;0,38351068;0,22593583;0,21555268;0,17500082
2014-10-02;;;;
2014-10-03;;;;
2014-10-06;;;;
2014-10-07;;;;
2014-10-08;;;;
2014-10-09;;;;
2014-10-10;;;;
2014-10-13;;;;
2014-10-14;;;;
2014-10-15;;;;
2014-10-16;;;;
2014-10-17;;;;
2014-10-20;;;;
2014-10-21;;;;
2014-10-22;;;;
2014-10-23;;;;
2014-10-24;;;;
2014-10-27;;;;
2014-10-28;;;;
2014-10-29;;;;
2014-10-30;;;;
2014-10-31;;;;
2014-11-03;0,29008917;0,15997979;0,22145299;0,32847805
2014-11-04;;;;
2014-11-05;;;;
2014-11-06;;;;
2014-11-07;;;;
2014-11-10;;;;
2014-11-11;;;;
2014-11-12;;;;
2014-11-13;;;;
2014-11-14;;;;
2014-11-17;;;;
2014-11-18;;;;
2014-11-19;;;;
2014-11-20;;;;
2014-11-21;;;;
2014-11-24;;;;
2014-11-25;;;;
2014-11-26;;;;
2014-11-27;;;;
2014-11-28;;;;
2014-12-01;0,18193737;0,12894118;0,51412145;0,17500001
2014-12-02;;;;
2014-12-03;;;;
2014-12-04;;;;
2014-12-05;;;;
2014-12-08;;;;
2014-12-09;;;;
2014-12-10;;;;
2014-12-11;;;;
2014-12-12;;;;
2014-12-15;;;;
2014-12-16;;;;
2014-12-17;;;;
2014-12-18;;;;
2014-12-19;;;;
2014-12-22;;;;
2014-12-23;;;;
2014-12-24;;;;
2014-12-26;;;;
2014-12-29;;;;
2014-12-30;;;;
2014-12-31;;;;
2015-01-02;0,17469203;0,13726865;0,21303993;0,47499939
2015-01-05;;;;
2015-01-06;;;;
2015-01-07;;;;
2015-01-08;;;;
2015-01-09;;;;
2015-01-12;;;;
2015-01-13;;;;
2015-01-14;;;;
2015-01-15;;;;
2015-01-16;;;;
2015-01-19;;;;
2015-01-20;;;;
2015-01-21;;;;
2015-01-22;;;;
2015-01-23;;;;
2015-01-26;;;;
2015-01-27;;;;
2015-01-28;;;;
2015-01-29;;;;
2015-01-30;;;;
2015-02-02;0,21042556;0,39514500;0,21942942;0,17500001
2015-02-03;;;;
2015-02-04;;;;
2015-02-05;;;;
2015-02-06;;;;
2015-02-09;;;;
2015-02-10;;;;
2015-02-11;;;;
2015-02-12;;;;
2015-02-13;;;;
2015-02-16;;;;
2015-02-17;;;;
2015-02-18;;;;
2015-02-19;;;;
2015-02-20;;;;
2015-02-23;;;;
2015-02-24;;;;
2015-02-25;;;;
2015-02-26;;;;
2015-02-27;;;;
2015-03-02;0,17173069;0,43769097;0,21557834;0,17500000
2015-03-03;;;;
2015-03-04;;;;
2015-03-05;;;;
2015-03-06;;;;
2015-03-09;;;;
2015-03-10;;;;
2015-03-11;;;;
2015-03-12;;;;
2015-03-13;;;;
2015-03-16;;;;
2015-03-17;;;;
2015-03-18;;;;
2015-03-19;;;;
2015-03-20;;;;
2015-03-23;;;;
2015-03-24;;;;
2015-03-25;;;;
2015-03-26;;;;
2015-03-27;;;;
2015-03-30;;;;
2015-03-31;;;;
2015-04-01;0,17421668;0,13347417;0,49181052;0,20049863
2015-04-02;;;;
2015-04-06;;;;
2015-04-07;;;;
2015-04-08;;;;
2015-04-09;;;;
2015-04-10;;;;
2015-04-13;;;;
2015-04-14;;;;
2015-04-15;;;;
2015-04-16;;;;
2015-04-17;;;;
2015-04-20;;;;
2015-04-21;;;;
2015-04-22;;;;
2015-04-23;;;;
2015-04-24;;;;
2015-04-27;;;;
2015-04-28;;;;
2015-04-29;;;;
2015-04-30;;;;
2015-05-01;0,17333997;0,13369294;0,51796701;0,17500008
2015-05-04;;;;
2015-05-05;;;;
2015-05-06;;;;
2015-05-07;;;;
2015-05-08;;;;
2015-05-11;;;;
2015-05-12;;;;
2015-05-13;;;;
2015-05-14;;;;
2015-05-15;;;;
2015-05-18;;;;
2015-05-19;;;;
2015-05-20;;;;
2015-05-21;;;;
2015-05-22;;;;
2015-05-26;;;;
2015-05-27;;;;
2015-05-28;;;;
2015-05-29;;;;
2015-06-01;0,17262235;0,13366384;0,51871381;0,17500000
2015-06-02;;;;
2015-06-03;;;;
2015-06-04;;;;
2015-06-05;;;;
2015-06-08;;;;
2015-06-09;;;;
2015-06-10;;;;
2015-06-11;;;;
2015-06-12;;;;
2015-06-15;;;;
2015-06-16;;;;
2015-06-17;;;;
2015-06-18;;;;
2015-06-19;;;;
2015-06-22;;;;
2015-06-23;;;;
2015-06-24;;;;
2015-06-25;;;;
2015-06-26;;;;
2015-06-29;;;;
2015-06-30;;;;
2015-07-01;0,16906080;0,13233048;0,52360826;0,17500046
2015-07-02;;;;
2015-07-03;;;;
2015-07-06;;;;
2015-07-07;;;;
2015-07-08;;;;
2015-07-09;;;;
2015-07-10;;;;
2015-07-13;;;;
2015-07-14;;;;
2015-07-15;;;;
2015-07-16;;;;
2015-07-17;;;;
2015-07-20;;;;
2015-07-21;;;;
2015-07-22;;;;
2015-07-23;;;;
2015-07-24;;;;
2015-07-27;;;;
2015-07-28;;;;
2015-07-29;;;;
2015-07-30;;;;
2015-07-31;;;;
2015-08-03;0,17076975;0,13354311;0,52068714;0,17500000
2015-08-04;;;;
2015-08-05;;;;
2015-08-06;;;;
2015-08-07;;;;
2015-08-10;;;;
2015-08-11;;;;
2015-08-12;;;;
2015-08-13;;;;
2015-08-14;;;;
2015-08-17;;;;
2015-08-18;;;;
2015-08-19;;;;
2015-08-20;;;;
2015-08-21;;;;
2015-08-24;;;;
2015-08-25;;;;
2015-08-26;;;;
2015-08-27;;;;
2015-08-28;;;;
2015-08-31;;;;
2015-09-01;0,15610545;0,12480719;0,54408733;0,17500003
2015-09-02;;;;
2015-09-03;;;;
2015-09-04;;;;
2015-09-07;;;;
2015-09-08;;;;
2015-09-09;;;;
2015-09-10;;;;
2015-09-11;;;;
2015-09-14;;;;
2015-09-15;;;;
2015-09-16;;;;
2015-09-17;;;;
2015-09-18;;;;
2015-09-21;;;;
2015-09-22;;;;
2015-09-23;;;;
2015-09-24;;;;
2015-09-25;;;;
2015-09-28;;;;
2015-09-29;;;;
2015-09-30;;;;
2015-10-01;0,14632273;0,12601572;0,55266154;0,17500000
2015-10-02;;;;
2015-10-05;;;;
2015-10-06;;;;
2015-10-07;;;;
2015-10-08;;;;
2015-10-09;;;;
2015-10-12;;;;
2015-10-13;;;;
2015-10-14;;;;
2015-10-15;;;;
2015-10-16;;;;
2015-10-19;;;;
2015-10-20;;;;
2015-10-21;;;;
2015-10-22;;;;
2015-10-23;;;;
2015-10-26;;;;
2015-10-27;;;;
2015-10-28;;;;
2015-10-29;;;;
2015-10-30;;;;
2015-11-02;0,14490871;0,12709688;0,43120279;0,29679162
2015-11-03;;;;
2015-11-04;;;;
2015-11-05;;;;
2015-11-06;;;;
2015-11-09;;;;
2015-11-10;;;;
2015-11-11;;;;
2015-11-12;;;;
2015-11-13;;;;
2015-11-16;;;;
2015-11-17;;;;
2015-11-18;;;;
2015-11-19;;;;
2015-11-20;;;;
2015-11-23;;;;
2015-11-24;;;;
2015-11-25;;;;
2015-11-26;;;;
2015-11-27;;;;
2015-11-30;;;;
2015-12-01;0,14534082;0,12631278;0,55334640;0,17500000
2015-12-02;;;;
2015-12-03;;;;
2015-12-04;;;;
2015-12-07;;;;
2015-12-08;;;;
2015-12-09;;;;
2015-12-10;;;;
2015-12-11;;;;
2015-12-14;;;;
2015-12-15;;;;
2015-12-16;;;;
2015-12-17;;;;
2015-12-18;;;;
2015-12-21;;;;
2015-12-22;;;;
2015-12-23;;;;
2015-12-24;;;;
2015-12-28;;;;
2015-12-29;;;;
2015-12-30;;;;
2015-12-31;;;;
2016-01-04;0,14509514;0,12612447;0,55378039;0,17500000
2016-01-05;;;;
2016-01-06;;;;
2016-01-07;;;;
2016-01-08;;;;
2016-01-11;;;;
2016-01-12;;;;
2016-01-13;;;;
2016-01-14;;;;
2016-01-15;;;;
2016-01-18;;;;
2016-01-19;;;;
2016-01-20;;;;
2016-01-21;;;;
2016-01-22;;;;
2016-01-25;;;;
2016-01-26;;;;
2016-01-27;;;;
2016-01-28;;;;
2016-01-29;;;;
2016-02-01;0,14264357;0,12248625;0,55987018;0,17500000
2016-02-02;;;;
2016-02-03;;;;
2016-02-04;;;;
2016-02-05;;;;
2016-02-08;;;;
2016-02-09;;;;
2016-02-10;;;;
2016-02-11;;;;
2016-02-12;;;;
2016-02-15;;;;
2016-02-16;;;;
2016-02-17;;;;
2016-02-18;;;;
2016-02-19;;;;
2016-02-22;;;;
2016-02-23;;;;
2016-02-24;;;;
2016-02-25;;;;
2016-02-26;;;;
2016-02-29;;;;
2016-03-01;0,34766633;0,21666533;0,26066833;0,17500000
2016-03-02;;;;
2016-03-03;;;;
2016-03-04;;;;
2016-03-07;;;;
2016-03-08;;;;
2016-03-09;;;;
2016-03-10;;;;
2016-03-11;;;;
2016-03-14;;;;
2016-03-15;;;;
2016-03-16;;;;
2016-03-17;;;;
2016-03-18;;;;
2016-03-21;;;;
2016-03-22;;;;
2016-03-23;;;;
2016-03-24;;;;
2016-03-28;;;;
2016-03-29;;;;
2016-03-30;;;;
2016-03-31;;;;
2016-04-01;0,14240298;0,12482064;0,55777638;0,17500000
2016-04-04;;;;
2016-04-05;;;;
2016-04-06;;;;
2016-04-07;;;;
2016-04-08;;;;
2016-04-11;;;;
2016-04-12;;;;
2016-04-13;;;;
2016-04-14;;;;
2016-04-15;;;;
2016-04-18;;;;
2016-04-19;;;;
2016-04-20;;;;
2016-04-21;;;;
2016-04-22;;;;
2016-04-25;;;;
2016-04-26;;;;
2016-04-27;;;;
2016-04-28;;;;
2016-04-29;;;;
2016-05-02;0,14182483;0,12515953;0,55801564;0,17500000
2016-05-03;;;;
2016-05-04;;;;
2016-05-05;;;;
2016-05-06;;;;
2016-05-09;;;;
2016-05-10;;;;
2016-05-11;;;;
2016-05-12;;;;
2016-05-13;;;;
2016-05-16;;;;
2016-05-17;;;;
2016-05-18;;;;
2016-05-19;;;;
2016-05-20;;;;
2016-05-23;;;;
2016-05-24;;;;
2016-05-25;;;;
2016-05-26;;;;
2016-05-27;;;;
2016-05-31;;;;
2016-06-01;0,14360689;0,12668946;0,55470365;0,17500000
2016-06-02;;;;
2016-06-03;;;;
2016-06-06;;;;
2016-06-07;;;;
2016-06-08;;;;
2016-06-09;;;;
2016-06-10;;;;
2016-06-13;;;;
2016-06-14;;;;
2016-06-15;;;;
2016-06-16;;;;
2016-06-17;;;;
2016-06-20;;;;
2016-06-21;;;;
2016-06-22;;;;
2016-06-23;;;;
2016-06-24;;;;
2016-06-27;;;;
2016-06-28;;;;
2016-06-29;;;;
2016-06-30;;;;
2016-07-01;0,14676889;0,12458472;0,55364633;0,17500006
2016-07-04;;;;
2016-07-05;;;;
2016-07-06;;;;
2016-07-07;;;;
2016-07-08;;;;
2016-07-11;;;;
2016-07-12;;;;
2016-07-13;;;;
2016-07-14;;;;
2016-07-15;;;;
2016-07-18;;;;
2016-07-19;;;;
2016-07-20;;;;
2016-07-21;;;;
2016-07-22;;;;
2016-07-25;;;;
2016-07-26;;;;
2016-07-27;;;;
2016-07-28;;;;
2016-07-29;;;;
2016-08-01;0,14699262;0,12478614;0,55322117;0,17500007
2016-08-02;;;;
2016-08-03;;;;
2016-08-04;;;;
2016-08-05;;;;
2016-08-08;;;;
2016-08-09;;;;
2016-08-10;;;;
2016-08-11;;;;
2016-08-12;;;;
2016-08-15;;;;
2016-08-16;;;;
2016-08-17;;;;
2016-08-18;;;;
2016-08-19;;;;
2016-08-22;;;;
2016-08-23;;;;
2016-08-24;;;;
2016-08-25;;;;
2016-08-26;;;;
2016-08-29;;;;
2016-08-30;;;;
2016-08-31;;;;
2016-09-01;0,14673705;0,12555579;0,55270716;0,17500000
2016-09-02;;;;
2016-09-05;;;;
2016-09-06;;;;
2016-09-07;;;;
2016-09-08;;;;
2016-09-09;;;;
2016-09-12;;;;
2016-09-13;;;;
2016-09-14;;;;
2016-09-15;;;;
2016-09-16;;;;
2016-09-19;;;;
2016-09-20;;;;
2016-09-21;;;;
2016-09-22;;;;
2016-09-23;;;;
2016-09-26;;;;
2016-09-27;;;;
2016-09-28;;;;
2016-09-29;;;;
2016-09-30;;;;
2016-10-03;0,14716089;0,12451864;0,55332039;0,17500007
2016-10-04;;;;
2016-10-05;;;;
2016-10-06;;;;
2016-10-07;;;;
2016-10-10;;;;
2016-10-11;;;;
2016-10-12;;;;
2016-10-13;;;;
2016-10-14;;;;
2016-10-17;;;;
2016-10-18;;;;
2016-10-19;;;;
2016-10-20;;;;
2016-10-21;;;;
2016-10-24;;;;
2016-10-25;;;;
2016-10-26;;;;
2016-10-27;;;;
2016-10-28;;;;
2016-10-31;;;;
2016-11-01;0,14904607;0,12619199;0,54976193;0,17500000
2016-11-02;;;;
2016-11-03;;;;
2016-11-04;;;;
2016-11-07;;;;
2016-11-08;;;;
2016-11-09;;;;
2016-11-10;;;;
2016-11-11;;;;
2016-11-14;;;;
2016-11-15;;;;
2016-11-16;;;;
2016-11-17;;;;
2016-11-18;;;;
2016-11-21;;;;
2016-11-22;;;;
2016-11-23;;;;
2016-11-24;;;;
2016-11-25;;;;
2016-11-28;;;;
2016-11-29;;;;
2016-11-30;;;;
2016-12-01;0,15064485;0,12767990;0,54667472;0,17500053
2016-12-02;;;;
2016-12-05;;;;
2016-12-06;;;;
2016-12-07;;;;
2016-12-08;;;;
2016-12-09;;;;
2016-12-12;;;;
2016-12-13;;;;
2016-12-14;;;;
2016-12-15;;;;
2016-12-16;;;;
2016-12-19;;;;
2016-12-20;;;;
2016-12-21;;;;
2016-12-22;;;;
2016-12-23;;;;
2016-12-27;;;;
2016-12-28;;;;
2016-12-29;;;;
2016-12-30;;;;
2017-01-03;0,15084508;0,12707844;0,54707648;0,17500000
2017-01-04;;;;
2017-01-05;;;;
2017-01-06;;;;
2017-01-09;;;;
2017-01-10;;;;
2017-01-11;;;;
2017-01-12;;;;
2017-01-13;;;;
2017-01-16;;;;
2017-01-17;;;;
2017-01-18;;;;
2017-01-19;;;;
2017-01-20;;;;
2017-01-23;;;;
2017-01-24;;;;
2017-01-25;;;;
2017-01-26;;;;
2017-01-27;;;;
2017-01-30;;;;
2017-01-31;;;;
2017-02-01;0,14934390;0,12746485;0,54819126;0,17500000
2017-02-02;;;;
2017-02-03;;;;
2017-02-06;;;;
2017-02-07;;;;
2017-02-08;;;;
2017-02-09;;;;
2017-02-10;;;;
2017-02-13;;;;
2017-02-14;;;;
2017-02-15;;;;
2017-02-16;;;;
2017-02-17;;;;
2017-02-20;;;;
2017-02-21;;;;
2017-02-22;;;;
2017-02-23;;;;
2017-02-24;;;;
2017-02-27;;;;
2017-02-28;;;;
2017-03-01;0,14895182;0,12687277;0,54917541;0,17500000
2017-03-02;;;;
2017-03-03;;;;
2017-03-06;;;;
2017-03-07;;;;
2017-03-08;;;;
2017-03-09;;;;
2017-03-10;;;;
2017-03-13;;;;
2017-03-14;;;;
2017-03-15;;;;
2017-03-16;;;;
2017-03-17;;;;
2017-03-20;;;;
2017-03-21;;;;
2017-03-22;;;;
2017-03-23;;;;
2017-03-24;;;;
2017-03-27;;;;
2017-03-28;;;;
2017-03-29;;;;
2017-03-30;;;;
2017-03-31;;;;
2017-04-03;0,14675955;0,12723467;0,55100578;0,17500000
2017-04-04;;;;
2017-04-05;;;;
2017-04-06;;;;
2017-04-07;;;;
2017-04-10;;;;
2017-04-11;;;;
2017-04-12;;;;
2017-04-13;;;;
2017-04-17;;;;
2017-04-18;;;;
2017-04-19;;;;
2017-04-20;;;;
2017-04-21;;;;
2017-04-24;;;;
2017-04-25;;;;
2017-04-26;;;;
2017-04-27;;;;
2017-04-28;;;;
2017-05-01;0,14675981;0,12723298;0,55100721;0,17500000
2017-05-02;;;;
2017-05-03;;;;
2017-05-04;;;;
2017-05-05;;;;
2017-05-08;;;;
2017-05-09;;;;
2017-05-10;;;;
2017-05-11;;;;
2017-05-12;;;;
2017-05-15;;;;
2017-05-16;;;;
2017-05-17;;;;
2017-05-18;;;;
2017-05-19;;;;
2017-05-22;;;;
2017-05-23;;;;
2017-05-24;;;;
2017-05-25;;;;
2017-05-26;;;;
2017-05-30;;;;
2017-05-31;;;;
2017-06-01;0,14659886;0,12517535;0,55322579;0,17500000
2017-06-02;;;;
2017-06-05;;;;
2017-06-06;;;;
2017-06-07;;;;
2017-06-08;;;;
2017-06-09;;;;
2017-06-12;;;;
2017-06-13;;;;
2017-06-14;;;;
2017-06-15;;;;
2017-06-16;;;;
2017-06-19;;;;
2017-06-20;;;;
2017-06-21;;;;
2017-06-22;;;;
2017-06-23;;;;
2017-06-26;;;;
2017-06-27;;;;
2017-06-28;;;;
2017-06-29;;;;
2017-06-30;;;;
2017-07-03;0,14665704;0,12332547;0,55501718;0,17500030
2017-07-04;;;;
2017-07-05;;;;
2017-07-06;;;;
2017-07-07;;;;
2017-07-10;;;;
2017-07-11;;;;
2017-07-12;;;;
2017-07-13;;;;
2017-07-14;;;;
2017-07-17;;;;
2017-07-18;;;;
2017-07-19;;;;
2017-07-20;;;;
2017-07-21;;;;
2017-07-24;;;;
2017-07-25;;;;
2017-07-26;;;;
2017-07-27;;;;
2017-07-28;;;;
2017-07-31;;;;
2017-08-01;0,26682312;0,12487363;0,43330323;0,17500003
2017-08-02;;;;
2017-08-03;;;;
2017-08-04;;;;
2017-08-07;;;;
2017-08-08;;;;
2017-08-09;;;;
2017-08-10;;;;
2017-08-11;;;;
2017-08-14;;;;
2017-08-15;;;;
2017-08-16;;;;
2017-08-17;;;;
2017-08-18;;;;
2017-08-21;;;;
2017-08-22;;;;
2017-08-23;;;;
2017-08-24;;;;
2017-08-25;;;;
2017-08-28;;;;
2017-08-29;;;;
2017-08-30;;;;
2017-08-31;;;;
2017-09-01;0,14748037;0,12330902;0,55421059;0,17500002
2017-09-04;;;;
2017-09-05;;;;
2017-09-06;;;;
2017-09-07;;;;
2017-09-08;;;;
2017-09-11;;;;
2017-09-12;;;;
2017-09-13;;;;
2017-09-14;;;;
2017-09-15;;;;
2017-09-18;;;;
2017-09-19;;;;
2017-09-20;;;;
2017-09-21;;;;
2017-09-22;;;;
2017-09-25;;;;
2017-09-26;;;;
2017-09-27;;;;
2017-09-28;;;;
2017-09-29;;;;
2017-10-02;0,14731817;0,12429911;0,55338271;0,17500000
2017-10-03;;;;
2017-10-04;;;;
2017-10-05;;;;
2017-10-06;;;;
2017-10-09;;;;
2017-10-10;;;;
2017-10-11;;;;
2017-10-12;;;;
2017-10-13;;;;
2017-10-16;;;;
2017-10-17;;;;
2017-10-18;;;;
2017-10-19;;;;
2017-10-20;;;;
2017-10-23;;;;
2017-10-24;;;;
2017-10-25;;;;
2017-10-26;;;;
2017-10-27;;;;
2017-10-30;;;;
2017-10-31;;;;
2017-11-01;0,14465553;0,12267823;0,55766624;0,17500000
2017-11-02;;;;
2017-11-03;;;;
2017-11-06;;;;
2017-11-07;;;;
2017-11-08;;;;
2017-11-09;;;;
2017-11-10;;;;
2017-11-13;;;;
2017-11-14;;;;
2017-11-15;;;;
2017-11-16;;;;
2017-11-17;;;;
2017-11-20;;;;
2017-11-21;;;;
2017-11-22;;;;
2017-11-23;;;;
2017-11-24;;;;
2017-11-27;;;;
2017-11-28;;;;
2017-11-29;;;;
2017-11-30;;;;
2017-12-01;0,14457587;0,11955385;0,56087028;0,17500000
2017-12-04;;;;
2017-12-05;;;;
2017-12-06;;;;
2017-12-07;;;;
2017-12-08;;;;
2017-12-11;;;;
2017-12-12;;;;
2017-12-13;;;;
2017-12-14;;;;
2017-12-15;;;;
2017-12-18;;;;
2017-12-19;;;;
2017-12-20;;;;
2017-12-21;;;;
2017-12-22;;;;
2017-12-26;;;;
2017-12-27;;;;
2017-12-28;;;;
2017-12-29;;;;
2018-01-02;0,14596119;0,11870960;0,56032921;0,17500000
2018-01-03;;;;
2018-01-04;;;;
2018-01-05;;;;
2018-01-08;;;;
2018-01-09;;;;
2018-01-10;;;;
2018-01-11;;;;
2018-01-12;;;;
2018-01-15;;;;
2018-01-16;;;;
2018-01-17;;;;
2018-01-18;;;;
2018-01-19;;;;
2018-01-22;;;;
2018-01-23;;;;
2018-01-24;;;;
2018-01-25;;;;
2018-01-26;;;;
2018-01-29;;;;
2018-01-30;;;;
2018-01-31;;;;
2018-02-01;0,14318593;0,11864974;0,56316434;0,17500000
2018-02-02;;;;
2018-02-05;;;;
2018-02-06;;;;
2018-02-07;;;;
2018-02-08;;;;
2018-02-09;;;;
2018-02-12;;;;
2018-02-13;;;;
2018-02-14;;;;
2018-02-15;;;;
2018-02-16;;;;
2018-02-19;;;;
2018-02-20;;;;
2018-02-21;;;;
2018-02-22;;;;
2018-02-23;;;;
2018-02-26;;;;
2018-02-27;;;;
2018-02-28;;;;
2018-03-01;0,13963312;0,11316332;0,57220356;0,17500000
2018-03-02;;;;
2018-03-05;;;;
2018-03-06;;;;
2018-03-07;;;;
2018-03-08;;;;
2018-03-09;;;;
2018-03-12;;;;
2018-03-13;;;;
2018-03-14;;;;
2018-03-15;;;;
2018-03-16;;;;
2018-03-19;;;;
2018-03-20;;;;
2018-03-21;;;;
2018-03-22;;;;
2018-03-23;;;;
2018-03-26;;;;
2018-03-27;;;;
2018-03-28;;;;
2018-03-29;;;;
2018-04-02;0,13860770;0,11111779;0,57527451;0,17500000
2018-04-03;;;;
2018-04-04;;;;
2018-04-05;;;;
2018-04-06;;;;
2018-04-09;;;;
2018-04-10;;;;
2018-04-11;;;;
2018-04-12;;;;
2018-04-13;;;;
2018-04-16;;;;
2018-04-17;;;;
2018-04-18;;;;
2018-04-19;;;;
2018-04-20;;;;
2018-04-23;;;;
2018-04-24;;;;
2018-04-25;;;;
2018-04-26;;;;
2018-04-27;;;;
2018-04-30;;;;
2018-05-01;0,13773313;0,10965879;0,57760809;0,17500000
2018-05-02;;;;
2018-05-03;;;;
2018-05-04;;;;
2018-05-07;;;;
2018-05-08;;;;
2018-05-09;;;;
2018-05-10;;;;
2018-05-11;;;;
2018-05-14;;;;
2018-05-15;;;;
2018-05-16;;;;
2018-05-17;;;;
2018-05-18;;;;
2018-05-21;;;;
2018-05-22;;;;
2018-05-23;;;;
2018-05-24;;;;
2018-05-25;;;;
2018-05-29;;;;
2018-05-30;;;;
2018-05-31;;;;
2018-06-01;0,13797272;0,10984102;0,57718626;0,17500000
2018-06-04;;;;
2018-06-05;;;;
2018-06-06;;;;
2018-06-07;;;;
2018-06-08;;;;
2018-06-11;;;;
2018-06-12;;;;
2018-06-13;;;;
2018-06-14;;;;
2018-06-15;;;;
2018-06-18;;;;
2018-06-19;;;;
2018-06-20;;;;
2018-06-21;;;;
2018-06-22;;;;
2018-06-25;;;;
2018-06-26;;;;
2018-06-27;;;;
2018-06-28;;;;
2018-06-29;;;;
2018-07-02;0,13705557;0,10880243;0,57914199;0,17500000
2018-07-03;;;;
2018-07-04;;;;
2018-07-05;;;;
2018-07-06;;;;
2018-07-09;;;;
2018-07-10;;;;
2018-07-11;;;;
2018-07-12;;;;
2018-07-13;;;;
2018-07-16;;;;
2018-07-17;;;;
2018-07-18;;;;
2018-07-19;;;;
2018-07-20;;;;
2018-07-23;;;;
2018-07-24;;;;
2018-07-25;;;;
2018-07-26;;;;
2018-07-27;;;;
2018-07-30;;;;
2018-07-31;;;;
2018-08-01;0,13715515;0,10958557;0,57825928;0,17500000
2018-08-02;;;;
2018-08-03;;;;
2018-08-06;;;;
2018-08-07;;;;
2018-08-08;;;;
2018-08-09;;;;
2018-08-10;;;;
2018-08-13;;;;
2018-08-14;;;;
2018-08-15;;;;
2018-08-16;;;;
2018-08-17;;;;
2018-08-20;;;;
2018-08-21;;;;
2018-08-22;;;;
2018-08-23;;;;
2018-08-24;;;;
2018-08-27;;;;
2018-08-28;;;;
2018-08-29;;;;
2018-08-30;;;;
2018-08-31;;;;
2018-09-03;0,14788844;0,11306941;0,56404215;0,17500000
2018-09-04;;;;
2018-09-05;;;;
2018-09-06;;;;
2018-09-07;;;;
2018-09-10;;;;
2018-09-11;;;;
2018-09-12;;;;
2018-09-13;;;;
2018-09-14;;;;
2018-09-17;;;;
2018-09-18;;;;
2018-09-19;;;;
2018-09-20;;;;
2018-09-21;;;;
2018-09-24;;;;
2018-09-25;;;;
2018-09-26;;;;
2018-09-27;;;;
2018-09-28;;;;
2018-10-01;0,15180294;0,11241339;0,56078367;0,17500000
2018-10-02;;;;
2018-10-03;;;;
2018-10-04;;;;
2018-10-05;;;;
2018-10-08;;;;
2018-10-09;;;;
2018-10-10;;;;
2018-10-11;;;;
2018-10-12;;;;
2018-10-15;;;;
2018-10-16;;;;
2018-10-17;;;;
2018-10-18;;;;
2018-10-19;;;;
2018-10-22;;;;
2018-10-23;;;;
2018-10-24;;;;
2018-10-25;;;;
2018-10-26;;;;
2018-10-29;;;;
2018-10-30;;;;
2018-10-31;;;;
2018-11-01;0,14788702;0,10671334;0,57039963;0,17500001
2018-11-02;;;;
2018-11-05;;;;
2018-11-06;;;;
2018-11-07;;;;
2018-11-08;;;;
2018-11-09;;;;
2018-11-12;;;;
2018-11-13;;;;
2018-11-14;;;;
2018-11-15;;;;
2018-11-16;;;;
2018-11-19;;;;
2018-11-20;;;;
2018-11-21;;;;
2018-11-22;;;;
2018-11-23;;;;
2018-11-26;;;;
2018-11-27;;;;
2018-11-28;;;;
2018-11-29;;;;
2018-11-30;;;;
2018-12-03;0,14891857;0,10181714;0,57426427;0,17500002
2018-12-04;;;;
2018-12-05;;;;
2018-12-06;;;;
2018-12-07;;;;
2018-12-10;;;;
2018-12-11;;;;
2018-12-12;;;;
2018-12-13;;;;
2018-12-14;;;;
2018-12-17;;;;
2018-12-18;;;;
2018-12-19;;;;
2018-12-20;;;;
2018-12-21;;;;
2018-12-24;;;;
2018-12-26;;;;
2018-12-27;;;;
2018-12-28;;;;
2018-12-31;;;;
2019-01-02;0,15125459;0,09796276;0,57578265;0,17500000
2019-01-03;;;;
2019-01-04;;;;
2019-01-07;;;;
2019-01-08;;;;
2019-01-09;;;;
2019-01-10;;;;
2019-01-11;;;;
2019-01-14;;;;
2019-01-15;;;;
2019-01-16;;;;
2019-01-17;;;;
2019-01-18;;;;
2019-01-21;;;;
2019-01-22;;;;
2019-01-23;;;;
2019-01-24;;;;
2019-01-25;;;;
2019-01-28;;;;
2019-01-29;;;;
2019-01-30;;;;
2019-01-31;;;;
2019-02-01;0,15504515;0,09386551;0,57608933;0,17500002
2019-02-04;;;;
2019-02-05;;;;
2019-02-06;;;;
2019-02-07;;;;
2019-02-08;;;;
2019-02-11;;;;
2019-02-12;;;;
2019-02-13;;;;
2019-02-14;;;;
2019-02-15;;;;
2019-02-18;;;;
2019-02-19;;;;
2019-02-20;;;;
2019-02-21;;;;
2019-02-22;;;;
2019-02-25;;;;
2019-02-26;;;;
2019-02-27;;;;
2019-02-28;;;;
2019-03-01;0,15286036;0,09359382;0,57854582;0,17500000
2019-03-04;;;;
2019-03-05;;;;
2019-03-06;;;;
2019-03-07;;;;
2019-03-08;;;;
2019-03-11;;;;
2019-03-12;;;;
2019-03-13;;;;
2019-03-14;;;;
2019-03-15;;;;
2019-03-18;;;;
2019-03-19;;;;
2019-03-20;;;;
2019-03-21;;;;
2019-03-22;;;;
2019-03-25;;;;
2019-03-26;;;;
2019-03-27;;;;
2019-03-28;;;;
2019-03-29;;;;
2019-04-01;0,14969946;0,09257697;0,58272356;0,17500000
2019-04-02;;;;
2019-04-03;;;;
2019-04-04;;;;
2019-04-05;;;;
2019-04-08;;;;
2019-04-09;;;;
2019-04-10;;;;
2019-04-11;;;;
2019-04-12;;;;
2019-04-15;;;;
2019-04-16;;;;
2019-04-17;;;;
2019-04-18;;;;
2019-04-22;;;;
2019-04-23;;;;
2019-04-24;;;;
2019-04-25;;;;
2019-04-26;;;;
2019-04-29;;;;
2019-04-30;;;;
2019-05-01;0,14839929;0,09074998;0,58585072;0,17500000
2019-05-02;;;;
2019-05-03;;;;
2019-05-06;;;;
2019-05-07;;;;
2019-05-08;;;;
2019-05-09;;;;
2019-05-10;;;;
2019-05-13;;;;
2019-05-14;;;;
2019-05-15;;;;
2019-05-16;;;;
2019-05-17;;;;
2019-05-20;;;;
2019-05-21;;;;
2019-05-22;;;;
2019-05-23;;;;
2019-05-24;;;;
2019-05-28;;;;
2019-05-29;;;;
2019-05-30;;;;
2019-05-31;;;;
2019-06-03;0,14552267;0,08848084;0,59099648;0,17500001
2019-06-04;;;;
2019-06-05;;;;
2019-06-06;;;;
2019-06-07;;;;
2019-06-10;;;;
2019-06-11;;;;
2019-06-12;;;;
2019-06-13;;;;
2019-06-14;;;;
2019-06-17;;;;
2019-06-18;;;;
2019-06-19;;;;
2019-06-20;;;;
2019-06-21;;;;
2019-06-24;;;;
2019-06-25;;;;
2019-06-26;;;;
2019-06-27;;;;
2019-06-28;;;;
2019-07-01;0,14317521;0,08888371;0,59294107;0,17500000
2019-07-02;;;;
2019-07-03;;;;
2019-07-04;;;;
2019-07-05;;;;
2019-07-08;;;;
2019-07-09;;;;
2019-07-10;;;;
2019-07-11;;;;
2019-07-12;;;;
2019-07-15;;;;
2019-07-16;;;;
2019-07-17;;;;
2019-07-18;;;;
2019-07-19;;;;
2019-07-22;;;;
2019-07-23;;;;
2019-07-24;;;;
2019-07-25;;;;
2019-07-26;;;;
2019-07-29;;;;
2019-07-30;;;;
2019-07-31;;;;
2019-08-01;0,14431953;0,08868836;0,59199210;0,17500001
2019-08-02;;;;
2019-08-05;;;;
2019-08-06;;;;
2019-08-07;;;;
2019-08-08;;;;
2019-08-09;;;;
2019-08-12;;;;
2019-08-13;;;;
2019-08-14;;;;
2019-08-15;;;;
2019-08-16;;;;
2019-08-19;;;;
2019-08-20;;;;
2019-08-21;;;;
2019-08-22;;;;
2019-08-23;;;;
2019-08-26;;;;
2019-08-27;;;;
2019-08-28;;;;
2019-08-29;;;;
2019-08-30;;;;
2019-09-02;0,24092367;0,08594632;0,49813002;0,17500000
2019-09-03;;;;
2019-09-04;;;;
2019-09-05;;;;
2019-09-06;;;;
2019-09-09;;;;
2019-09-10;;;;
2019-09-11;;;;
2019-09-12;;;;
2019-09-13;;;;
2019-09-16;;;;
2019-09-17;;;;
2019-09-18;;;;
2019-09-19;;;;
2019-09-20;;;;
2019-09-23;;;;
2019-09-24;;;;
2019-09-25;;;;
2019-09-26;;;;
2019-09-27;;;;
2019-09-30;;;;
2019-10-01;0,43972249;0,08606729;0,29921022;0,17500000
2019-10-02;;;;
2019-10-03;;;;
2019-10-04;;;;
2019-10-07;;;;
2019-10-08;;;;
2019-10-09;;;;
2019-10-10;;;;
2019-10-11;;;;
2019-10-14;;;;
2019-10-15;;;;
2019-10-16;;;;
2019-10-17;;;;
2019-10-18;;;;
2019-10-21;;;;
2019-10-22;;;;
2019-10-23;;;;
2019-10-24;;;;
2019-10-25;;;;
2019-10-28;;;;
2019-10-29;;;;
2019-10-30;;;;
2019-10-31;;;;
2019-11-01;0,13389795;0,08423591;0,56512530;0,21674084
2019-11-04;;;;
2019-11-05;;;;
2019-11-06;;;;
2019-11-07;;;;
2019-11-08;;;;
2019-11-11;;;;
2019-11-12;;;;
2019-11-13;;;;
2019-11-14;;;;
2019-11-15;;;;
2019-11-18;;;;
2019-11-19;;;;
2019-11-20;;;;
2019-11-21;;;;
2019-11-22;;;;
2019-11-25;;;;
2019-11-26;;;;
2019-11-27;;;;
2019-11-28;;;;
2019-11-29;;;;
2019-12-02;0,13289335;0,08369196;0,60841469;0,17500001
2019-12-03;;;;
2019-12-04;;;;
2019-12-05;;;;
2019-12-06;;;;
2019-12-09;;;;
2019-12-10;;;;
2019-12-11;;;;
2019-12-12;;;;
2019-12-13;;;;
2019-12-16;;;;
2019-12-17;;;;
2019-12-18;;;;
2019-12-19;;;;
2019-12-20;;;;
2019-12-23;;;;
2019-12-24;;;;
2019-12-26;;;;
2019-12-27;;;;
2019-12-30;;;;
2019-12-31;;;;
2020-01-02;0,13279513;0,08382991;0,60837497;0,17500000
2020-01-03;;;;
2020-01-06;;;;
2020-01-07;;;;
2020-01-08;;;;
2020-01-09;;;;
2020-01-10;;;;
2020-01-13;;;;
2020-01-14;;;;
2020-01-15;;;;
2020-01-16;;;;
2020-01-17;;;;
2020-01-20;;;;
2020-01-21;;;;
2020-01-22;;;;
2020-01-23;;;;
2020-01-24;;;;
2020-01-27;;;;
2020-01-28;;;;
2020-01-29;;;;
2020-01-30;;;;
2020-01-31;;;;
2020-02-03;0,13135948;0,08302350;0,61061702;0,17500000
2020-02-04;;;;
2020-02-05;;;;
2020-02-06;;;;
2020-02-07;;;;
2020-02-10;;;;
2020-02-11;;;;
2020-02-12;;;;
2020-02-13;;;;
2020-02-14;;;;
2020-02-17;;;;
2020-02-18;;;;
2020-02-19;;;;
2020-02-20;;;;
2020-02-21;;;;
2020-02-24;;;;
2020-02-25;;;;
2020-02-26;;;;
2020-02-27;;;;
2020-02-28;;;;
2020-03-02;0,12972675;0,08330271;0,61197054;0,17500000
2020-03-03;;;;
2020-03-04;;;;
2020-03-05;;;;
2020-03-06;;;;
2020-03-09;;;;
2020-03-10;;;;
2020-03-11;;;;
2020-03-12;;;;
2020-03-13;;;;
2020-03-16;;;;
2020-03-17;;;;
2020-03-18;;;;
2020-03-19;;;;
2020-03-20;;;;
2020-03-23;;;;
2020-03-24;;;;
2020-03-25;;;;
2020-03-26;;;;
2020-03-27;;;;
2020-03-30;;;;
2020-03-31;;;;
2020-04-01;0,12480993;0,07658217;0,62360789;0,17500001
2020-04-02;;;;
2020-04-03;;;;
2020-04-06;;;;
2020-04-07;;;;
2020-04-08;;;;
2020-04-09;;;;
2020-04-13;;;;
2020-04-14;;;;
2020-04-15;;;;
2020-04-16;;;;
2020-04-17;;;;
2020-04-20;;;;
2020-04-21;;;;
2020-04-22;;;;
2020-04-23;;;;
2020-04-24;;;;
2020-04-27;;;;
2020-04-28;;;;
2020-04-29;;;;
2020-04-30;;;;
2020-05-01;0,12154165;0,07664994;0,32680933;0,47499907
2020-05-04;;;;
2020-05-05;;;;
2020-05-06;;;;
2020-05-07;;;;
2020-05-08;;;;
2020-05-11;;;;
2020-05-12;;;;
2020-05-13;;;;
2020-05-14;;;;
2020-05-15;;;;
2020-05-18;;;;
2020-05-19;;;;
2020-05-20;;;;
2020-05-21;;;;
2020-05-22;;;;
2020-05-26;;;;
2020-05-27;;;;
2020-05-28;;;;
2020-05-29;;;;
2020-06-01;0,12144447;0,09841474;0,32661735;0,45352344
2020-06-02;;;;
2020-06-03;;;;
2020-06-04;;;;
2020-06-05;;;;
2020-06-08;;;;
2020-06-09;;;;
2020-06-10;;;;
2020-06-11;;;;
2020-06-12;;;;
2020-06-15;;;;
2020-06-16;;;;
2020-06-17;;;;
2020-06-18;;;;
2020-06-19;;;;
2020-06-22;;;;
2020-06-23;;;;
2020-06-24;;;;
2020-06-25;;;;
2020-06-26;;;;
2020-06-29;;;;
2020-06-30;;;;
2020-07-01;0,12097295;0,08469850;0,32770150;0,46662704
2020-07-02;;;;
2020-07-03;;;;
2020-07-06;;;;
2020-07-07;;;;
2020-07-08;;;;
2020-07-09;;;;
2020-07-10;;;;
2020-07-13;;;;
2020-07-14;;;;
2020-07-15;;;;
2020-07-16;;;;
2020-07-17;;;;
2020-07-20;;;;
2020-07-21;;;;
2020-07-22;;;;
2020-07-23;;;;
2020-07-24;;;;
2020-07-27;;;;
2020-07-28;;;;
2020-07-29;;;;
2020-07-30;;;;
2020-07-31;;;;
2020-08-03;0,12088091;0,07638241;0,32773710;0,47499958
2020-08-04;;;;
2020-08-05;;;;
2020-08-06;;;;
2020-08-07;;;;
2020-08-10;;;;
2020-08-11;;;;
2020-08-12;;;;
2020-08-13;;;;
2020-08-14;;;;
2020-08-17;;;;
2020-08-18;;;;
2020-08-19;;;;
2020-08-20;;;;
2020-08-21;;;;
2020-08-24;;;;
2020-08-25;;;;
2020-08-26;;;;
2020-08-27;;;;
2020-08-28;;;;
2020-08-31;;;;
2020-09-01;0,12790833;0,14684297;0,36907418;0,35617452
2020-09-02;;;;
2020-09-03;;;;
2020-09-04;;;;
2020-09-07;;;;
2020-09-08;;;;
2020-09-09;;;;
2020-09-10;;;;
2020-09-11;;;;
2020-09-14;;;;
2020-09-15;;;;
2020-09-16;;;;
2020-09-17;;;;
2020-09-18;;;;
2020-09-21;;;;
2020-09-22;;;;
2020-09-23;;;;
2020-09-24;;;;
2020-09-25;;;;
2020-09-28;;;;
2020-09-29;;;;
2020-09-30;;;;
2020-10-01;0,12980772;0,12253212;0,48582814;0,26183202
2020-10-02;;;;
2020-10-05;;;;
2020-10-06;;;;
2020-10-07;;;;
2020-10-08;;;;
2020-10-09;;;;
2020-10-12;;;;
2020-10-13;;;;
2020-10-14;;;;
2020-10-15;;;;
2020-10-16;;;;
2020-10-19;;;;
2020-10-20;;;;
2020-10-21;;;;
2020-10-22;;;;
2020-10-23;;;;
2020-10-26;;;;
2020-10-27;;;;
2020-10-28;;;;
2020-10-29;;;;
2020-10-30;;;;
2020-11-02;0,13024277;0,17108274;0,34733666;0,35133783
2020-11-03;;;;
2020-11-04;;;;
2020-11-05;;;;
2020-11-06;;;;
2020-11-09;;;;
2020-11-10;;;;
2020-11-11;;;;
2020-11-12;;;;
2020-11-13;;;;
2020-11-16;;;;
2020-11-17;;;;
2020-11-18;;;;
2020-11-19;;;;
2020-11-20;;;;
2020-11-23;;;;
2020-11-24;;;;
2020-11-25;;;;
2020-11-26;;;;
2020-11-27;;;;
2020-11-30;;;;
2020-12-01;0,43420527;0,08314872;0,30764600;0,17500001
2020-12-02;;;;
2020-12-03;;;;
2020-12-04;;;;
2020-12-07;;;;
2020-12-08;;;;
2020-12-09;;;;
2020-12-10;;;;
2020-12-11;;;;
2020-12-14;;;;
2020-12-15;;;;
2020-12-16;;;;
2020-12-17;;;;
2020-12-18;;;;
2020-12-21;;;;
2020-12-22;;;;
2020-12-23;;;;
2020-12-24;;;;
2020-12-28;;;;
2020-12-29;;;;
2020-12-30;;;;
2020-12-31;;;;
2021-01-04;0,13438199;0,08326729;0,37520926;0,40714146
2021-01-05;;;;
2021-01-06;;;;
2021-01-07;;;;
2021-01-08;;;;
2021-01-11;;;;
2021-01-12;;;;
2021-01-13;;;;
2021-01-14;;;;
2021-01-15;;;;
2021-01-18;;;;
2021-01-19;;;;
2021-01-20;;;;
2021-01-21;;;;
2021-01-22;;;;
2021-01-25;;;;
2021-01-26;;;;
2021-01-27;;;;
2021-01-28;;;;
2021-01-29;;;;
2021-02-01;0,13792329;0,08489155;0,30218583;0,47499933
2021-02-02;;;;
2021-02-03;;;;
2021-02-04;;;;
2021-02-05;;;;
2021-02-08;;;;
2021-02-09;;;;
2021-02-10;;;;
2021-02-11;;;;
2021-02-12;;;;
2021-02-15;;;;
2021-02-16;;;;
2021-02-17;;;;
2021-02-18;;;;
2021-02-19;;;;
2021-02-22;;;;
2021-02-23;;;;
2021-02-24;;;;
2021-02-25;;;;
2021-02-26;;;;
2021-03-01;0,26049214;0,13082289;0,40134196;0,20734301
2021-03-02;;;;
2021-03-03;;;;
2021-03-04;;;;
2021-03-05;;;;
2021-03-08;;;;
2021-03-09;;;;
2021-03-10;;;;
2021-03-11;;;;
2021-03-12;;;;
2021-03-15;;;;
2021-03-16;;;;
2021-03-17;;;;
2021-03-18;;;;
2021-03-19;;;;
2021-03-22;;;;
2021-03-23;;;;
2021-03-24;;;;
2021-03-25;;;;
2021-03-26;;;;
2021-03-29;;;;
2021-03-30;;;;
2021-03-31;;;;
2021-04-01;0,14070679;0,22827757;0,38110406;0,24991158
2021-04-05;;;;
2021-04-06;;;;
2021-04-07;;;;
2021-04-08;;;;
2021-04-09;;;;
2021-04-12;;;;
2021-04-13;;;;
2021-04-14;;;;
2021-04-15;;;;
2021-04-16;;;;
2021-04-19;;;;
2021-04-20;;;;
2021-04-21;;;;
2021-04-22;;;;
2021-04-23;;;;
2021-04-26;;;;
2021-04-27;;;;
2021-04-28;;;;
2021-04-29;;;;
2021-04-30;;;;
2021-05-03;0,14061208;0,08600914;0,59837322;0,17500556
2021-05-04;;;;
2021-05-05;;;;
2021-05-06;;;;
2021-05-07;;;;
2021-05-10;;;;
2021-05-11;;;;
2021-05-12;;;;
2021-05-13;;;;
2021-05-14;;;;
2021-05-17;;;;
2021-05-18;;;;
2021-05-19;;;;
2021-05-20;;;;
2021-05-21;;;;
2021-05-24;;;;
2021-05-25;;;;
2021-05-26;;;;
2021-05-27;;;;
2021-05-28;;;;
2021-06-01;0,14030881;0,08605765;0,29863808;0,47499547
2021-06-02;;;;
2021-06-03;;;;
2021-06-04;;;;
2021-06-07;;;;
2021-06-08;;;;
2021-06-09;;;;
2021-06-10;;;;
2021-06-11;;;;
2021-06-14;;;;
2021-06-15;;;;
2021-06-16;;;;
2021-06-17;;;;
2021-06-18;;;;
2021-06-21;;;;
2021-06-22;;;;
2021-06-23;;;;
2021-06-24;;;;
2021-06-25;;;;
2021-06-28;;;;
2021-06-29;;;;
2021-06-30;;;;
2021-07-01;0,14228487;0,08727587;0,37484315;0,39559611
2021-07-02;;;;
2021-07-05;;;;
2021-07-06;;;;
2021-07-07;;;;
2021-07-08;;;;
2021-07-09;;;;
2021-07-12;;;;
2021-07-13;;;;
2021-07-14;;;;
2021-07-15;;;;
2021-07-16;;;;
2021-07-19;;;;
2021-07-20;;;;
2021-07-21;;;;
2021-07-22;;;;
2021-07-23;;;;
2021-07-26;;;;
2021-07-27;;;;
2021-07-28;;;;
2021-07-29;;;;
2021-07-30;;;;
2021-08-02;0,14222641;0,22333634;0,45940689;0,17503035
2021-08-03;;;;
2021-08-04;;;;
2021-08-05;;;;
2021-08-06;;;;
2021-08-09;;;;
2021-08-10;;;;
2021-08-11;;;;
2021-08-12;;;;
2021-08-13;;;;
2021-08-16;;;;
2021-08-17;;;;
2021-08-18;;;;
2021-08-19;;;;
2021-08-20;;;;
2021-08-23;;;;
2021-08-24;;;;
2021-08-25;;;;
2021-08-26;;;;
2021-08-27;;;;
2021-08-30;;;;
2021-08-31;;;;
2021-09-01;0,18336023;0,23386838;0,40777138;0,17500001
2021-09-02;;;;
2021-09-03;;;;
2021-09-06;;;;
2021-09-07;;;;
2021-09-08;;;;
2021-09-09;;;;
2021-09-10;;;;
2021-09-13;;;;
2021-09-14;;;;
2021-09-15;;;;
2021-09-16;;;;
2021-09-17;;;;
2021-09-20;;;;
2021-09-21;;;;
2021-09-22;;;;
2021-09-23;;;;
2021-09-24;;;;
2021-09-27;;;;
2021-09-28;;;;
2021-09-29;;;;
2021-09-30;;;;
2021-10-01;0,14516402;0,08883156;0,29100450;0,47499992
2021-10-04;;;;
2021-10-05;;;;
2021-10-06;;;;
2021-10-07;;;;
2021-10-08;;;;
2021-10-11;;;;
2021-10-12;;;;
2021-10-13;;;;
2021-10-14;;;;
2021-10-15;;;;
2021-10-18;;;;
2021-10-19;;;;
2021-10-20;;;;
2021-10-21;;;;
2021-10-22;;;;
2021-10-25;;;;
2021-10-26;;;;
2021-10-27;;;;
2021-10-28;;;;
2021-10-29;;;;
2021-11-01;0,14382540;0,09015752;0,29101785;0,47499923
2021-11-02;;;;
2021-11-03;;;;
2021-11-04;;;;
2021-11-05;;;;
2021-11-08;;;;
2021-11-09;;;;
2021-11-10;;;;
2021-11-11;;;;
2021-11-12;;;;
2021-11-15;;;;
2021-11-16;;;;
2021-11-17;;;;
2021-11-18;;;;
2021-11-19;;;;
2021-11-22;;;;
2021-11-23;;;;
2021-11-24;;;;
2021-11-25;;;;
2021-11-26;;;;
2021-11-29;;;;
2021-11-30;;;;
2021-12-01;0,14456353;0,17721456;0,46132291;0,21689900
2021-12-02;;;;
2021-12-03;;;;
2021-12-06;;;;
2021-12-07;;;;
2021-12-08;;;;
2021-12-09;;;;
2021-12-10;;;;
2021-12-13;;;;
2021-12-14;;;;
2021-12-15;;;;
2021-12-16;;;;
2021-12-17;;;;
2021-12-20;;;;
2021-12-21;;;;
2021-12-22;;;;
2021-12-23;;;;
2021-12-24;;;;
2021-12-27;;;;
2021-12-28;;;;
2021-12-29;;;;
2021-12-30;;;;
2021-12-31;;;;
2022-01-03;0,14497182;0,35558280;0,28719100;0,21225438
2022-01-04;;;;
2022-01-05;;;;
2022-01-06;;;;
2022-01-07;;;;
2022-01-10;;;;
2022-01-11;;;;
2022-01-12;;;;
2022-01-13;;;;
2022-01-14;;;;
2022-01-17;;;;
2022-01-18;;;;
2022-01-19;;;;
2022-01-20;;;;
2022-01-21;;;;
2022-01-24;;;;
2022-01-25;;;;
2022-01-26;;;;
2022-01-27;;;;
2022-01-28;;;;
2022-01-31;;;;
2022-02-01;0,14375679;0,12847378;0,47032247;0,25744695
2022-02-02;;;;
2022-02-03;;;;
2022-02-04;;;;
2022-02-07;;;;
2022-02-08;;;;
2022-02-09;;;;
2022-02-10;;;;
2022-02-11;;;;
2022-02-14;;;;
2022-02-15;;;;
2022-02-16;;;;
2022-02-17;;;;
2022-02-18;;;;
2022-02-21;;;;
2022-02-22;;;;
2022-02-23;;;;
2022-02-24;;;;
2022-02-25;;;;
2022-02-28;;;;
2022-03-01;0,14412954;0,19544115;0,28819636;0,37223295
2022-03-02;;;;
2022-03-03;;;;
2022-03-04;;;;
2022-03-07;;;;
2022-03-08;;;;
2022-03-09;;;;
2022-03-10;;;;
2022-03-11;;;;
2022-03-14;;;;
2022-03-15;;;;
2022-03-16;;;;
2022-03-17;;;;
2022-03-18;;;;
2022-03-21;;;;
2022-03-22;;;;
2022-03-23;;;;
2022-03-24;;;;
2022-03-25;;;;
2022-03-28;;;;
2022-03-29;;;;
2022-03-30;;;;
2022-03-31;;;;
2022-04-01;0,14706652;0,09310893;0,58482455;0,17500000
2022-04-04;;;;
2022-04-05;;;;
2022-04-06;;;;
2022-04-07;;;;
2022-04-08;;;;
2022-04-11;;;;
2022-04-12;;;;
2022-04-13;;;;
2022-04-14;;;;
2022-04-18;;;;
2022-04-19;;;;
2022-04-20;;;;
2022-04-21;;;;
2022-04-22;;;;
2022-04-25;;;;
2022-04-26;;;;
2022-04-27;;;;
2022-04-28;;;;
2022-04-29;;;;
2022-05-02;0,44729212;0,09229086;0,28541702;0,17500000
2022-05-03;;;;
2022-05-04;;;;
2022-05-05;;;;
2022-05-06;;;;
2022-05-09;;;;
2022-05-10;;;;
2022-05-11;;;;
2022-05-12;;;;
2022-05-13;;;;
2022-05-16;;;;
2022-05-17;;;;
2022-05-18;;;;
2022-05-19;;;;
2022-05-20;;;;
2022-05-23;;;;
2022-05-24;;;;
2022-05-25;;;;
2022-05-26;;;;
2022-05-27;;;;
2022-05-30;;;;
2022-05-31;;;;
2022-06-01;0,14676220;0,19898822;0,47924958;0,17500000
2022-06-02;;;;
2022-06-03;;;;
2022-06-06;;;;
2022-06-07;;;;
2022-06-08;;;;
2022-06-09;;;;
2022-06-10;;;;
2022-06-13;;;;
2022-06-14;;;;
2022-06-15;;;;
2022-06-16;;;;
2022-06-17;;;;
2022-06-20;;;;
2022-06-21;;;;
2022-06-22;;;;
2022-06-23;;;;
2022-06-24;;;;
2022-06-27;;;;
2022-06-28;;;;
2022-06-29;;;;
2022-06-30;;;;
2022-07-01;0,14291020;0,08932993;0,59275986;0,17500000
2022-07-04;;;;
2022-07-05;;;;
2022-07-06;;;;
2022-07-07;;;;
2022-07-08;;;;
2022-07-11;;;;
2022-07-12;;;;
2022-07-13;;;;
2022-07-14;;;;
2022-07-15;;;;
2022-07-18;;;;
2022-07-19;;;;
2022-07-20;;;;
2022-07-21;;;;
2022-07-22;;;;
2022-07-25;;;;
2022-07-26;;;;
2022-07-27;;;;
2022-07-28;;;;
2022-07-29;;;;
2022-08-01;0,14471728;0,08980225;0,29048676;0,47499370
2022-08-02;;;;
2022-08-03;;;;
2022-08-04;;;;
2022-08-05;;;;
2022-08-08;;;;
2022-08-09;;;;
2022-08-10;;;;
2022-08-11;;;;
2022-08-12;;;;
2022-08-15;;;;
2022-08-16;;;;
2022-08-17;;;;
2022-08-18;;;;
2022-08-19;;;;
2022-08-22;;;;
2022-08-23;;;;
2022-08-24;;;;
2022-08-25;;;;
2022-08-26;;;;
2022-08-29;;;;
2022-08-30;;;;
2022-08-31;;;;
2022-09-01;0,14429803;0,08898331;0,59171866;0,17500000
2022-09-02;;;;
2022-09-05;;;;
2022-09-06;;;;
2022-09-07;;;;
2022-09-08;;;;
2022-09-09;;;;
2022-09-12;;;;
2022-09-13;;;;
2022-09-14;;;;
2022-09-15;;;;
2022-09-16;;;;
2022-09-19;;;;
2022-09-20;;;;
2022-09-21;;;;
2022-09-22;;;;
2022-09-23;;;;
2022-09-26;;;;
2022-09-27;;;;
2022-09-28;;;;
2022-09-29;;;;
2022-09-30;;;;
2022-10-03;0,14326971;0,08798324;0,59374458;0,17500247
2022-10-04;;;;
2022-10-05;;;;
2022-10-06;;;;
2022-10-07;;;;
2022-10-10;;;;
2022-10-11;;;;
2022-10-12;;;;
2022-10-13;;;;
2022-10-14;;;;
2022-10-17;;;;
2022-10-18;;;;
2022-10-19;;;;
2022-10-20;;;;
2022-10-21;;;;
2022-10-24;;;;
2022-10-25;;;;
2022-10-26;;;;
2022-10-27;;;;
2022-10-28;;;;
2022-10-31;;;;
2022-11-01;0,22317902;0,08918033;0,45343030;0,23421035
2022-11-02;;;;
2022-11-03;;;;
2022-11-04;;;;
2022-11-07;;;;
2022-11-08;;;;
2022-11-09;;;;
2022-11-10;;;;
2022-11-11;;;;
2022-11-14;;;;
2022-11-15;;;;
2022-11-16;;;;
2022-11-17;;;;
2022-11-18;;;;
2022-11-21;;;;
2022-11-22;;;;
2022-11-23;;;;
2022-11-24;;;;
2022-11-25;;;;
2022-11-28;;;;
2022-11-29;;;;
2022-11-30;;;;
2022-12-01;0,14328563;0,08719742;0,59451695;0,17500000
2022-12-02;;;;
2022-12-05;;;;
2022-12-06;;;;
2022-12-07;;;;
2022-12-08;;;;
2022-12-09;;;;
2022-12-12;;;;
2022-12-13;;;;
2022-12-14;;;;
2022-12-15;;;;
2022-12-16;;;;
2022-12-19;;;;
2022-12-20;;;;
2022-12-21;;;;
2022-12-22;;;;
2022-12-23;;;;
2022-12-27;;;;
2022-12-28;;;;
2022-12-29;;;;
2022-12-30;;;;
2023-01-03;0,14299543;0,08681327;0,59518879;0,17500251
2023-01-04;;;;
2023-01-05;;;;
2023-01-06;;;;
2023-01-09;;;;
2023-01-10;;;;
2023-01-11;;;;
2023-01-12;;;;
2023-01-13;;;;
2023-01-16;;;;
2023-01-17;;;;
2023-01-18;;;;
2023-01-19;;;;
2023-01-20;;;;
2023-01-23;;;;
2023-01-24;;;;
2023-01-25;;;;
2023-01-26;;;;
2023-01-27;;;;
2023-01-30;;;;
2023-01-31;;;;
2023-02-01;0,14494772;0,08714247;0,59290943;0,17500039
2023-02-02;;;;
2023-02-03;;;;
2023-02-06;;;;
2023-02-07;;;;
2023-02-08;;;;
2023-02-09;;;;
2023-02-10;;;;
2023-02-13;;;;
2023-02-14;;;;
2023-02-15;;;;
2023-02-16;;;;
2023-02-17;;;;
2023-02-20;;;;
2023-02-21;;;;
2023-02-22;;;;
2023-02-23;;;;
2023-02-24;;;;
2023-02-27;;;;
2023-02-28;;;;
2023-03-01;0,15685694;0,09502650;0,27311663;0,47499993
2023-03-02;;;;
2023-03-03;;;;
2023-03-06;;;;
2023-03-07;;;;
2023-03-08;;;;
2023-03-09;;;;
2023-03-10;;;;
2023-03-13;;;;
2023-03-14;;;;
2023-03-15;;;;
2023-03-16;;;;
2023-03-17;;;;
2023-03-20;;;;
2023-03-21;;;;
2023-03-22;;;;
2023-03-23;;;;
2023-03-24;;;;
2023-03-27;;;;
2023-03-28;;;;
2023-03-29;;;;
2023-03-30;;;;
2023-03-31;;;;
2023-04-03;0,16467680;0,09693704;0,56338614;0,17500002
2023-04-04;;;;
2023-04-05;;;;
2023-04-06;;;;
2023-04-10;;;;
2023-04-11;;;;
2023-04-12;;;;
2023-04-13;;;;
2023-04-14;;;;
2023-04-17;;;;
2023-04-18;;;;
2023-04-19;;;;
2023-04-20;;;;
2023-04-21;;;;
2023-04-24;;;;
2023-04-25;;;;
2023-04-26;;;;
2023-04-27;;;;
2023-04-28;;;;
2023-05-01;0,16688978;0,09614426;0,56196596;0,17500000
2023-05-02;;;;
2023-05-03;;;;
2023-05-04;;;;
2023-05-05;;;;
2023-05-08;;;;
2023-05-09;;;;
2023-05-10;;;;
2023-05-11;;;;
2023-05-12;;;;
2023-05-15;;;;
2023-05-16;;;;
2023-05-17;;;;
2023-05-18;;;;
2023-05-19;;;;
2023-05-22;;;;
2023-05-23;;;;
2023-05-24;;;;
2023-05-25;;;;
2023-05-26;;;;
2023-05-30;;;;
2023-05-31;;;;
2023-06-01;0,16828100;0,09756286;0,55915604;0,17500010
2023-06-02;;;;
2023-06-05;;;;
2023-06-06;;;;
2023-06-07;;;;
2023-06-08;;;;
2023-06-09;;;;
2023-06-12;;;;
2023-06-13;;;;
2023-06-14;;;;
2023-06-15;;;;
2023-06-16;;;;
2023-06-19;;;;
2023-06-20;;;;
2023-06-21;;;;
2023-06-22;;;;
2023-06-23;;;;
2023-06-26;;;;
2023-06-27;;;;
2023-06-28;;;;
2023-06-29;;;;
2023-06-30;;;;
2023-07-03;0,16960696;0,09738795;0,41715244;0,31585266
2023-07-04;;;;
2023-07-05;;;;
2023-07-06;;;;
2023-07-07;;;;
2023-07-10;;;;
2023-07-11;;;;
2023-07-12;;;;
2023-07-13;;;;
2023-07-14;;;;
2023-07-17;;;;
2023-07-18;;;;
2023-07-19;;;;
2023-07-20;;;;
2023-07-21;;;;
2023-07-24;;;;
2023-07-25;;;;
2023-07-26;;;;
2023-07-27;;;;
2023-07-28;;;;
2023-07-31;;;;
2023-08-01;0,16408836;0,09379201;0,37744645;0,36467318
2023-08-02;;;;
2023-08-03;;;;
2023-08-04;;;;
2023-08-07;;;;
2023-08-08;;;;
2023-08-09;;;;
2023-08-10;;;;
2023-08-11;;;;
2023-08-14;;;;
2023-08-15;;;;
2023-08-16;;;;
2023-08-17;;;;
2023-08-18;;;;
2023-08-21;;;;
2023-08-22;;;;
2023-08-23;;;;
2023-08-24;;;;
2023-08-25;;;;
2023-08-28;;;;
2023-08-29;;;;
2023-08-30;;;;
2023-08-31;;;;
2023-09-01;0,16396850;0,09462460;0,26641002;0,47499688
2023-09-04;;;;
2023-09-05;;;;
2023-09-06;;;;
2023-09-07;;;;
2023-09-08;;;;
2023-09-11;;;;
2023-09-12;;;;
2023-09-13;;;;
2023-09-14;;;;
2023-09-15;;;;
2023-09-18;;;;
2023-09-19;;;;
2023-09-20;;;;
2023-09-21;;;;
2023-09-22;;;;
2023-09-25;;;;
2023-09-26;;;;
2023-09-27;;;;
2023-09-28;;;;
2023-09-29;;;;
2023-10-02;0,19783565;0,09438414;0,53277978;0,17500042
2023-10-03;;;;
2023-10-04;;;;
2023-10-05;;;;
2023-10-06;;;;
2023-10-09;;;;
2023-10-10;;;;
2023-10-11;;;;
2023-10-12;;;;
2023-10-13;;;;
2023-10-16;;;;
2023-10-17;;;;
2023-10-18;;;;
2023-10-19;;;;
2023-10-20;;;;
2023-10-23;;;;
2023-10-24;;;;
2023-10-25;;;;
2023-10-26;;;;
2023-10-27;;;;
2023-10-30;;;;
2023-10-31;;;;
2023-11-01;0,16174438;0,09311562;0,27014007;0,47499993
2023-11-02;;;;
2023-11-03;;;;
2023-11-06;;;;
2023-11-07;;;;
2023-11-08;;;;
2023-11-09;;;;
2023-11-10;;;;
2023-11-13;;;;
2023-11-14;;;;
2023-11-15;;;;
2023-11-16;;;;
2023-11-17;;;;
2023-11-20;;;;
2023-11-21;;;;
2023-11-22;;;;
2023-11-23;;;;
2023-11-24;;;;
2023-11-27;;;;
2023-11-28;;;;
2023-11-29;;;;
2023-11-30;;;;
2023-12-01;0,46174578;0,09304545;0,27020877;0,17500000
2023-12-04;;;;
2023-12-05;;;;
2023-12-06;;;;
2023-12-07;;;;
2023-12-08;;;;
2023-12-11;;;;
2023-12-12;;;;
2023-12-13;;;;
2023-12-14;;;;
2023-12-15;;;;
2023-12-18;;;;
2023-12-19;;;;
2023-12-20;;;;
2023-12-21;;;;
2023-12-22;;;;
2023-12-26;;;;
2023-12-27;;;;
2023-12-28;;;;
2023-12-29;;;;
2024-01-02;0,22066091;0,09215102;0,39141257;0,29577549
2024-01-03;;;;
2024-01-04;;;;
2024-01-05;;;;
2024-01-08;;;;
2024-01-09;;;;
2024-01-10;;;;
2024-01-11;;;;
2024-01-12;;;;
2024-01-15;;;;
2024-01-16;;;;
2024-01-17;;;;
2024-01-18;;;;
2024-01-19;;;;
2024-01-22;;;;
2024-01-23;;;;
2024-01-24;;;;
2024-01-25;;;;
2024-01-26;;;;
2024-01-29;;;;
2024-01-30;;;;
2024-01-31;;;;
2024-02-01;0,32825768;0,09164099;0,40510127;0,17500005
2024-02-02;;;;
2024-02-05;;;;
2024-02-06;;;;
2024-02-07;;;;
2024-02-08;;;;
2024-02-09;;;;
2024-02-12;;;;
2024-02-13;;;;
2024-02-14;;;;
2024-02-15;;;;
2024-02-16;;;;
2024-02-19;;;;
2024-02-20;;;;
2024-02-21;;;;
2024-02-22;;;;
2024-02-23;;;;
2024-02-26;;;;
2024-02-27;;;;
2024-02-28;;;;
2024-02-29;;;;
2024-03-01;0,22575263;0,13020654;0,39404083;0,25000000
2024-03-04;;;;
2024-03-05;;;;
2024-03-06;;;;
2024-03-07;;;;
2024-03-08;;;;
2024-03-11;;;;
2024-03-12;;;;
2024-03-13;;;;
2024-03-14;;;;
2024-03-15;;;;
2024-03-18;;;;
2024-03-19;;;;
2024-03-20;;;;
2024-03-21;;;;
2024-03-22;;;;
2024-03-25;;;;
2024-03-26;;;;
2024-03-27;;;;
2024-03-28;;;;
2024-04-01;0,25288948;0,12162720;0,45048331;0,17500001
2024-04-02;;;;
2024-04-03;;;;
2024-04-04;;;;
2024-04-05;;;;
2024-04-08;;;;
2024-04-09;;;;
2024-04-10;;;;
2024-04-11;;;;
2024-04-12;;;;
2024-04-15;;;;
2024-04-16;;;;
2024-04-17;;;;
2024-04-18;;;;
2024-04-19;;;;
2024-04-22;;;;
2024-04-23;;;;
2024-04-24;;;;
2024-04-25;;;;
2024-04-26;;;;
2024-04-29;;;;
2024-04-30;;;;
2024-05-01;0,38706959;0,09168458;0,34624583;0,17500000
2024-05-02;;;;
2024-05-03;;;;
2024-05-06;;;;
2024-05-07;;;;
2024-05-08;;;;
2024-05-09;;;;
2024-05-10;;;;
2024-05-13;;;;
2024-05-14;;;;
2024-05-15;;;;
2024-05-16;;;;
2024-05-17;;;;
2024-05-20;;;;
2024-05-21;;;;
2024-05-22;;;;
2024-05-23;;;;
2024-05-24;;;;
2024-05-28;;;;
2024-05-29;;;;
2024-05-30;;;;
2024-05-31;;;;
2024-06-03;0,37603922;0,09063619;0,35832457;0,17500002
2024-06-04;;;;
2024-06-05;;;;
2024-06-06;;;;
2024-06-07;;;;
2024-06-10;;;;
2024-06-11;;;;
2024-06-12;;;;
2024-06-13;;;;
2024-06-14;;;;
2024-06-17;;;;
2024-06-18;;;;
2024-06-19;;;;
2024-06-20;;;;
2024-06-21;;;;
2024-06-24;;;;
2024-06-25;;;;
2024-06-26;;;;
2024-06-27;;;;
2024-06-28;;;;
2024-07-01;0,38774644;0,09222165;0,34503192;0,17500000
2024-07-02;;;;
2024-07-03;;;;
2024-07-04;;;;
2024-07-05;;;;
2024-07-08;;;;
2024-07-09;;;;
2024-07-10;;;;
2024-07-11;;;;
2024-07-12;;;;
2024-07-15;;;;
2024-07-16;;;;
2024-07-17;;;;
2024-07-18;;;;
2024-07-19;;;;
2024-07-22;;;;
2024-07-23;;;;
2024-07-24;;;;
2024-07-25;;;;
2024-07-26;;;;
2024-07-29;;;;
2024-07-30;;;;
2024-07-31;;;;
2024-08-01;0,45934895;0,08949939;0,27615166;0,17500000
2024-08-02;;;;
2024-08-05;;;;
2024-08-06;;;;
2024-08-07;;;;
2024-08-08;;;;
2024-08-09;;;;
2024-08-12;;;;
2024-08-13;;;;
2024-08-14;;;;
2024-08-15;;;;
2024-08-16;;;;
2024-08-19;;;;
2024-08-20;;;;
2024-08-21;;;;
2024-08-22;;;;
2024-08-23;;;;
2024-08-26;;;;
2024-08-27;;;;
2024-08-28;;;;
2024-08-29;;;;
2024-08-30;;;;
2024-09-02;0,45498496;0,08797523;0,28203981;0,17500000
2024-09-03;;;;
2024-09-04;;;;
2024-09-05;;;;
2024-09-06;;;;
2024-09-09;;;;
2024-09-10;;;;
2024-09-11;;;;
2024-09-12;;;;
2024-09-13;;;;
2024-09-16;;;;
2024-09-17;;;;
2024-09-18;;;;
2024-09-19;;;;
2024-09-20;;;;
2024-09-23;;;;
2024-09-24;;;;
2024-09-25;;;;
2024-09-26;;;;
2024-09-27;;;;
2024-09-30;;;;
2024-10-01;0,15448575;0,14282332;0,35691491;0,34577602
2024-10-02;;;;
2024-10-03;;;;
2024-10-04;;;;
2024-10-07;;;;
2024-10-08;;;;
2024-10-09;;;;
2024-10-10;;;;
2024-10-11;;;;
2024-10-14;;;;
2024-10-15;;;;
2024-10-16;;;;
2024-10-17;;;;
2024-10-18;;;;
2024-10-21;;;;
2024-10-22;;;;
2024-10-23;;;;
2024-10-24;;;;
2024-10-25;;;;
2024-10-28;;;;
2024-10-29;;;;
2024-10-30;;;;
2024-10-31;;;;
2024-11-01;0,45381412;0,08714485;0,28404103;0,17500000
2024-11-04;;;;
2024-11-05;;;;
2024-11-06;;;;
2024-11-07;;;;
2024-11-08;;;;
2024-11-11;;;;
2024-11-12;;;;
2024-11-13;;;;
2024-11-14;;;;
2024-11-15;;;;
2024-11-18;;;;
2024-11-19;;;;
2024-11-20;;;;
2024-11-21;;;;
2024-11-22;;;;
2024-11-25;;;;
2024-11-26;;;;
2024-11-27;;;;
2024-11-28;;;;
2024-11-29;;;;
2024-12-02;0,15927442;0,12992217;0,33119138;0,37961202
2024-12-03;;;;
2024-12-04;;;;
2024-12-05;;;;
2024-12-06;;;;
2024-12-09;;;;
2024-12-10;;;;
2024-12-11;;;;
2024-12-12;;;;
2024-12-13;;;;
2024-12-16;;;;
2024-12-17;;;;
2024-12-18;;;;
2024-12-19;;;;
2024-12-20;;;;
2024-12-23;;;;
2024-12-24;;;;
2024-12-26;;;;
2024-12-27;;;;
2024-12-30;;;;
2024-12-31;;;;
2025-01-02;0,46380363;0,08806090;0,27313547;0,17500000
2025-01-03;;;;
2025-01-06;;;;
2025-01-07;;;;
2025-01-08;;;;
2025-01-09;;;;
2025-01-10;;;;
2025-01-13;;;;
2025-01-14;;;;
2025-01-15;;;;
2025-01-16;;;;
2025-01-17;;;;
2025-01-20;;;;
2025-01-21;;;;
2025-01-22;;;;
2025-01-23;;;;
2025-01-24;;;;
2025-01-27;;;;
2025-01-28;;;;
2025-01-29;;;;
2025-01-30;;;;
2025-01-31;;;;
2025-02-03;0,37126692;0,17727685;0,27645532;0,17500091
2025-02-04;;;;
2025-02-05;;;;
2025-02-06;;;;
2025-02-07;;;;
2025-02-10;;;;
2025-02-11;;;;
2025-02-12;;;;
2025-02-13;;;;
2025-02-14;;;;
2025-02-17;;;;
2025-02-18;;;;
2025-02-19;;;;
2025-02-20;;;;
2025-02-21;;;;
2025-02-24;;;;
2025-02-25;;;;
2025-02-26;;;;
2025-02-27;;;;
2025-02-28;;;;
2025-03-03;0,46102402;0,08613844;0,27783755;0,17500000
2025-03-04;;;;
2025-03-05;;;;
2025-03-06;;;;
2025-03-07;;;;
2025-03-10;;;;
2025-03-11;;;;
2025-03-12;;;;
2025-03-13;;;;
2025-03-14;;;;
2025-03-17;;;;
2025-03-18;;;;
2025-03-19;;;;
2025-03-20;;;;
2025-03-21;;;;
2025-03-24;;;;
2025-03-25;;;;
2025-03-26;;;;
2025-03-27;;;;
2025-03-28;;;;
2025-03-31;;;;
2025-04-01;0,45920515;0,08668806;0,27910679;0,17500000
2025-04-02;;;;
2025-04-03;;;;
2025-04-04;;;;
2025-04-07;;;;
2025-04-08;;;;
2025-04-09;;;;
2025-04-10;;;;
2025-04-11;;;;
2025-04-14;;;;
2025-04-15;;;;
2025-04-16;;;;
2025-04-17;;;;
2025-04-21;;;;
2025-04-22;;;;
2025-04-23;;;;
2025-04-24;;;;
2025-04-25;;;;
2025-04-28;;;;
2025-04-29;;;;
2025-04-30;;;;
2025-05-01;0,15253454;0,08887881;0,32673932;0,43184733
2025-05-02;;;;
2025-05-05;;;;
2025-05-06;;;;
2025-05-07;;;;
2025-05-08;;;;
2025-05-09;;;;
2025-05-12;;;;
2025-05-13;;;;
2025-05-14;;;;
2025-05-15;;;;
2025-05-16;;;;
2025-05-19;;;;
2025-05-20;;;;
2025-05-21;;;;
2025-05-22;;;;
2025-05-23;;;;
2025-05-27;;;;
2025-05-28;;;;
2025-05-29;;;;
2025-05-30;;;;
2025-06-02;0,24525566;0,19094576;0,38879796;0,17500062
2025-06-03;;;;
2025-06-04;;;;
2025-06-05;;;;
2025-06-06;;;;
2025-06-09;;;;
2025-06-10;;;;
2025-06-11;;;;
2025-06-12;;;;
2025-06-13;;;;
2025-06-16;;;;
2025-06-17;;;;
2025-06-18;;;;
2025-06-19;;;;
2025-06-20;;;;
2025-06-23;;;;
2025-06-24;;;;
2025-06-25;;;;
2025-06-26;;;;
2025-06-27;;;;
2025-06-30;;;;
2025-07-01;0,19128725;0,36608073;0,26763202;0,17500000
2025-07-02;;;;
2025-07-03;;;;
2025-07-04;;;;
2025-07-07;;;;
2025-07-08;;;;
2025-07-09;;;;
2025-07-10;;;;
2025-07-11;;;;
2025-07-14;;;;
2025-07-15;;;;
2025-07-16;;;;
2025-07-17;;;;
2025-07-18;;;;
2025-07-21;;;;
2025-07-22;;;;
2025-07-23;;;;
2025-07-24;;;;
2025-07-25;;;;
2025-07-28;;;;
2025-07-29;;;;
2025-07-30;;;;
2025-07-31;;;;
2025-08-01;0,28785420;0,27058099;0,26656480;0,17500000
2025-08-04;;;;
2025-08-05;;;;
2025-08-06;;;;
2025-08-07;;;;
2025-08-08;;;;
2025-08-11;;;;
2025-08-12;;;;
2025-08-13;;;;
2025-08-14;;;;
2025-08-15;;;;
2025-08-18;;;;
2025-08-19;;;;
2025-08-20;;;;
2025-08-21;;;;
2025-08-22;;;;
2025-08-25;;;;
2025-08-26;;;;
2025-08-27;;;;
2025-08-28;;;;
2025-08-29;;;;
2025-09-01;0,27078051;0,28892894;0,26529054;0,17500000
2025-09-02;;;;
2025-09-03;;;;
2025-09-04;;;;
2025-09-05;;;;
2025-09-08;;;;
2025-09-09;;;;
2025-09-10;;;;
2025-09-11;;;;
2025-09-12;;;;
2025-09-15;;;;
2025-09-16;;;;
2025-09-17;;;;
2025-09-18;;;;
2025-09-19;;;;
2025-09-22;;;;
2025-09-23;;;;
2025-09-24;;;;
2025-09-25;;;;
2025-09-26;;;;
2025-09-29;;;;
2025-09-30;;;;
2025-10-01;0,18095781;0,38537969;0,25866243;0,17500007
2025-10-02;;;;
2025-10-03;;;;
2025-10-06;;;;
2025-10-07;;;;
2025-10-08;;;;
2025-10-09;;;;
2025-10-10;;;;
2025-10-13;;;;
2025-10-14;;;;
2025-10-15;;;;
2025-10-16;;;;
2025-10-17;;;;
2025-10-20;;;;
2025-10-21;;;;
2025-10-22;;;;
2025-10-23;;;;
2025-10-24;;;;
2025-10-27;;;;
2025-10-28;;;;
2025-10-29;;;;
2025-10-30;;;;
2025-10-31;;;;
2025-11-03;0,17040030;0,38066096;0,27393874;0,17500000
2025-11-04;;;;
2025-11-05;;;;
2025-11-06;;;;
2025-11-07;;;;
2025-11-10;;;;
2025-11-11;;;;
2025-11-12;;;;
2025-11-13;;;;
2025-11-14;;;;
2025-11-17;;;;
2025-11-18;;;;
2025-11-19;;;;
2025-11-20;;;;
2025-11-21;;;;
2025-11-24;;;;
2025-11-25;;;;
2025-11-26;;;;
2025-11-27;;;;
2025-11-28;;;;
2025-12-01;0,14215256;0,41090639;0,27194104;0,17500001
2025-12-02;;;;
2025-12-03;;;;
2025-12-04;;;;
2025-12-05;;;;
2025-12-08;;;;
2025-12-09;;;;
2025-12-10;;;;
2025-12-11;;;;
2025-12-12;;;;
2025-12-15;;;;
2025-12-16;;;;
2025-12-17;;;;
2025-12-18;;;;
2025-12-19;;;;
2025-12-22;;;;
2025-12-23;;;;
2025-12-24;;;;
2025-12-26;;;;
2025-12-29;;;;
2025-12-30;;;;
2025-12-31;;;;
2026-01-02;0,19864287;0,35532149;0,27103563;0,17500001
2026-01-05;;;;
2026-01-06;;;;
2026-01-07;;;;
2026-01-08;;;;
2026-01-09;;;;
2026-01-12;;;;
2026-01-13;;;;
2026-01-14;;;;
2026-01-15;;;;
2026-01-16;;;;
2026-01-19;;;;
2026-01-20;;;;
2026-01-21;;;;
2026-01-22;;;;
2026-01-23;;;;
2026-01-26;;;;
2026-01-27;;;;
2026-01-28;;;;
2026-01-29;;;;
2026-01-30;;;;
2026-02-02;0,31251692;0,25295257;0,25953050;0,17500001
2026-02-03;;;;
2026-02-04;;;;
2026-02-05;;;;
2026-02-06;;;;
2026-02-09;;;;
2026-02-10;;;;
2026-02-11;;;;
2026-02-12;;;;
2026-02-13;;;;
2026-02-16;;;;
2026-02-17;;;;
2026-02-18;;;;
2026-02-19;;;;
2026-02-20;;;;
2026-02-23;;;;
2026-02-24;;;;
2026-02-25;;;;
2026-02-26;;;;
2026-02-27;;;;
2026-03-02;0,15693679;0,41684680;0,25121640;0,17500000
2026-03-03;;;;
2026-03-04;;;;
2026-03-05;;;;
2026-03-06;;;;
2026-03-09;;;;
2026-03-10;;;;
2026-03-11;;;;
2026-03-12;;;;
2026-03-13;;;;
2026-03-16;;;;
2026-03-17;;;;
2026-03-18;;;;
2026-03-19;;;;
2026-03-20;;;;
2026-03-23;;;;
2026-03-24;;;;
2026-03-25;;;;
2026-03-26;;;;
2026-03-27;;;;
2026-03-30;;;;
2026-03-31;;;;
2026-04-01;0,33640549;0,25113069;0,23746380;0,17500002
2026-04-02;;;;
2026-04-06;;;;
2026-04-07;;;;
2026-04-08;;;;
2026-04-09;;;;
2026-04-10;;;;
2026-04-13;;;;
2026-04-14;;;;
2026-04-15;;;;
2026-04-16;;;;
2026-04-17;;;;
2026-04-20;;;;
2026-04-21;;;;
2026-04-22;;;;
2026-04-23;;;;
2026-04-24;;;;
2026-04-27;;;;
2026-04-28;;;;
2026-04-29;;;;
2026-04-30;;;;
2026-05-01;0,33975013;0,24926234;0,23598752;0,17500002
2026-05-04;;;;
2026-05-05;;;;
2026-05-06;;;;
2026-05-07;;;;
2026-05-08;;;;
2026-05-11;;;;
2026-05-12;;;;
2026-05-13;;;;
2026-05-14;;;;
2026-05-15;;;;
2026-05-18;;;;
2026-05-19;;;;
2026-05-20;;;;
2026-05-21;;;;
2026-05-22;;;;
2026-05-26;;;;
2026-05-27;;;;
2026-05-28;;;;
2026-05-29;;;;
2026-06-01;0,34183296;0,24781815;0,23534888;0,17500002
2026-06-02;;;;
2026-06-03;;;;
2026-06-04;;;;
2026-06-05;;;;
2026-06-08;;;;
2026-06-09;;;;
2026-06-10;;;;
2026-06-11;;;;
2026-06-12;;;;
2026-06-15;;;;
2026-06-16;;;;
2026-06-17;;;;
2026-06-18;;;;
2026-06-19;;;;
2026-06-22;;;;
2026-06-23;;;;
2026-06-24;;;;
2026-06-25;;;;
2026-06-26;;;;
2026-06-29;;;;
2026-06-30;;;;
