date;value
2016-01-04;10000,00000000
2016-01-05;10018,84424492
2016-01-06;10084,73328578
2016-01-07;10109,79052528
2016-01-08;10050,91426290
2016-01-11;9998,93370226
2016-01-12;10005,34887750
2016-01-13;9999,35033551
2016-01-14;9911,99501186
2016-01-15;9925,74903069
2016-01-19;9945,96718411
2016-01-20;9961,85338115
2016-01-21;9999,97933590
2016-01-22;10014,64695261
2016-01-25;10066,35773611
2016-01-26;10139,23563750
2016-01-27;10142,57985529
2016-01-28;10078,59641503
2016-01-29;10171,21387187
2016-02-01;10236,81885533
2016-02-02;10194,75738344
2016-02-03;10225,78980479
2016-02-04;10317,17436341
2016-02-05;10356,55382991
2016-02-08;10402,08139043
2016-02-09;10371,29573076
2016-02-10;10421,37933447
2016-02-11;10646,42220011
2016-02-12;10638,04011283
2016-02-16;10502,12282559
2016-02-17;10594,53482886
2016-02-18;10749,80773375
2016-02-19;10698,89430894
2016-02-22;10644,11927986
2016-02-23;10712,42061220
2016-02-24;10721,91340808
2016-02-25;10796,49751866
2016-02-26;10759,14174004
2016-02-29;10835,31582181
2016-03-01;10827,52020672
2016-03-02;10876,70111632
2016-03-03;10972,21324106
2016-03-04;10990,27208045
2016-03-07;11008,47288308
2016-03-08;10959,47369287
2016-03-09;10929,09157036
2016-03-10;11009,40691096
2016-03-11;10942,80070277
2016-03-14;10866,17622679
2016-03-15;10886,66922932
2016-03-16;11038,87787083
2016-03-17;11009,36327325
2016-03-18;11002,70536789
2016-03-21;10967,94619192
2016-03-22;11009,99761141
2016-03-23;10857,93868806
2016-03-24;10832,82806023
2016-03-29;10962,65739628
2016-03-30;10909,43501021
2016-03-31;10928,44104416
2016-04-01;10913,59714400
2016-04-04;10856,33277200
2016-04-05;10920,96469153
2016-04-06;10909,91813349
2016-04-07;10971,65649781
2016-04-08;10972,61064763
2016-04-11;11040,43209977
2016-04-12;11061,77871223
2016-04-13;11030,86478025
2016-04-14;10959,20282026
2016-04-15;10986,70604301
2016-04-18;10970,93991875
2016-04-19;11063,96672543
2016-04-20;11041,74792190
2016-04-21;11064,12455987
2016-04-22;10951,56162843
2016-04-25;10946,03190872
2016-04-26;10967,72219099
2016-04-27;10980,88678476
2016-04-28;11070,77418021
2016-04-29;11158,95182517
2016-05-03;11129,11212386
2016-05-04;11089,19591088
2016-05-05;11078,95517150
2016-05-06;11142,53327182
2016-05-09;11011,49876294
2016-05-10;11064,06426113
2016-05-11;11109,12403138
2016-05-12;11041,17963434
2016-05-13;11076,98762981
2016-05-16;11102,29494723
2016-05-17;11100,86077518
2016-05-18;10969,43916156
2016-05-19;10933,26678539
2016-05-20;10959,79225407
2016-05-23;10954,78687089
2016-05-24;10870,90223828
2016-05-25;10869,60849118
2016-05-26;10852,71259975
2016-05-27;10825,88653893
2016-05-31;10856,29617576
2016-06-01;10848,32574375
2016-06-02;10829,62327058
2016-06-03;10984,42154636
2016-06-06;11018,05371802
2016-06-07;11017,08987391
2016-06-08;11119,00660385
2016-06-09;11151,82382037
2016-06-10;11163,34608449
2016-06-13;11191,92937079
2016-06-14;11189,91731531
2016-06-15;11236,36722109
2016-06-16;11168,05068762
2016-06-17;11229,76778508
2016-06-20;11194,32077276
2016-06-21;11081,38521911
2016-06-22;11074,56858762
2016-06-23;11054,56394328
2016-06-24;11373,56945737
2016-06-27;11387,70260058
2016-06-28;11349,02810445
2016-06-29;11407,72490684
2016-06-30;11495,39337148
2016-07-01;11625,45251333
2016-07-05;11650,66320269
2016-07-06;11685,02358953
2016-07-07;11683,91034239
2016-07-08;11736,72025983
2016-07-11;11735,44183667
2016-07-12;11677,66490470
2016-07-13;11708,05888907
2016-07-14;11687,63765550
2016-07-15;11684,76466405
2016-07-18;11694,21402203
2016-07-19;11707,19711153
2016-07-20;11692,93466338
2016-07-21;11720,54793672
2016-07-22;11720,31644664
2016-07-25;11691,38420244
2016-07-26;11708,01852534
2016-07-27;11772,02557195
2016-07-28;11755,96219691
2016-07-29;11787,66961884
2016-08-01;11807,17665694
2016-08-02;11819,67921045
2016-08-03;11791,86575180
2016-08-04;11841,45264830
2016-08-05;11763,19180148
2016-08-08;11761,86130199
2016-08-09;11806,01773286
2016-08-10;11827,04407746
2016-08-11;11803,60768222
2016-08-12;11785,72808663
2016-08-15;11833,20266248
2016-08-16;11833,74565940
2016-08-17;11819,27657011
2016-08-18;11844,00936479
2016-08-19;11795,30113200
2016-08-22;11773,31709359
2016-08-23;11779,81281385
2016-08-24;11695,79024293
2016-08-25;11689,02477112
2016-08-26;11684,96831900
2016-08-30;11643,66730496
2016-08-31;11611,26901682
2016-09-01;11617,09751539
2016-09-02;11673,10053861
2016-09-06;11722,46253962
2016-09-07;11726,89841805
2016-09-08;11700,78850332
2016-09-09;11632,86534097
2016-09-12;11626,75420875
2016-09-13;11601,83873707
2016-09-14;11619,79118902
2016-09-15;11634,28918369
2016-09-16;11625,64626629
2016-09-19;11643,79523543
2016-09-20;11658,41309876
2016-09-21;11724,10343375
2016-09-22;11752,42012310
2016-09-23;11754,72869854
2016-09-26;11720,10254154
2016-09-27;11715,91756426
2016-09-28;11711,55938218
2016-09-29;11707,29417331
2016-09-30;11703,56256524
2016-10-03;11710,96298766
2016-10-04;11506,04101065
2016-10-05;11499,22066364
2016-10-06;11443,70665462
2016-10-07;11470,62900970
2016-10-10;11518,30769179
2016-10-11;11474,97189299
2016-10-12;11482,73257067
2016-10-13;11475,94769270
2016-10-14;11461,45578936
2016-10-17;11464,81584593
2016-10-18;11505,02886307
2016-10-19;11557,34804905
2016-10-20;11524,82873946
2016-10-21;11542,61920956
2016-10-24;11551,04471840
2016-10-25;11593,69391874
2016-10-26;11542,65846245
2016-10-27;11555,97093606
2016-10-28;11589,17351132
2016-10-31;11590,58027371
2016-11-01;11597,83848045
2016-11-02;11618,13181739
2016-11-03;11615,11701772
2016-11-04;11605,46646776
2016-11-07;11555,50891109
2016-11-08;11546,70388844
2016-11-09;11534,82243504
2016-11-10;11413,83173836
2016-11-11;11264,56530364
2016-11-14;11209,53004877
2016-11-15;11294,49213335
2016-11-16;11284,11450951
2016-11-17;11273,24340321
2016-11-18;11228,10995268
2016-11-21;11255,52471975
2016-11-22;11263,80353451
2016-11-23;11132,27657252
2016-11-25;11115,15975812
2016-11-28;11182,39885519
2016-11-29;11145,56221383
2016-11-30;11052,86756004
2016-12-01;10993,55506623
2016-12-02;10997,82534242
2016-12-05;11004,21852680
2016-12-06;11010,51467952
2016-12-07;11072,53306457
2016-12-08;11094,95274036
2016-12-09;11083,16976068
2016-12-12;11074,18104470
2016-12-13;11096,98533917
2016-12-14;11048,39245061
2016-12-15;11052,62932428
2016-12-16;11039,77941189
2016-12-19;11077,70961517
2016-12-20;11077,56260128
2016-12-21;11074,48424115
2016-12-22;11064,34189558
2016-12-23;11082,35208958
2016-12-28;11102,18811608
2016-12-29;11131,43585338
2016-12-30;11099,97956002
2017-01-03;11141,34910999
2017-01-04;11182,35840380
2017-01-05;11208,67259043
2017-01-06;11246,41021850
2017-01-09;11300,98086133
2017-01-10;11319,42933605
2017-01-11;11343,23454747
2017-01-12;11323,15881895
2017-01-13;11373,43071752
2017-01-17;11341,38674732
2017-01-18;11334,66008395
2017-01-19;11322,27784158
2017-01-20;11353,43085849
2017-01-23;11332,43507708
2017-01-24;11347,46388975
2017-01-25;11372,00197270
2017-01-26;11337,79695404
2017-01-27;11360,78552842
2017-01-30;11321,85769658
2017-01-31;11330,14312509
2017-02-01;11340,69539261
2017-02-02;11388,31866590
2017-02-03;11434,30668745
2017-02-06;11521,25377183
2017-02-07;11507,17736893
2017-02-08;11540,75771695
2017-02-09;11512,54480432
2017-02-10;11540,94293145
2017-02-13;11513,78906069
2017-02-14;11526,56217145
2017-02-15;11569,76133768
2017-02-16;11601,93433984
2017-02-17;11593,01873425
2017-02-21;11609,67903353
2017-02-22;11619,10352739
2017-02-23;11669,43122710
2017-02-24;11708,69785852
2017-02-27;11688,46353103
2017-02-28;11688,07993675
2017-03-01;11740,89025656
2017-03-02;11650,74021106
2017-03-03;11648,51504087
2017-03-06;11602,04397472
2017-03-07;11557,98671822
2017-03-08;11522,32640709
2017-03-09;11487,16453917
2017-03-10;11514,43008235
2017-03-13;11507,59256806
2017-03-14;11479,28180817
2017-03-15;11597,85601780
2017-03-16;11629,76142493
2017-03-17;11635,60580449
2017-03-20;11665,63295948
2017-03-21;11673,92340619
2017-03-22;11696,62082178
2017-03-23;11680,28583821
2017-03-24;11695,09303872
2017-03-27;11714,25099646
2017-03-28;11722,54963185
2017-03-29;11756,50110675
2017-03-30;11703,24470872
2017-03-31;11712,46450134
2017-04-03;11738,32651049
2017-04-04;11757,49742261
2017-04-05;11758,97825937
2017-04-06;11726,50824755
2017-04-07;11750,22005787
2017-04-10;11748,10303098
2017-04-11;11810,35415369
2017-04-12;11859,35917313
2017-04-13;11881,94819420
2017-04-18;11866,33893055
2017-04-19;11807,96511601
2017-04-20;11832,82958725
2017-04-21;11856,67870304
2017-04-24;11855,31377852
2017-04-25;11797,39857188
2017-04-26;11833,12768407
2017-04-27;11800,00125869
2017-04-28;11817,92256329
2017-05-02;11780,35783664
2017-05-03;11681,09815681
2017-05-04;11626,75134561
2017-05-05;11636,58079547
2017-05-08;11635,56398760
2017-05-09;11602,07819638
2017-05-10;11613,31718394
2017-05-11;11629,03435745
2017-05-12;11659,21439019
2017-05-15;11694,60339952
2017-05-16;11727,68216026
2017-05-17;11788,08443843
2017-05-18;11729,49553703
2017-05-19;11781,16916120
2017-05-22;11825,47247400
2017-05-23;11794,66107719
2017-05-24;11834,32818792
2017-05-25;11846,82185954
2017-05-26;11920,17805585
2017-05-30;11887,07362008
2017-05-31;11911,66096261
2017-06-01;11929,04100172
2017-06-02;12000,90890956
2017-06-05;12007,29438419
2017-06-06;12080,52652113
2017-06-07;12042,50359371
2017-06-08;11999,35248865
2017-06-09;11942,55431750
2017-06-12;11915,80889692
2017-06-13;11936,92696583
2017-06-14;11887,38796903
2017-06-15;11843,21455386
2017-06-16;11841,33164068
2017-06-19;11835,73670722
2017-06-20;11816,57124764
2017-06-21;11829,50371262
2017-06-22;11861,64813353
2017-06-23;11887,83167085
2017-06-26;11818,02384941
2017-06-27;11818,30841879
2017-06-28;11825,89073282
2017-06-29;11744,84131924
2017-06-30;11727,19665139
2017-07-03;11620,85811657
2017-07-05;11664,44771855
2017-07-06;11629,59597667
2017-07-07;11590,21134516
2017-07-10;11617,49196881
2017-07-11;11630,66213048
2017-07-12;11685,58084487
2017-07-13;11673,54468255
2017-07-14;11727,78708755
2017-07-17;11764,94957107
2017-07-18;11821,54007884
2017-07-19;11824,11426127
2017-07-20;11850,73406624
2017-07-21;11906,83431501
2017-07-24;11909,99619943
2017-07-25;11887,90893056
2017-07-26;11940,97441531
2017-07-27;11929,71858416
2017-07-28;11970,09759768
2017-07-31;11963,90538031
2017-08-01;11967,98127791
2017-08-02;11947,14890680
2017-08-03;11973,70515932
2017-08-04;11942,93727476
2017-08-07;11949,31134448
2017-08-08;11968,49481557
2017-08-09;12026,00706749
2017-08-10;12042,59056312
2017-08-11;12070,35793808
2017-08-14;12062,73299996
2017-08-15;12030,23623729
2017-08-16;12094,26280130
2017-08-17;12086,80526050
2017-08-18;12066,08714062
2017-08-21;12077,60463180
2017-08-22;12092,92457778
2017-08-23;12118,65555267
2017-08-24;12090,78846464
2017-08-25;12117,81956860
2017-08-29;12201,80306412
2017-08-30;12220,26204657
2017-08-31;12322,42708395
2017-09-01;12332,26377009
2017-09-05;12377,47870322
2017-09-06;12342,01343358
2017-09-07;12418,94110294
2017-09-08;12391,25313967
2017-09-11;12323,95955763
2017-09-12;12343,49878572
2017-09-13;12299,64990528
2017-09-14;12298,20251853
2017-09-15;12248,23307293
2017-09-18;12195,07177709
2017-09-19;12219,29666991
2017-09-20;12156,93376173
2017-09-21;12097,39767548
2017-09-22;12133,56907149
2017-09-25;12185,37678259
2017-09-26;12120,84783305
2017-09-27;12071,98688551
2017-09-28;12088,94784155
2017-09-29;12085,22379673
2017-10-02;12055,96749896
2017-10-03;12072,27340953
2017-10-04;12086,83881427
2017-10-05;12091,89479253
2017-10-06;12130,91771225
2017-10-09;12185,88575663
2017-10-10;12200,84196117
2017-10-11;12232,64333767
2017-10-12;12235,96048403
2017-10-13;12290,34496719
2017-10-16;12249,85490596
2017-10-17;12212,28560630
2017-10-18;12191,26110468
2017-10-19;12225,04429337
2017-10-20;12192,58114541
2017-10-23;12204,94507755
2017-10-24;12183,59535610
2017-10-25;12155,81622961
2017-10-26;12121,52428317
2017-10-27;12202,31470764
2017-10-30;12208,59695359
2017-10-31;12185,56743071
2017-11-01;12214,39410728
2017-11-02;12250,30780885
2017-11-03;12229,06815347
2017-11-06;12284,45575527
2017-11-07;12254,91295429
2017-11-08;12297,51679160
2017-11-09;12296,44158673
2017-11-10;12232,58364019
2017-11-13;12255,05503952
2017-11-14;12264,40276883
2017-11-15;12226,27050011
2017-11-16;12259,04469440
2017-11-17;12321,97910817
2017-11-20;12242,96668029
2017-11-21;12283,22096873
2017-11-22;12340,39606850
2017-11-24;12328,26274609
2017-11-27;12357,60851832
2017-11-28;12377,61802452
2017-11-29;12276,76486246
2017-11-30;12233,14966239
2017-12-01;12238,06318106
2017-12-04;12220,59588362
2017-12-05;12163,47837471
2017-12-06;12159,06580691
2017-12-07;12077,65919051
2017-12-08;12096,85404414
2017-12-11;12090,31465585
2017-12-12;12111,73634437
2017-12-13;12165,09079644
2017-12-14;12139,60050990
2017-12-15;12184,34303039
2017-12-18;12231,01517048
2017-12-19;12230,07165269
2017-12-20;12234,30034882
2017-12-21;12260,75559464
2017-12-22;12296,01351157
2017-12-27;12361,80988875
2017-12-28;12392,03441139
2017-12-29;12423,21337221
2018-01-02;12518,83932369
2018-01-03;12535,76044638
2018-01-04;12594,29558380
2018-01-05;12603,35077211
2018-01-08;12612,26245837
2018-01-09;12589,13754068
2018-01-10;12594,59815371
2018-01-11;12620,77839556
2018-01-12;12721,40865928
2018-01-16;12713,83134195
2018-01-17;12676,60385594
2018-01-18;12661,06143470
2018-01-19;12694,21292793
2018-01-22;12718,31294503
2018-01-23;12774,78985071
2018-01-24;12828,53901325
2018-01-25;12759,01338310
2018-01-26;12821,43690754
2018-01-29;12768,17986017
2018-01-30;12701,22305769
2018-01-31;12748,55070383
2018-02-01;12771,64420017
2018-02-02;12627,69534146
2018-02-05;12578,63077555
2018-02-06;12468,34191955
2018-02-07;12466,17007050
2018-02-08;12373,77730168
2018-02-09;12377,74582287
2018-02-12;12465,48001339
2018-02-13;12503,34498071
2018-02-14;12664,21484166
2018-02-15;12704,03492038
2018-02-16;12703,38467363
2018-02-20;12603,52384353
2018-02-21;12567,79489468
2018-02-22;12611,66397287
2018-02-23;12625,18329479
2018-02-26;12685,68902370
2018-02-27;12596,93576281
2018-02-28;12590,97435129
2018-03-01;12525,31090276
2018-03-02;12542,84515401
2018-03-05;12559,64614009
2018-03-06;12647,79838501
2018-03-07;12603,71611735
2018-03-08;12617,56337660
2018-03-09;12662,44751223
2018-03-12;12674,19932577
2018-03-13;12655,41435021
2018-03-14;12643,19191276
2018-03-15;12600,86445156
2018-03-16;12583,55177626
2018-03-19;12535,14094853
2018-03-20;12508,59322142
2018-03-21;12620,32420995
2018-03-22;12525,79820867
2018-03-23;12562,84710204
2018-03-26;12626,08638542
2018-03-27;12575,64547021
2018-03-28;12443,72151430
2018-03-29;12495,47911372
2018-04-03;12488,45157719
2018-04-04;12517,09399365
2018-04-05;12531,57922985
2018-04-06;12509,49474005
2018-04-09;12537,04735037
2018-04-10;12601,73313910
2018-04-11;12637,64941639
2018-04-12;12572,63283527
2018-04-13;12614,32997070
2018-04-16;12634,69957529
2018-04-17;12686,33729909
2018-04-18;12697,77235452
2018-04-19;12670,06213689
2018-04-20;12595,56487211
2018-04-23;12549,31283191
2018-04-24;12557,80519355
2018-04-25;12483,45690495
2018-04-26;12502,30551182
2018-04-27;12557,53872199
2018-04-30;12503,58671854
2018-05-01;12467,48082959
2018-05-02;12477,39858448
2018-05-03;12477,31448980
2018-05-04;12543,40031638
2018-05-08;12565,50943872
2018-05-09;12574,58712580
2018-05-10;12644,49944483
2018-05-11;12638,04755591
2018-05-14;12627,47295567
2018-05-15;12550,42596499
2018-05-16;12557,47537795
2018-05-17;12555,00712092
2018-05-18;12550,02034660
2018-05-21;12582,41282766
2018-05-22;12582,58313641
2018-05-23;12584,75312311
2018-05-24;12606,66071197
2018-05-25;12605,52681857
2018-05-29;12583,15920955
2018-05-30;12603,69433624
2018-05-31;12595,38975298
2018-06-01;12608,08248828
2018-06-04;12622,94848013
2018-06-05;12649,72662497
2018-06-06;12661,60410684
2018-06-07;12653,51328045
2018-06-08;12663,17330804
2018-06-11;12685,02609783
2018-06-12;12664,57599457
2018-06-13;12686,72275791
2018-06-14;12714,97413619
2018-06-15;12581,15987025
2018-06-18;12567,22111362
2018-06-19;12540,33657719
2018-06-20;12518,57756689
2018-06-21;12473,74579942
2018-06-22;12494,70573108
2018-06-25;12413,34946738
2018-06-26;12385,79321030
2018-06-27;12342,32556130
2018-06-28;12333,10824094
2018-06-29;12370,79398140
2018-07-02;12298,25739044
2018-07-03;12355,77949715
2018-07-05;12394,95714803
2018-07-06;12408,64023932
2018-07-09;12455,01176801
2018-07-10;12448,25742515
2018-07-11;12351,38207409
2018-07-12;12410,84388328
2018-07-13;12387,04229683
2018-07-16;12384,63847835
2018-07-17;12324,33393549
2018-07-18;12342,16847245
2018-07-19;12317,99616140
2018-07-20;12355,24513162
2018-07-23;12322,75776819
2018-07-24;12340,50247590
2018-07-25;12395,29102145
2018-07-26;12332,62932400
2018-07-27;12311,08275735
2018-07-30;12270,60989275
2018-07-31;12292,73291430
2018-08-01;12254,28985317
2018-08-02;12232,67660238
2018-08-03;12276,94009897
2018-08-06;12260,27941375
2018-08-07;12288,12973048
2018-08-08;12318,11088303
2018-08-09;12314,80658674
2018-08-10;12289,28728689
2018-08-13;12187,80676198
2018-08-14;12206,96368991
2018-08-15;12064,22324009
2018-08-16;12080,87589218
2018-08-17;12136,01519474
2018-08-20;12176,25626796
2018-08-21;12196,72095707
2018-08-22;12211,21579142
2018-08-23;12157,39053509
2018-08-24;12292,26829955
2018-08-28;12298,96668576
2018-08-29;12331,21333646
2018-08-30;12284,74252376
2018-08-31;12274,25731089
2018-09-04;12250,26526893
2018-09-05;12231,32073200
2018-09-06;12228,85008258
2018-09-07;12193,89611916
2018-09-10;12192,31297388
2018-09-11;12218,47189944
2018-09-12;12265,32668227
2018-09-13;12252,85861615
2018-09-14;12224,80313264
2018-09-17;12222,66234892
2018-09-18;12231,31316566
2018-09-19;12255,16506667
2018-09-20;12297,00942267
2018-09-21;12269,63789219
2018-09-24;12261,69883300
2018-09-25;12280,17417219
2018-09-26;12231,24736973
2018-09-27;12192,47068474
2018-09-28;12242,38118292
2018-10-01;12236,60406889
2018-10-02;12315,86359339
2018-10-03;12302,97458593
2018-10-04;12249,37219642
2018-10-05;12237,99747091
2018-10-08;12130,52819947
2018-10-09;12153,67087644
2018-10-10;12065,03206899
2018-10-11;12174,87136569
2018-10-12;12195,92088762
2018-10-15;12224,33375106
2018-10-16;12271,44017869
2018-10-17;12255,10347251
2018-10-18;12245,54159309
2018-10-19;12249,38585970
2018-10-22;12238,18129259
2018-10-23;12245,72373732
2018-10-24;12202,53168652
2018-10-25;12248,42399259
2018-10-26;12207,72873717
2018-10-29;12179,17808800
2018-10-30;12168,84599104
2018-10-31;12186,56713298
2018-11-01;12273,44391269
2018-11-02;12250,66450780
2018-11-05;12232,48524960
2018-11-06;12209,83838487
2018-11-07;12264,76035624
2018-11-08;12257,99992999
2018-11-09;12162,07644763
2018-11-12;12054,72030647
2018-11-13;12043,48658104
2018-11-14;12071,87144524
2018-11-15;12134,48031608
2018-11-16;12185,81919941
2018-11-19;12140,63593529
2018-11-20;12082,44300077
2018-11-21;12129,77122243
2018-11-23;12084,75697252
2018-11-26;12124,26629856
2018-11-27;12088,99075624
2018-11-28;12175,45884745
2018-11-29;12199,26195191
2018-11-30;12199,91774612
2018-12-03;12306,47825748
2018-12-04;12296,84952568
2018-12-06;12205,09852330
2018-12-07;12242,55052657
2018-12-10;12224,29139688
2018-12-11;12254,04319182
2018-12-12;12284,93720014
2018-12-13;12266,53469142
2018-12-14;12193,96645790
2018-12-17;12191,36602733
2018-12-18;12188,84806246
2018-12-19;12140,00538653
2018-12-20;12184,99197050
2018-12-21;12104,22428248
2018-12-24;12109,54847109
2018-12-27;12233,86475698
2018-12-28;12295,80624177
2018-12-31;12322,64362548
2019-01-02;12343,15706871
2019-01-03;12330,40887376
2019-01-04;12350,76738351
2019-01-07;12389,94174641
2019-01-08;12394,11939378
2019-01-09;12466,29842993
2019-01-10;12428,57225383
2019-01-11;12431,08750602
2019-01-14;12424,10922436
2019-01-15;12457,22449316
2019-01-16;12479,93406421
2019-01-17;12472,99188144
2019-01-18;12459,78872489
2019-01-22;12434,97469163
2019-01-23;12412,24515047
2019-01-24;12412,31300364
2019-01-25;12541,55398182
2019-01-28;12526,98665499
2019-01-29;12571,69943453
2019-01-30;12665,53676991
2019-01-31;12681,05512935
2019-02-01;12688,86650578
2019-02-04;12676,60687600
2019-02-05;12741,05919228
2019-02-06;12695,21561614
2019-02-07;12668,79849866
2019-02-08;12697,24963367
2019-02-11;12687,03596738
2019-02-12;12737,37434906
2019-02-13;12722,80054602
2019-02-14;12772,24492057
2019-02-15;12839,50046966
2019-02-19;12922,18103530
2019-02-20;12922,88150813
2019-02-21;12826,15974386
2019-02-22;12889,35632210
2019-02-25;12898,07635484
2019-02-26;12876,40855739
2019-02-27;12812,66514385
2019-02-28;12773,37302753
2019-03-01;12666,81468925
2019-03-04;12650,82745138
2019-03-05;12658,38465825
2019-03-06;12634,12470053
2019-03-07;12604,76552573
2019-03-08;12683,34192276
2019-03-11;12686,91423233
2019-03-12;12757,32410023
2019-03-13;12811,47516210
2019-03-14;12716,52713152
2019-03-15;12771,63135075
2019-03-18;12799,58007439
2019-03-19;12828,91527673
2019-03-20;12863,66294348
2019-03-21;12903,11267566
2019-03-22;12842,08813266
2019-03-25;12893,18938077
2019-03-26;12870,14464434
2019-03-27;12810,30342250
2019-03-28;12737,07844064
2019-03-29;12779,99099261
2019-04-01;12767,72581003
2019-04-02;12817,38861815
2019-04-03;12813,60642607
2019-04-04;12832,99083097
2019-04-05;12849,35561374
2019-04-08;12886,81391595
2019-04-09;12906,22476974
2019-04-10;12932,04073532
2019-04-11;12845,07533385
2019-04-12;12845,81085029
2019-04-15;12835,06587746
2019-04-16;12795,09792780
2019-04-17;12786,93838962
2019-04-18;12800,03483188
2019-04-23;12817,31738330
2019-04-24;12840,20291992
2019-04-25;12846,41545544
2019-04-26;12884,60939812
2019-04-29;12863,00477330
2019-04-30;12868,70749965
2019-05-01;12819,79641247
2019-05-02;12773,42494476
2019-05-03;12821,54245822
2019-05-07;12805,40785050
2019-05-08;12790,78954863
2019-05-09;12774,98482196
2019-05-10;12791,54970003
2019-05-13;12816,77242001
2019-05-14;12845,89199632
2019-05-15;12859,40432977
2019-05-16;12854,04594438
2019-05-17;12787,18816796
2019-05-20;12748,63894881
2019-05-21;12750,56172823
2019-05-22;12759,48550400
2019-05-23;12767,28210357
2019-05-24;12779,54463033
2019-05-28;12747,86061382
2019-05-29;12723,95127431
2019-05-30;12790,47053147
2019-05-31;12869,11397488
2019-06-03;12953,40532237
2019-06-04;13011,49998803
2019-06-05;13054,24220873
2019-06-06;13096,17914977
2019-06-07;13179,89480721
2019-06-10;13147,50383814
2019-06-11;13123,11386189
2019-06-12;13149,77571310
2019-06-13;13204,15869121
2019-06-14;13199,86180664
2019-06-17;13206,55771252
2019-06-18;13286,70570296
2019-06-19;13332,55034839
2019-06-20;13551,07101529
2019-06-21;13610,00504554
2019-06-24;13728,70821436
2019-06-25;13718,29951619
2019-06-26;13644,89173448
2019-06-27;13649,37395291
2019-06-28;13666,71602272
2019-07-01;13558,00164256
2019-07-02;13742,71914462
2019-07-03;13788,25674562
2019-07-05;13688,64021763
2019-07-08;13628,30096037
2019-07-09;13661,09096210
2019-07-10;13800,02440376
2019-07-11;13735,83490512
2019-07-12;13794,86512644
2019-07-15;13810,77323906
2019-07-16;13747,49679957
2019-07-17;13858,85875076
2019-07-18;13965,69536776
2019-07-19;13859,80707696
2019-07-22;13856,32874838
2019-07-23;13836,66916888
2019-07-24;13881,61015517
2019-07-25;13822,98792457
2019-07-26;13857,20310456
2019-07-29;13937,07145618
2019-07-30;13961,45890964
2019-07-31;13829,18906944
2019-08-01;14024,97077454
2019-08-02;13929,28837846
2019-08-05;13951,59483569
2019-08-06;14030,22485758
2019-08-07;14165,52634723
2019-08-08;14288,79847348
2019-08-09;14234,72586280
2019-08-12;14295,62615939
2019-08-13;14293,13149444
2019-08-14;14275,85224126
2019-08-15;14317,40858303
2019-08-16;14306,25489658
2019-08-19;14246,97699088
2019-08-20;14291,92034598
2019-08-21;14281,42414802
2019-08-22;14240,88973189
2019-08-23;14348,73493002
2019-08-27;14443,27262116
2019-08-28;14438,85793914
2019-08-29;14421,04947346
2019-08-30;14384,78161968
2019-09-03;14518,32584913
2019-09-04;14597,87649937
2019-09-05;14418,03665817
2019-09-06;14352,11096526
2019-09-09;14295,49193726
2019-09-10;14207,21685680
2019-09-11;14295,24858466
2019-09-12;14326,49039109
2019-09-13;14238,25342024
2019-09-16;14299,46870653
2019-09-17;14310,30381110
2019-09-18;14255,60952263
2019-09-19;14313,81305673
2019-09-20;14394,44350168
2019-09-23;14443,70834864
2019-09-24;14470,58892608
2019-09-25;14322,90017964
2019-09-26;14328,17726307
2019-09-27;14284,84857914
2019-09-30;14164,28666214
2019-10-01;14191,33805692
2019-10-02;14163,63351058
2019-10-03;14186,20236524
2019-10-04;14244,01217975
2019-10-07;14212,98760123
2019-10-08;14216,36162700
2019-10-09;14242,75444675
2019-10-10;14213,18450868
2019-10-11;14187,07213259
2019-10-14;14202,91705281
2019-10-15;14189,19757421
2019-10-16;14185,47855633
2019-10-17;14189,29365443
2019-10-18;14165,87476563
2019-10-21;14150,89647453
2019-10-22;14157,05314625
2019-10-23;14176,43968629
2019-10-24;14241,04317676
2019-10-25;14270,04100026
2019-10-28;14251,95078051
2019-10-29;14223,55637238
2019-10-30;14260,54631872
2019-10-31;14289,77233933
2019-11-01;14321,71787146
2019-11-04;14329,70968553
2019-11-05;14196,43436907
2019-11-06;14235,34337182
2019-11-07;14134,50737038
2019-11-08;14094,34602020
2019-11-11;14056,23000000
2019-11-12;14100,41886291
2019-11-13;14123,65496392
2019-11-14;14150,96156776
2019-11-15;14154,75528723
2019-11-18;14178,63819709
2019-11-19;14186,08531260
2019-11-20;14178,04834932
2019-11-21;14119,62008544
2019-11-22;14120,62155223
2019-11-25;14104,18031147
2019-11-26;14158,00588526
2019-11-27;14124,87747788
2019-11-29;14150,82140567
2019-12-02;14113,29949716
2019-12-03;14155,38128627
2019-12-04;14149,74555359
2019-12-05;14158,62198964
2019-12-06;14111,57900676
2019-12-09;14101,91121654
2019-12-10;14113,92447586
2019-12-11;14185,41824025
2019-12-12;14183,78503255
2019-12-13;14207,11227087
2019-12-16;14240,44426221
2019-12-17;14249,87074798
2019-12-18;14258,84337740
2019-12-19;14294,75038300
2019-12-20;14302,54157121
2019-12-23;14372,04888026
2019-12-24;14442,38259845
2019-12-27;14503,03798459
2019-12-30;14508,34091568
2019-12-31;14506,61816409
2020-01-02;14614,08450555
2020-01-03;14726,04241881
2020-01-06;14806,85713552
2020-01-07;14855,51490614
2020-01-08;14807,35055023
2020-01-09;14781,84851999
2020-01-10;14843,23583403
2020-01-13;14796,75060340
2020-01-14;14781,89400070
2020-01-15;14845,47793096
2020-01-16;14843,36648854
2020-01-17;14890,63478562
2020-01-21;14892,85598922
2020-01-22;14885,17996783
2020-01-23;14904,77505398
2020-01-24;14960,89878718
2020-01-27;14957,26036275
2020-01-28;14924,09366468
2020-01-29;14973,67116938
2020-01-30;14958,39731889
2020-01-31;14960,03260047
2020-02-03;14943,22972329
2020-02-04;14880,29089352
2020-02-05;14920,33986950
2020-02-06;15005,34480445
2020-02-07;15009,09008923
2020-02-10;15041,70677712
2020-02-11;15020,80469328
2020-02-12;15028,63046521
2020-02-13;15071,55697094
2020-02-14;15117,58359939
2020-02-18;15216,24011313
2020-02-19;15315,67273304
2020-02-20;15338,50869224
2020-02-21;15428,23510756
2020-02-24;15400,25320422
2020-02-25;15143,34070191
2020-02-26;15199,35996542
2020-02-27;15068,11238323
2020-02-28;14688,89886208
2020-03-02;14851,03730028
2020-03-03;15094,02811293
2020-03-04;15186,95175203
2020-03-05;15334,51506901
2020-03-06;15236,12660141
2020-03-09;15069,13518054
2020-03-10;14918,94484324
2020-03-11;14833,58101633
2020-03-12;14221,13712012
2020-03-13;14085,26006691
2020-03-16;13844,35743688
2020-03-17;14058,74793959
2020-03-18;13782,23330235
2020-03-19;13668,60524770
2020-03-20;13732,83567354
2020-03-23;14052,11391136
2020-03-24;14644,66780621
2020-03-25;14587,53080776
2020-03-26;14792,40909571
2020-03-27;14597,56074570
2020-03-30;14698,89561942
2020-03-31;14442,44302156
2020-04-01;14377,48016800
2020-04-02;14549,05583128
2020-04-03;14607,15005993
2020-04-06;15002,26608400
2020-04-07;15021,10214007
2020-04-08;14920,54970076
2020-04-09;15194,78336510
2020-04-14;15509,38088529
2020-04-15;15424,62188610
2020-04-16;15412,40533378
2020-04-17;15258,57477333
2020-04-20;15345,38097962
2020-04-21;15174,53997725
2020-04-22;15418,30377581
2020-04-23;15530,79562255
2020-04-24;15497,09857518
2020-04-27;15500,18647366
2020-04-28;15442,88985549
2020-04-29;15579,35980058
2020-04-30;15340,01240103
2020-05-01;15335,79724577
2020-05-04;15359,92208059
2020-05-05;15435,00556930
2020-05-06;15393,52545622
2020-05-07;15520,87691153
2020-05-11;15501,19635290
2020-05-12;15508,46774825
2020-05-13;15485,50783082
2020-05-14;15530,48995929
2020-05-15;15592,20780241
2020-05-18;15653,16808428
2020-05-19;15684,16327246
2020-05-20;15741,75240402
2020-05-21;15626,96625799
2020-05-22;15664,07998623
2020-05-26;15625,23296271
2020-05-27;15650,87905193
2020-05-28;15690,16861140
2020-05-29;15707,81694920
2020-06-01;15751,29685022
2020-06-02;15729,10901568
2020-06-03;15679,34098544
2020-06-04;15717,80776664
2020-06-05;15683,37917915
2020-06-08;15745,43872791
2020-06-09;15790,77573092
2020-06-10;15879,51279240
2020-06-11;15700,55576389
2020-06-12;15726,24854807
2020-06-15;15711,57285332
2020-06-16;15807,77248251
2020-06-17;15826,31593873
2020-06-18;15823,45009591
2020-06-19;15892,74179088
2020-06-22;15930,84914335
2020-06-23;15999,81388803
2020-06-24;15910,49631921
2020-06-25;15919,12903645
2020-06-26;15921,54790275
2020-06-29;15953,70973951
2020-06-30;15996,79844310
2020-07-01;15977,21738009
2020-07-02;16025,46634233
2020-07-06;16103,93091728
2020-07-07;16102,69954890
2020-07-08;16138,91381825
2020-07-09;16118,57108243
2020-07-10;16115,37554336
2020-07-13;16141,20188511
2020-07-14;16157,27800856
2020-07-15;16204,92814971
2020-07-16;16118,47986545
2020-07-17;16188,61554711
2020-07-20;16242,03544615
2020-07-21;16302,98694500
2020-07-22;16389,16947824
2020-07-23;16409,85531277
2020-07-24;16398,30141380
2020-07-27;16521,26454876
2020-07-28;16556,09603932
2020-07-29;16615,54299146
2020-07-30;16547,88210993
2020-07-31;16634,07601001
2020-08-03;16706,38752254
2020-08-04;16834,74271220
2020-08-05;16899,38355188
2020-08-06;16985,47309068
2020-08-07;16888,59021558
2020-08-10;16862,29942287
2020-08-11;16561,47193970
2020-08-12;16582,93147455
2020-08-13;16699,08343585
2020-08-14;16667,28385738
2020-08-17;16796,73920926
2020-08-18;16839,05442536
2020-08-19;16679,03137917
2020-08-20;16716,51853343
2020-08-21;16696,43335769
2020-08-24;16709,95566838
2020-08-25;16717,82651563
2020-08-26;16813,50299212
2020-08-27;16755,09760071
2020-08-28;16843,67976059
2020-09-01;16889,36855348
2020-09-02;16872,33788515
2020-09-03;16705,17573207
2020-09-04;16663,10660277
2020-09-08;16609,22894388
2020-09-09;16736,35727957
2020-09-10;16714,53644828
2020-09-11;16701,94599822
2020-09-14;16777,74911015
2020-09-15;16794,36731115
2020-09-16;16772,16704671
2020-09-17;16705,08557291
2020-09-18;16683,07771763
2020-09-21;16533,75367850
2020-09-22;16561,50308247
2020-09-23;16415,09558270
2020-09-24;16415,96523355
2020-09-25;16443,37041276
2020-09-28;16543,08936632
2020-09-29;16587,22600738
2020-09-30;16563,51007968
2020-10-01;16630,58181411
2020-10-02;16557,25373570
2020-10-05;16660,00336676
2020-10-06;16550,50215212
2020-10-07;16593,05086124
2020-10-08;16650,30757185
2020-10-09;16802,29906716
2020-10-12;16859,44978018
2020-10-13;16745,90431974
2020-10-14;16742,13036623
2020-10-15;16739,96590259
2020-10-16;16733,92636460
2020-10-19;16681,52231432
2020-10-20;16711,17238500
2020-10-21;16725,65105923
2020-10-22;16649,30305802
2020-10-23;16662,02162977
2020-10-26;16583,69132110
2020-10-27;16599,11079617
2020-10-28;16358,74815804
2020-10-29;16373,71551011
2020-10-30;16331,62796979
2020-11-02;16436,12394104
2020-11-03;16542,50664631
2020-11-04;16714,37673986
2020-11-05;16951,79790678
2020-11-06;16958,85015645
2020-11-09;16753,29941510
2020-11-10;16666,24563905
2020-11-11;16736,14281497
2020-11-12;16748,05586189
2020-11-13;16805,56494369
2020-11-16;16867,77173514
2020-11-17;16818,68488139
2020-11-18;16753,06875088
2020-11-19;16755,66958707
2020-11-20;16743,21710920
2020-11-23;16619,79264724
2020-11-24;16608,30002127
2020-11-25;16604,74572581
2020-11-27;16587,57075375
2020-11-30;16546,21404977
2020-12-01;16720,16699820
2020-12-02;16769,51589640
2020-12-03;16796,27896723
2020-12-04;16810,84467346
2020-12-07;16909,80056836
2020-12-08;16930,67755444
2020-12-09;16821,01835822
2020-12-10;16816,01811454
2020-12-11;16820,53470886
2020-12-14;16796,99937127
2020-12-15;16873,28227599
2020-12-16;16919,77938163
2020-12-17;16983,59579686
2020-12-18;16975,66098656
2020-12-21;16962,78082489
2020-12-22;16954,40910330
2020-12-23;16956,29875754
2020-12-24;16968,84619881
2020-12-29;17014,82018144
2020-12-30;17040,71828719
2020-12-31;17052,51802845
2021-01-04;17153,84885525
2021-01-05;17175,22063296
2021-01-06;17092,32430045
2021-01-07;17128,43639367
2021-01-08;16932,30046318
2021-01-11;16908,74127846
2021-01-12;16911,37228567
2021-01-13;16903,50016487
2021-01-14;16887,82689758
2021-01-15;16787,66519890
2021-01-19;16861,68555602
2021-01-20;17008,90167909
2021-01-21;17019,23944301
2021-01-22;16965,99422250
2021-01-25;16968,38988121
2021-01-26;16959,43651723
2021-01-27;16861,06316559
2021-01-28;16871,72287563
2021-01-29;16798,05160350
2021-02-01;16911,37556733
2021-02-02;16912,28768165
2021-02-03;16896,48242005
2021-02-04;16824,91427771
2021-02-05;16882,20149724
2021-02-08;16962,26067688
2021-02-09;16966,90141235
2021-02-10;16977,04428045
2021-02-11;16962,88679888
2021-02-12;16957,44933671
2021-02-16;16879,48453515
2021-02-17;16804,39507697
2021-02-18;16767,54183820
2021-02-19;16796,55309203
2021-02-22;16807,47814662
2021-02-23;16770,49237221
2021-02-24;16805,25347507
2021-02-25;16654,45692550
2021-02-26;16524,19215117
2021-03-01;16601,78072992
2021-03-02;16599,72175999
2021-03-03;16500,63154683
2021-03-04;16395,07208265
2021-03-05;16399,78814128
2021-03-08;16390,00553457
2021-03-09;16533,52187146
2021-03-10;16555,24645358
2021-03-11;16601,15004705
2021-03-12;16590,94679359
2021-03-15;16634,49665627
2021-03-16;16666,56600176
2021-03-17;16688,79449697
2021-03-18;16623,66735682
2021-03-19;16629,47071858
2021-03-22;16659,74214014
2021-03-23;16618,89933905
2021-03-24;16619,83067089
2021-03-25;16579,68875389
2021-03-26;16649,77375856
2021-03-29;16590,63796661
2021-03-30;16510,96126184
2021-03-31;16599,43624238
2021-04-01;16695,50439962
2021-04-06;16849,36036840
2021-04-07;16857,98431830
2021-04-08;17002,36543917
2021-04-09;17000,57600589
2021-04-12;16941,80780115
2021-04-13;17030,16890956
2021-04-14;16964,04850841
2021-04-15;17149,21164596
2021-04-16;17185,91712162
2021-04-19;17104,05585815
2021-04-20;17066,70268714
2021-04-21;17192,53780118
2021-04-22;17135,57143155
2021-04-23;17161,91923254
2021-04-26;17208,57115751
2021-04-27;17168,73203693
2021-04-28;17155,86246055
2021-04-29;17119,32725143
2021-04-30;17056,81006205
2021-05-04;16973,44937964
2021-05-05;17017,55872454
2021-05-06;17165,71073071
2021-05-07;17275,55424850
2021-05-10;17179,18649251
2021-05-11;17117,61629558
2021-05-12;16927,61443384
2021-05-13;17015,48125259
2021-05-14;17177,63296109
2021-05-17;17223,99285817
2021-05-18;17201,97466146
2021-05-19;17186,89176869
2021-05-20;17331,18807702
2021-05-21;17323,30767835
2021-05-24;17419,19288048
2021-05-25;17481,81626638
2021-05-26;17472,64704859
2021-05-27;17451,20060706
2021-05-28;17493,33622755
2021-06-01;17464,65261165
2021-06-02;17502,02565829
2021-06-03;17384,23697567
2021-06-04;17475,98343343
2021-06-07;17496,49745613
2021-06-08;17483,08585744
2021-06-09;17486,62822545
2021-06-10;17515,71236494
2021-06-11;17476,32141764
2021-06-14;17465,26879542
2021-06-15;17442,40270837
2021-06-16;17350,73974856
2021-06-17;17224,45326681
2021-06-18;17170,50119445
2021-06-21;17249,47020005
2021-06-22;17256,49265056
2021-06-23;17244,14025293
2021-06-24;17273,07625447
2021-06-25;17294,18402150
2021-06-28;17310,10383510
2021-06-29;17286,86761956
2021-06-30;17307,28358669
2021-07-01;17337,47602892
2021-07-02;17401,13608772
2021-07-06;17426,62786509
2021-07-07;17469,34503141
2021-07-08;17429,00847340
2021-07-09;17477,11860064
2021-07-12;17476,10474458
2021-07-13;17499,95551502
2021-07-14;17553,04825746
2021-07-15;17531,35291733
2021-07-16;17467,62504712
2021-07-19;17416,58882864
2021-07-20;17475,10105135
2021-07-21;17481,10776845
2021-07-22;17500,31046166
2021-07-23;17520,67428128
2021-07-26;17504,25169990
2021-07-27;17468,92191118
2021-07-28;17501,91105810
2021-07-29;17570,14646788
2021-07-30;17525,09500132
2021-08-02;17527,45288090
2021-08-03;17531,50492495
2021-08-04;17546,00984688
2021-08-05;17546,42044839
2021-08-06;17428,86168991
2021-08-09;17329,56353391
2021-08-10;17315,70486183
2021-08-11;17384,69963957
2021-08-12;17414,22144204
2021-08-13;17509,35993421
2021-08-16;17534,01591352
2021-08-17;17514,15672300
2021-08-18;17474,83962134
2021-08-19;17473,99205019
2021-08-20;17537,37062562
2021-08-23;17652,61213324
2021-08-24;17651,99556232
2021-08-25;17618,61405818
2021-08-26;17598,58855843
2021-08-27;17708,51014857
2021-08-31;17718,85579514
2021-09-01;17729,38185277
2021-09-02;17706,23661450
2021-09-03;17790,69336479
2021-09-07;17658,14520844
2021-09-08;17613,07924217
2021-09-09;17612,28887059
2021-09-10;17529,19679488
2021-09-13;17541,64579179
2021-09-14;17582,15860725
2021-09-15;17567,29606580
2021-09-16;17420,68063390
2021-09-17;17335,84138336
2021-09-20;17274,33824326
2021-09-21;17344,23561869
2021-09-22;17384,03744821
2021-09-23;17376,00245706
2021-09-24;17374,86931810
2021-09-27;17343,57019857
2021-09-28;17126,31049988
2021-09-29;17123,30994059
2021-09-30;17184,44616044
2021-10-01;17227,09964706
2021-10-04;17183,15617502
2021-10-05;17216,42646872
2021-10-06;17220,16658651
2021-10-07;17255,13399160
2021-10-08;17242,15060163
2021-10-11;17232,04871444
2021-10-12;17228,90600241
2021-10-13;17317,10833505
2021-10-14;17401,73419692
2021-10-15;17341,26364582
2021-10-18;17351,67479996
2021-10-19;17387,16258570
2021-10-20;17435,80541902
2021-10-21;17434,20241908
2021-10-22;17470,03677860
2021-10-25;17521,10022863
2021-10-26;17497,20380639
2021-10-27;17508,03582202
2021-10-28;17522,70605866
2021-10-29;17503,84434414
2021-11-01;17544,04138364
2021-11-02;17565,67982348
2021-11-03;17523,65519842
2021-11-04;17649,55826114
2021-11-05;17744,52492827
2021-11-08;17763,84176952
2021-11-09;17772,46649000
2021-11-10;17811,64127200
2021-11-11;17856,79263191
2021-11-12;17892,23093371
2021-11-15;17883,47046327
2021-11-16;17869,77127274
2021-11-17;17895,02276717
2021-11-18;17892,47982547
2021-11-19;17870,42103096
2021-11-22;17742,18531843
2021-11-23;17672,30128452
2021-11-24;17693,41278742
2021-11-26;17581,47851547
2021-11-29;17648,73952844
2021-11-30;17575,35403897
2021-12-01;17600,72021649
2021-12-02;17542,87847272
2021-12-03;17560,23188169
2021-12-06;17579,93378214
2021-12-07;17721,46871490
2021-12-08;17727,75253790
2021-12-09;17685,43152538
2021-12-10;17725,85429077
2021-12-13;17707,61006887
2021-12-14;17600,70541564
2021-12-15;17669,21217501
2021-12-16;17704,85041369
2021-12-17;17669,87688721
2021-12-20;17583,98463965
2021-12-21;17654,51249405
2021-12-22;17746,33336829
2021-12-23;17779,93506074
2021-12-29;17809,33493781
2021-12-30;17837,61173648
2021-12-31;17852,63080215
2022-01-04;17810,61261645
2022-01-05;17734,64936261
2022-01-06;17622,81521259
2022-01-07;17617,86392112
2022-01-10;17596,57912760
2022-01-11;17709,93064004
2022-01-12;17740,36659811
2022-01-13;17676,38566798
2022-01-14;17640,36568093
2022-01-18;17587,22791953
2022-01-19;17628,43488360
2022-01-20;17609,95106970
2022-01-21;17518,76026769
2022-01-24;17467,90242362
2022-01-25;17461,65302154
2022-01-26;17429,12696120
2022-01-27;17361,23618310
2022-01-28;17382,77753418
2022-01-31;17502,57165394
2022-02-01;17530,15023663
2022-02-02;17582,32885534
2022-02-03;17485,16239448
2022-02-04;17493,12579675
2022-02-07;17557,23190357
2022-02-08;17604,33015646
2022-02-09;17726,83481204
2022-02-10;17613,64875307
2022-02-11;17681,74528830
2022-02-14;17689,81278902
2022-02-15;17693,51702717
2022-02-16;17765,82813480
2022-02-17;17796,37557954
2022-02-18;17737,45147335
2022-02-22;17718,58485181
2022-02-23;17687,75180169
2022-02-24;17674,31018083
2022-02-25;17762,40704764
2022-02-28;17850,23906808
2022-03-01;17940,95985448
2022-03-02;17960,32838373
2022-03-03;17944,70110041
2022-03-04;17962,47059481
2022-03-07;17951,60031959
2022-03-08;18045,78305494
2022-03-09;18029,39449129
2022-03-10;17988,30049234
2022-03-11;17933,00632674
2022-03-14;17801,55704292
2022-03-15;17791,80535958
2022-03-16;17937,18057853
2022-03-17;18002,08999540
2022-03-18;18019,88920301
2022-03-21;18061,71596650
2022-03-22;18071,23979479
2022-03-23;18103,46969619
2022-03-24;18202,72122417
2022-03-25;18191,43945263
2022-03-28;18145,90510920
2022-03-29;18238,29566462
2022-03-30;18241,98379338
2022-03-31;18204,71785154
2022-04-01;18138,39772464
2022-04-04;18225,86598759
2022-04-05;18136,14842739
2022-04-06;18066,77376994
2022-04-07;18088,67489607
2022-04-08;18154,84990810
2022-04-11;18107,48590464
2022-04-12;18163,05947458
2022-04-13;18211,85910206
2022-04-14;18143,68443157
2022-04-19;18100,21302645
2022-04-20;18150,39719566
2022-04-21;18095,83509088
2022-04-22;17942,88673834
2022-04-25;17801,97570588
2022-04-26;17759,93942398
2022-04-27;17742,60561879
2022-04-28;17864,83072140
2022-04-29;17787,65245474
2022-05-03;17693,07728669
2022-05-04;17791,28530006
2022-05-05;17714,94122007
2022-05-06;17702,03771480
2022-05-09;17463,27763314
2022-05-10;17413,96711656
2022-05-11;17451,57472556
2022-05-12;17301,15772543
2022-05-13;17349,54496892
2022-05-16;17385,37778752
2022-05-17;17385,96778593
2022-05-18;17285,58369050
2022-05-19;17326,92416131
2022-05-20;17323,30367541
2022-05-23;17426,18464923
2022-05-24;17425,45935626
2022-05-25;17424,98589930
2022-05-26;17489,84348444
2022-05-27;17579,85854687
2022-05-31;17498,33377113
2022-06-01;17541,46241434
2022-06-06;17536,49507672
2022-06-07;17612,83744818
2022-06-08;17590,89718447
2022-06-09;17435,04185671
2022-06-10;17346,47017492
2022-06-13;16927,88558866
2022-06-14;16887,28576785
2022-06-15;17072,14575655
2022-06-16;16931,41014809
2022-06-17;16904,77263442
2022-06-21;16997,56195407
2022-06-22;17020,77444573
2022-06-23;17009,86773171
2022-06-24;17178,60263336
2022-06-27;17168,16752788
2022-06-28;17053,82542172
2022-06-29;17037,46154948
2022-06-30;16906,76693530
2022-07-01;16933,50413133
2022-07-05;16739,97565441
2022-07-06;16635,01773774
2022-07-07;16701,46601872
2022-07-08;16717,49039752
2022-07-11;16625,86152311
2022-07-12;16572,64869183
2022-07-13;16581,10023436
2022-07-14;16439,23070184
2022-07-15;16502,49923876
2022-07-18;16493,91162563
2022-07-19;16579,76291018
2022-07-20;16554,48862142
2022-07-21;16718,48541707
2022-07-22;16713,04046283
2022-07-25;16669,74736972
2022-07-26;16606,90162230
2022-07-27;16796,39391814
2022-07-28;16963,23501413
2022-07-29;17043,41775936
2022-08-01;17090,01800654
2022-08-02;17047,84593173
2022-08-03;17128,66791670
2022-08-04;17222,14029921
2022-08-05;17165,27784734
2022-08-08;17214,57661008
2022-08-09;17192,76559995
2022-08-10;17244,56214043
2022-08-11;17243,23895716
2022-08-12;17344,02006790
2022-08-15;17309,89956539
2022-08-16;17302,59045392
2022-08-17;17249,22717535
2022-08-18;17267,13806300
2022-08-19;17203,48054382
2022-08-22;17094,32390732
2022-08-23;17099,36797275
2022-08-24;17134,81258995
2022-08-25;17186,92766367
2022-08-26;17037,07843766
2022-08-30;16924,17629581
2022-08-31;16868,94664620
2022-09-01;16796,04853136
2022-09-02;16867,86944568
2022-09-06;16790,80965843
2022-09-07;16875,87180422
2022-09-08;16881,84257831
2022-09-09;16961,58598977
2022-09-12;17025,18454908
2022-09-13;16840,75074349
2022-09-14;16797,88738662
2022-09-15;16677,34253169
2022-09-16;16667,47093585
2022-09-20;16650,44051529
2022-09-21;16668,20608538
2022-09-22;16603,75747402
2022-09-23;16519,97873792
2022-09-26;16501,18487573
2022-09-27;16481,54698480
2022-09-28;16608,13049639
2022-09-29;16489,31788301
2022-09-30;16461,37616750
2022-10-03;16585,91494530
2022-10-04;16833,47524446
2022-10-05;16792,36023320
2022-10-06;16798,31973700
2022-10-07;16584,21637977
2022-10-10;16389,90177578
2022-10-11;16322,48367085
2022-10-12;16373,94092248
2022-10-13;16308,61988181
2022-10-14;16176,02562045
2022-10-17;16244,56538144
2022-10-18;16310,06659861
2022-10-19;16188,16810836
2022-10-20;16178,91011226
2022-10-21;16383,34580104
2022-10-24;16401,27893939
2022-10-25;16457,57657653
2022-10-26;16491,08511259
2022-10-27;16439,95838966
2022-10-28;16408,98652297
2022-10-31;16340,55919850
2022-11-01;16427,76388004
2022-11-02;16308,30255344
2022-11-03;16250,90108551
2022-11-04;16493,90875504
2022-11-07;16479,10854368
2022-11-08;16683,33887422
2022-11-09;16614,53792455
2022-11-10;16996,30378549
2022-11-11;17084,21478410
2022-11-14;17113,74746440
2022-11-15;17147,29770709
2022-11-16;17077,79185303
2022-11-17;17012,04542360
2022-11-18;16959,97519965
2022-11-21;16907,50558699
2022-11-22;16953,22639099
2022-11-23;17009,32008578
2022-11-25;17009,41829974
2022-11-28;16903,19984152
2022-11-29;16919,47997859
2022-11-30;17111,02465095
2022-12-01;17266,53487628
2022-12-02;17216,80205289
2022-12-05;17018,70955135
2022-12-06;16976,73853907
2022-12-07;17040,65819579
2022-12-08;17086,95082133
2022-12-09;17100,48044767
2022-12-12;17049,20817433
2022-12-13;17267,59625471
2022-12-14;17224,88522197
2022-12-15;16969,30665472
2022-12-16;17009,40793214
2022-12-19;16955,55065441
2022-12-20;17119,32896528
2022-12-21;17173,85430748
2022-12-22;16990,18323294
2022-12-23;17030,58664849
2022-12-28;17018,84939410
2022-12-29;17136,12593511
2022-12-30;17167,74508772
2023-01-03;17244,32476740
2023-01-04;17360,62320938
2023-01-05;17209,45621193
2023-01-06;17454,05379020
2023-01-09;17508,26381277
2023-01-10;17531,22923754
2023-01-11;17588,38252085
2023-01-12;17735,97340815
2023-01-13;17868,96979650
2023-01-17;17808,64699959
2023-01-18;17728,72972435
2023-01-19;17840,06895649
2023-01-20;17865,95963640
2023-01-23;17968,14712504
2023-01-24;18012,01577131
2023-01-25;18041,31283294
2023-01-26;17987,14482481
2023-01-27;17999,63347474
2023-01-30;17929,13894244
2023-01-31;18005,96435124
2023-02-01;18198,20773171
2023-02-02;18078,70059724
2023-02-03;17834,84033927
2023-02-06;17817,41317817
2023-02-07;17863,73650055
2023-02-08;17864,59011137
2023-02-09;17765,42557763
2023-02-10;17762,61514397
2023-02-13;17756,36342024
2023-02-14;17752,87235682
2023-02-15;17697,89258426
2023-02-16;17671,34883157
2023-02-17;17645,80621054
2023-02-21;17519,65075006
2023-02-22;17466,83801821
2023-02-23;17484,49869713
2023-02-24;17377,42756772
2023-02-27;17427,52795254
2023-02-28;17451,16985271
2023-03-01;17511,70887862
2023-03-02;17542,45889441
2023-03-03;17665,85659226
2023-03-06;17667,64239680
2023-03-07;17557,77031802
2023-03-08;17569,91943220
2023-03-09;17577,71473501
2023-03-10;17589,44911183
2023-03-13;17651,88986457
2023-03-14;17689,98942266
2023-03-15;17694,79835841
2023-03-16;17790,69034596
2023-03-17;17912,74095940
2023-03-20;17913,83995274
2023-03-21;17879,89814514
2023-03-22;17951,00359415
2023-03-23;18031,60453166
2023-03-24;17955,80913959
2023-03-27;17914,38636653
2023-03-28;17937,31723747
2023-03-29;17974,32232858
2023-03-30;18059,62208052
2023-03-31;18074,56699355
2023-04-03;18121,80536750
2023-04-04;18183,93870789
2023-04-05;18153,90017039
2023-04-06;18136,47974129
2023-04-11;18131,66972233
2023-04-12;18146,38900379
2023-04-13;18252,02006663
2023-04-14;18173,32349285
2023-04-17;18171,33041013
2023-04-18;18195,22749989
2023-04-19;18154,64989396
2023-04-20;18162,92044219
2023-04-21;18109,87289961
2023-04-24;18111,59546856
2023-04-25;18095,58265680
2023-04-26;18063,45183949
2023-04-27;18106,91078369
2023-04-28;18139,21783259
2023-05-02;18182,33300419
2023-05-03;18212,67180321
2023-05-04;18207,04749687
2023-05-05;18192,42460611
2023-05-09;18224,67450119
2023-05-10;18242,23612322
2023-05-11;18212,03892346
2023-05-12;18204,88779993
2023-05-15;18230,04209973
2023-05-16;18166,55042521
2023-05-17;18173,48826112
2023-05-18;18183,75652117
2023-05-19;18231,92592318
2023-05-22;18243,48653332
2023-05-23;18207,45190125
2023-05-24;18117,38160205
2023-05-25;18150,95845290
2023-05-26;18259,66684408
2023-05-30;18282,66184003
2023-05-31;18245,13837189
2023-06-01;18310,99444078
2023-06-02;18237,49966074
2023-06-05;18304,08251421
2023-06-06;18315,99709770
2023-06-07;18156,25747971
2023-06-08;18291,64504022
2023-06-09;18272,70614508
2023-06-12;18331,62180506
2023-06-13;18281,37182264
2023-06-14;18304,88304627
2023-06-15;18393,16837349
2023-06-16;18363,88184794
2023-06-20;18225,35609358
2023-06-21;18185,26202198
2023-06-22;18092,56459222
2023-06-23;18079,98142318
2023-06-26;18084,23261039
2023-06-27;18079,15481021
2023-06-28;18101,06165412
2023-06-29;18111,19026239
2023-06-30;18219,15256280
2023-07-03;18236,34379267
2023-07-05;18183,29881469
2023-07-06;18110,11670768
2023-07-07;18150,42272005
2023-07-10;18159,53929353
2023-07-11;18192,97500839
2023-07-12;18344,90850689
2023-07-13;18369,26789912
2023-07-14;18349,59490993
2023-07-17;18382,54744244
2023-07-18;18507,69954832
2023-07-19;18569,84528712
2023-07-20;18491,66816460
2023-07-21;18466,13869516
2023-07-24;18444,87275473
2023-07-25;18505,64227681
2023-07-26;18504,44964160
2023-07-27;18418,81745649
2023-07-28;18503,34501224
2023-07-31;18524,42239878
2023-08-01;18463,08320831
2023-08-02;18358,94858079
2023-08-03;18335,17425013
2023-08-04;18343,14965228
2023-08-07;18317,06432650
2023-08-08;18252,44413084
2023-08-09;18203,61993517
2023-08-10;18221,34763196
2023-08-11;18182,85482104
2023-08-14;18200,72776711
2023-08-15;18135,93009442
2023-08-16;18068,47004833
2023-08-17;18018,21697517
2023-08-18;18002,52523948
2023-08-21;18057,50310727
2023-08-22;18087,92150587
2023-08-23;18213,70262657
2023-08-24;18175,82932451
2023-08-25;18186,66540605
2023-08-29;18372,78249730
2023-08-30;18403,29281622
2023-08-31;18418,88168005
2023-09-01;18442,27921893
2023-09-05;18411,54108755
2023-09-06;18359,09906997
2023-09-07;18341,58942275
2023-09-08;18358,96702665
2023-09-11;18372,14174636
2023-09-12;18329,78995111
2023-09-13;18321,99180249
2023-09-14;18376,58315969
2023-09-15;18372,24410808
2023-09-18;18399,76956580
2023-09-19;18379,78912184
2023-09-20;18374,52635295
2023-09-21;18280,19718409
2023-09-22;18307,28489185
2023-09-25;18276,84543400
2023-09-26;18195,02506733
2023-09-27;18138,39701858
2023-09-28;18129,27343503
2023-09-29;18095,58482746
2023-10-02;18060,11296189
2023-10-03;17985,74003461
2023-10-04;17993,59525746
2023-10-05;17989,31161695
2023-10-06;18055,63830142
2023-10-09;18166,26099061
2023-10-10;18205,63410768
2023-10-11;18239,11239995
2023-10-12;18255,43157582
2023-10-13;18368,86149822
2023-10-16;18375,78969792
2023-10-17;18378,76644400
2023-10-18;18413,11621459
2023-10-19;18445,38888072
2023-10-20;18379,05391309
2023-10-23;18349,35269628
2023-10-24;18377,45763423
2023-10-25;18373,88295493
2023-10-26;18320,36227854
2023-10-27;18372,48052857
2023-10-30;18367,47629930
2023-10-31;18370,13166520
2023-11-01;18411,24675859
2023-11-02;18513,92849195
2023-11-03;18549,41160191
2023-11-06;18515,08717762
2023-11-07;18538,74535967
2023-11-08;18496,18562738
2023-11-09;18531,57990880
2023-11-10;18526,28711903
2023-11-13;18558,85235804
2023-11-14;18651,61113685
2023-11-15;18663,49000025
2023-11-16;18718,33758556
2023-11-17;18733,15202753
2023-11-20;18753,75624010
2023-11-21;18783,45620775
2023-11-22;18801,23235661
2023-11-24;18798,04037563
2023-11-27;18831,33745910
2023-11-28;18891,87484041
2023-11-29;18903,11101440
2023-11-30;18891,21782517
2023-12-01;19002,64770852
2023-12-04;18865,66738896
2023-12-05;18869,48891120
2023-12-06;18881,49370704
2023-12-07;18919,67450774
2023-12-08;18884,38275262
2023-12-11;18855,74923340
2023-12-12;18875,07902227
2023-12-13;19020,36606101
2023-12-14;19045,19214049
2023-12-15;19022,86682220
2023-12-18;19067,73558795
2023-12-19;19103,53300649
2023-12-20;19076,44209565
2023-12-21;19118,44082169
2023-12-22;19138,86380427
2023-12-27;19217,03132094
2023-12-28;19207,92225541
2023-12-29;19195,39189647
2024-01-02;19133,57814351
2024-01-03;19017,71014967
2024-01-04;19010,76940775
2024-01-05;18987,68240678
2024-01-08;18981,87737817
2024-01-09;19015,65777168
2024-01-10;19024,93397213
2024-01-11;19036,41221695
2024-01-12;19137,91294127
2024-01-16;19086,20703403
2024-01-17;18952,40646663
2024-01-18;19069,02877969
2024-01-19;19162,39095725
2024-01-22;19175,57628693
2024-01-23;19214,45313002
2024-01-24;19189,80882587
2024-01-25;19238,04787040
2024-01-26;19216,40946003
2024-01-29;19296,00591830
2024-01-30;19319,44824861
2024-01-31;19237,26424144
2024-02-01;19326,89591561
2024-02-02;19339,81733645
2024-02-05;19322,41102027
2024-02-06;19354,92744557
2024-02-07;19386,08638325
2024-02-08;19392,52080417
2024-02-09;19400,21148047
2024-02-12;19404,91304567
2024-02-13;19208,69655155
2024-02-14;19250,15807638
2024-02-15;19326,38843922
2024-02-16;19358,55333295
2024-02-20;19333,10417012
2024-02-21;19321,85274128
2024-02-22;19451,54171308
2024-02-23;19498,32478549
2024-02-26;19477,95901893
2024-02-27;19464,19343970
2024-02-28;19476,33859466
2024-02-29;19538,88811476
2024-03-01;19756,43567987
2024-03-04;19878,36859503
2024-03-05;19826,20934210
2024-03-06;19930,93487805
2024-03-07;20034,65501618
2024-03-08;20047,96851783
2024-03-11;20037,20382444
2024-03-12;20047,61673028
2024-03-13;20081,77811218
2024-03-14;20045,34417116
2024-03-15;19961,98410545
2024-03-18;20021,09304732
2024-03-19;20032,25934103
2024-03-20;20166,56020280
2024-03-21;20246,54995711
2024-03-22;20183,91613168
2024-03-25;20173,82814748
2024-03-26;20204,92613058
2024-03-27;20272,56297363
2024-03-28;20386,81002043
2024-04-02;20557,60055266
2024-04-03;20645,64066600
2024-04-04;20567,32653184
2024-04-05;20710,17559126
2024-04-08;20770,14589697
2024-04-09;20800,03854876
2024-04-10;20700,64789577
2024-04-11;20924,91698182
2024-04-12;20786,32495275
2024-04-15;20888,48101850
2024-04-16;20836,16127655
2024-04-17;20713,85807476
2024-04-18;20730,55305898
2024-04-19;20688,72078042
2024-04-22;20517,53059339
2024-04-23;20561,02246950
2024-04-24;20563,90569066
2024-04-25;20545,66735019
2024-04-26;20678,21188950
2024-04-29;20655,97804930
2024-04-30;20416,14202501
2024-05-01;20433,25253180
2024-05-02;20456,53574684
2024-05-03;20554,26907617
2024-05-07;20678,05122672
2024-05-08;20674,81688320
2024-05-09;20801,01380320
2024-05-10;20876,77063322
2024-05-13;20798,59263611
2024-05-14;20871,29354470
2024-05-15;21034,60973165
2024-05-16;21021,29509889
2024-05-17;21106,82011950
2024-05-20;21184,53921833
2024-05-21;21160,54701281
2024-05-22;21022,70168397
2024-05-23;20860,30487442
2024-05-24;20870,90882109
2024-05-28;20940,46615478
2024-05-29;20842,26439598
2024-05-30;20795,26665335
2024-05-31;20739,38072526
2024-06-03;20836,26786228
2024-06-04;20752,89282889
2024-06-05;20974,80547148
2024-06-06;21055,83718975
2024-06-07;20817,90428364
2024-06-10;20873,13255066
2024-06-11;20914,98858071
2024-06-12;21036,36261921
2024-06-13;20974,69521694
2024-06-14;21102,02280356
2024-06-17;21110,76421831
2024-06-18;21199,84121370
2024-06-20;21309,15020079
2024-06-21;21163,47609270
2024-06-24;21155,11285114
2024-06-25;21140,96522193
2024-06-26;21083,48575841
2024-06-27;21170,40040842
2024-06-28;21212,81001812
2024-07-01;21210,02371468
2024-07-02;21216,18386108
2024-07-03;21344,46756878
2024-07-05;21465,56788049
2024-07-08;21394,68555228
2024-07-09;21423,16860298
2024-07-10;21491,47540581
2024-07-11;21544,53159865
2024-07-12;21583,76149599
2024-07-15;21620,15088833
2024-07-16;21772,05622762
2024-07-17;21578,22619373
2024-07-18;21489,82847337
2024-07-19;21290,28884552
2024-07-22;21370,88135767
2024-07-23;21448,16008849
2024-07-24;21195,46188332
2024-07-25;21045,38464235
2024-07-26;21174,79665822
2024-07-29;21163,13664261
2024-07-30;21190,67390777
2024-07-31;21530,27010611
2024-08-01;21370,09906672
2024-08-02;21055,91404841
2024-08-05;20804,69382234
2024-08-06;20860,87804678
2024-08-07;20928,00539561
2024-08-08;21063,01564469
2024-08-09;21104,48264001
2024-08-12;21238,31981188
2024-08-13;21342,79793364
2024-08-14;21367,35479917
2024-08-15;21540,06618866
2024-08-16;21668,83417345
2024-08-19;21716,28580754
2024-08-20;21717,47895749
2024-08-21;21724,25345365
2024-08-22;21588,12803316
2024-08-23;21674,36274260
2024-08-27;21670,12005912
2024-08-28;21589,69057879
2024-08-29;21685,30487346
2024-08-30;21645,11545837
2024-09-03;21511,90154968
2024-09-04;21412,45683468
2024-09-05;21406,50622325
2024-09-06;21216,60560968
2024-09-09;21371,18545622
2024-09-10;21437,90943091
2024-09-11;21464,97371254
2024-09-12;21723,41924484
2024-09-13;21851,59465977
2024-09-16;21797,34382626
2024-09-17;21830,94354588
2024-09-18;21700,47325212
2024-09-19;21943,43967168
2024-09-20;21958,97021968
2024-09-23;21970,28427805
2024-09-24;22076,62081699
2024-09-25;22096,77147928
2024-09-26;22151,20722207
2024-09-27;22113,51504086
2024-09-30;22029,78706217
2024-10-01;22083,41294019
2024-10-02;22116,36142466
2024-10-03;22150,94904135
2024-10-04;22178,82735471
2024-10-07;22152,04562421
2024-10-08;22144,61625371
2024-10-09;22163,73411089
2024-10-10;22231,41469720
2024-10-11;22334,09120671
2024-10-14;22388,12693503
2024-10-15;22325,37245179
2024-10-16;22387,07461187
2024-10-17;22465,23083009
2024-10-18;22557,59201357
2024-10-21;22566,12599352
2024-10-22;22650,83441326
2024-10-23;22490,20077607
2024-10-24;22559,94840061
2024-10-25;22611,87678446
2024-10-28;22606,03947104
2024-10-29;22735,52013122
2024-10-30;22729,18145391
2024-10-31;22472,74083224
2024-11-01;22466,65449688
2024-11-04;22459,38924390
2024-11-05;22510,70260623
2024-11-06;22454,09254314
2024-11-07;22608,39779344
2024-11-08;22582,41675325
2024-11-11;22452,23771293
2024-11-12;22409,76158181
2024-11-13;22352,62206298
2024-11-14;22330,82717650
2024-11-15;22238,10434030
2024-11-18;22371,24018954
2024-11-19;22436,54656743
2024-11-20;22461,75490905
2024-11-21;22582,57905768
2024-11-22;22700,69517322
2024-11-25;22525,94983450
2024-11-26;22552,35634403
2024-11-27;22500,09597696
2024-11-29;22596,29320009
2024-12-02;22586,82825729
2024-12-03;22613,06756086
2024-12-04;22693,26166433
2024-12-05;22623,43721119
2024-12-06;22642,30577478
2024-12-09;22678,46768841
2024-12-10;22730,42085371
2024-12-11;22861,32370361
2024-12-12;22743,82902535
2024-12-13;22670,06721349
2024-12-16;22705,56986864
2024-12-17;22648,99433987
2024-12-18;22409,59940189
2024-12-19;22373,17324811
2024-12-20;22507,52063119
2024-12-23;22509,79953720
2024-12-24;22578,19952062
2024-12-27;22532,51365677
2024-12-30;22457,59021626
2024-12-31;22488,59703805
2025-01-02;22619,02217177
2025-01-03;22600,63711947
2025-01-06;22648,48087634
2025-01-07;22613,29468478
2025-01-08;22665,93579062
2025-01-10;22670,98624132
2025-01-13;22585,05564174
2025-01-14;22640,69932122
2025-01-15;22774,07281246
2025-01-16;22814,15046318
2025-01-17;22862,79257505
2025-01-21;22961,64718079
2025-01-22;23077,82062957
2025-01-23;23070,30707960
2025-01-24;23067,42592996
2025-01-27;22829,61196818
2025-01-28;22971,86221494
2025-01-29;22941,60458414
2025-01-30;23044,07431896
2025-01-31;23079,98236084
2025-02-03;23031,05100106
2025-02-04;23165,83644873
2025-02-05;23254,96129794
2025-02-06;23362,37100132
2025-02-07;23313,63974544
2025-02-10;23524,32708404
2025-02-11;23488,52617124
2025-02-12;23446,77113402
2025-02-13;23597,69106623
2025-02-14;23498,22626501
2025-02-18;23658,83368884
2025-02-19;23678,53418918
2025-02-20;23599,38233225
2025-02-21;23457,17041700
2025-02-24;23351,18947902
2025-02-25;23101,14692773
2025-02-26;23240,43344950
2025-02-27;22957,92554609
2025-02-28;22915,36359085
2025-03-03;22886,37287033
2025-03-04;22685,70289888
2025-03-05;22701,64361541
2025-03-06;22661,61302067
2025-03-07;22546,35580693
2025-03-10;22355,29135713
2025-03-11;22291,68602336
2025-03-12;22400,31177961
2025-03-13;22400,71929399
2025-03-14;22585,84616048
2025-03-17;22656,50693258
2025-03-18;22679,12388066
2025-03-19;22788,93758655
2025-03-20;22771,63196839
2025-03-21;22716,81445547
2025-03-24;22842,47699238
2025-03-25;22880,85375452
2025-03-26;22812,19454721
2025-03-27;22811,76369990
2025-03-28;22689,16926952
2025-03-31;22733,08533990
2025-04-01;22830,20732868
2025-04-02;22855,52020921
2025-04-03;22257,90680154
2025-04-04;21622,09880129
2025-04-07;21321,90540438
2025-04-08;21593,45557575
2025-04-09;21712,21355935
2025-04-10;22119,70582227
2025-04-11;22239,03820995
2025-04-14;22410,01951156
2025-04-15;22463,94875455
2025-04-16;22550,65920621
2025-04-17;22408,81609008
2025-04-22;22443,67837431
2025-04-23;22592,71429257
2025-04-24;22811,70494347
2025-04-25;22811,65671655
2025-04-28;22877,20982373
2025-04-29;22868,62771513
2025-04-30;22848,08114478
2025-05-01;22954,22325641
2025-05-02;23032,13866892
2025-05-06;23601,68572101
2025-05-07;23443,69068242
2025-05-08;23288,72111129
2025-05-09;23358,34887441
2025-05-12;23239,08072153
2025-05-13;23363,13313358
2025-05-14;23143,46950218
2025-05-15;23323,60740407
2025-05-16;23225,99334540
2025-05-19;23340,55746225
2025-05-20;23543,83442079
2025-05-21;23560,88636029
2025-05-22;23424,16660004
2025-05-23;23595,61655828
2025-05-27;23519,18754006
2025-05-28;23491,16570402
2025-05-29;23556,92134748
2025-05-30;23485,37206713
2025-06-02;23774,64922639
2025-06-03;23791,38869917
2025-06-04;23836,74824159
2025-06-05;23800,39392580
2025-06-06;23755,83725599
2025-06-09;23793,64252381
2025-06-10;23822,89013940
2025-06-11;23864,46522528
2025-06-12;23947,25743841
2025-06-13;23985,49803986
2025-06-16;23946,74211815
2025-06-17;23928,42755329
2025-06-18;23909,36183947
2025-06-20;23875,85721895
2025-06-23;23916,37912132
2025-06-24;23885,59557645
2025-06-25;23922,20125513
2025-06-26;23929,18848331
2025-06-27;23853,79115813
2025-06-30;23953,56489380
2025-07-01;23989,02687125
2025-07-02;24167,38322595
2025-07-03;24257,71677967
2025-07-07;24172,26004270
2025-07-08;24166,77946033
2025-07-09;24254,26231415
2025-07-10;24280,62947300
2025-07-11;24308,47794228
2025-07-14;24303,34385355
2025-07-15;24364,44894828
2025-07-16;24352,42664264
2025-07-17;24492,37260395
2025-07-18;24504,35685249
2025-07-21;24621,58705270
2025-07-22;24582,91560156
2025-07-23;24570,64651207
2025-07-24;24613,78475739
2025-07-25;24605,92691032
2025-07-28;24637,39210822
2025-07-29;24662,42714667
2025-07-30;24593,25413454
2025-07-31;24593,02378930
2025-08-01;24418,74014071
2025-08-04;24683,30665966
2025-08-05;24605,34549593
2025-08-06;24710,12443125
2025-08-07;24751,82230674
2025-08-08;24852,80777881
2025-08-11;24723,33699989
2025-08-12;24846,17302347
2025-08-13;24870,62695486
2025-08-14;24818,63563829
2025-08-15;24760,32095751
2025-08-18;24778,68405459
2025-08-19;24597,60651543
2025-08-20;24588,93454995
2025-08-21;24551,90378017
2025-08-22;24767,77406676
2025-08-26;24795,07344339
2025-08-27;24881,26048236
2025-08-28;24990,21711088
2025-08-29;24902,69019908
2025-09-02;24961,43588663
2025-09-03;25089,11340812
2025-09-04;25138,43581671
2025-09-05;25202,95107622
2025-09-08;25379,23648960
2025-09-09;25376,99828517
2025-09-10;25577,28335385
2025-09-11;25631,09193469
2025-09-12;25642,06606648
2025-09-15;25804,64076942
2025-09-16;25761,54774374
2025-09-17;25668,75534662
2025-09-18;25865,68765333
2025-09-19;26050,40936575
2025-09-22;26324,04745083
2025-09-23;26285,90526175
2025-09-24;26157,07580717
2025-09-25;26176,27520591
2025-09-26;26234,75738798
2025-09-29;26429,05927421
2025-09-30;26525,62924178
2025-10-01;26654,01219693
2025-10-02;26680,23611800
2025-10-03;26733,96787941
2025-10-06;26908,87097059
2025-10-07;26910,81238570
2025-10-08;27122,74431849
2025-10-09;27001,09390435
2025-10-10;26841,93602567
2025-10-13;27125,01165386
2025-10-14;27134,87588805
2025-10-15;27307,00597030
2025-10-16;27476,71460568
2025-10-17;27304,85674280
2025-10-20;27688,99544925
2025-10-21;27218,14347448
2025-10-22;27155,32744764
2025-10-23;27261,33658991
2025-10-24;28872,49853393
2025-10-27;27243,78972704
2025-10-28;27267,62608967
2025-10-29;27297,55548479
2025-10-30;27386,73221044
2025-10-31;27343,24010360
2025-11-03;27375,79367635
2025-11-04;27124,42344193
2025-11-05;27225,62849494
2025-11-06;27072,76260636
2025-11-07;27048,48473095
2025-11-10;27429,10554787
2025-11-11;27442,83113215
2025-11-12;27608,19769435
2025-11-13;27380,02826671
2025-11-14;27263,28489766
2025-11-17;27083,05719354
2025-11-18;27016,31675610
2025-11-19;27072,06435020
2025-11-20;26950,23125448
2025-11-21;26900,72454699
2025-11-24;27173,78719111
2025-11-25;27185,54708396
2025-11-26;27339,43780238
2025-11-28;27479,02342418
2025-12-01;27517,96064294
2025-12-02;27564,86040920
2025-12-03;27534,14681319
2025-12-04;27576,35288379
2025-12-05;27651,95630870
2025-12-08;27680,38878003
2025-12-09;27757,44678742
2025-12-10;27806,61821061
2025-12-11;27834,95954728
2025-12-12;27624,10755629
2025-12-15;27561,43610519
2025-12-16;27511,92839082
2025-12-17;27374,93131130
2025-12-18;27549,46193677
2025-12-19;27763,08196079
2025-12-22;27979,71521043
2025-12-23;28135,98035306
2025-12-24;28121,09205132
2025-12-29;27843,14713984
2025-12-30;27852,51543824
2025-12-31;27708,00529577
2026-01-02;27727,52511876
2026-01-05;28001,29212423
2026-01-06;28222,51141349
2026-01-07;28172,94858636
2026-01-08;28073,00779015
2026-01-09;28299,42448979
2026-01-12;28476,99357890
2026-01-13;28455,48193838
2026-01-14;28389,25170483
2026-01-15;28465,88161586
2026-01-16;28421,72432602
2026-01-20;28386,64217624
2026-01-21;28629,63800309
2026-01-22;28885,91886404
2026-01-23;28967,64432717
2026-01-26;29137,76531031
2026-01-27;29475,21044709
2026-01-28;29871,57396057
2026-01-29;29706,31872517
2026-01-30;28621,09161066
2026-02-02;28432,71976890
2026-02-03;28617,61860492
2026-02-04;28300,35240808
2026-02-05;27895,82808118
2026-02-06;28581,87347157
2026-02-09;28988,07122420
2026-02-10;28860,02725323
2026-02-11;28977,32642862
2026-02-12;28373,90665729
2026-02-13;28589,67973564
2026-02-17;28355,36285032
2026-02-18;28673,66793201
2026-02-19;28650,05643950
2026-02-20;28862,52358040
2026-02-23;28872,87094613
2026-02-24;28903,90332755
2026-02-25;29128,84816613
2026-02-26;29039,36150286
2026-02-27;28982,85524957
2026-03-02;29143,90251356
2026-03-03;28611,53708199
2026-03-04;28820,34978240
2026-03-05;28704,25921462
2026-03-09;28699,59172439
2026-03-10;28858,05167570
2026-03-11;28827,80166849
2026-03-12;28539,86691519
2026-03-13;28393,00919058
2026-03-16;28475,62063098
2026-03-17;28496,70567327
2026-03-18;28151,94613096
2026-03-19;27767,28468255
2026-03-20;27394,89179468
2026-03-23;27305,95018923
2026-03-24;27279,14186998
2026-03-25;27553,09505795
2026-03-26;27064,64690071
2026-03-27;27156,27200384
2026-03-30;27093,11542090
2026-03-31;27603,37789792
2026-04-01;27904,50614626
2026-04-02;27822,27205506
2026-04-07;27851,69013866
2026-04-08;28209,84639091
2026-04-09;28301,11143437
2026-04-10;28330,05243525
2026-04-13;28368,99459256
2026-04-14;28678,57114602
2026-04-15;28707,61491991
2026-04-16;28813,50146668
2026-04-17;29088,67572191
2026-04-20;28996,08447327
2026-04-21;28794,86851079
2026-04-22;28987,69631499
2026-04-23;28894,71627099
2026-04-24;29014,45736763
2026-04-27;28950,42956983
2026-04-28;28740,65138960
2026-04-29;28708,50662634
2026-04-30;28839,71852014
2026-05-01;28971,20053379
2026-05-05;29154,46525118
2026-05-06;29701,00548019
2026-05-07;29693,32913477
2026-05-08;30104,77472594
2026-05-11;30287,36403480
2026-05-12;30077,21554469
2026-05-13;30194,14110731
2026-05-14;30387,10717531
2026-05-15;30019,63218136
2026-05-18;29866,21818150
2026-05-19;29666,09464133
2026-05-20;30048,55534430
2026-05-21;30146,24000157
2026-05-22;30264,26174432
2026-05-26;30598,94208296
2026-05-27;30472,72521463
2026-05-28;30714,83368721
2026-05-29;31064,05861551
2026-06-01;31289,41386018
2026-06-02;31376,08654415
2026-06-03;31242,47171776
2026-06-04;31257,82021569
2026-06-05;30667,03459112
2026-06-08;30736,03700407
2026-06-09;30430,42327560
2026-06-10;30026,07891170
2026-06-11;30394,07534719
2026-06-12;30540,23470811
2026-06-15;30959,55346806
2026-06-16;30876,80493756
2026-06-17;30698,93078530
2026-06-18;30826,57250817
2026-06-22;30781,84039955
2026-06-23;30422,49967161
2026-06-24;30222,16245406
2026-06-25;30277,85292457
2026-06-26;30283,28027722
2026-06-29;30273,06686022
2026-06-30;30431,36384082
