date;SPY;BIL
2016-01-04;169,47149658;73,41458893
2016-01-05;169,75817871;73,41458893
2016-01-06;167,61686707;73,38246155
2016-01-07;163,59542847;73,39846802
2016-01-08;161,79971313;73,39846802
2016-01-11;161,95988464;73,39846802
2016-01-12;163,26666260;73,41458893
2016-01-13;159,19470215;73,39846802
2016-01-14;161,80816650;73,38246155
2016-01-15;158,33474731;73,38246155
2016-01-18;;
2016-01-19;158,54554749;73,39846802
2016-01-20;156,51374817;73,39846802
2016-01-21;157,39057922;73,41458893
2016-01-22;160,61944580;73,38246155
2016-01-25;158,19137573;73,39846802
2016-01-26;160,34962463;73,38246155
2016-01-27;158,60453796;73,39846802
2016-01-28;159,43072510;73,39846802
2016-01-29;163,31721497;73,41458893
2016-02-01;163,25820923;73,38246155
2016-02-02;160,31599426;73,38246155
2016-02-03;161,27705383;73,39846802
2016-02-04;161,52993774;73,41458893
2016-02-05;158,45278931;73,41458893
2016-02-08;156,31985474;73,39846802
2016-02-09;156,32823181;73,41458893
2016-02-10;156,19338989;73,39846802
2016-02-11;154,16159058;73,41458893
2016-02-12;157,33996582;73,39846802
2016-02-15;;
2016-02-16;159,99557495;73,39846802
2016-02-17;162,60902405;73,39846802
2016-02-18;161,94302368;73,41458893
2016-02-19;161,86720276;73,41458893
2016-02-22;164,21087646;73,41458893
2016-02-23;162,13694763;73,39846802
2016-02-24;162,87882996;73,41458893
2016-02-25;164,85159302;73,39846802
2016-02-26;164,47216797;73,39846802
2016-02-29;163,18229675;73,41458893
2016-03-01;167,01823425;73,41458893
2016-03-02;167,76858521;73,39846802
2016-03-03;168,42619324;73,41458893
2016-03-04;168,97415161;73,41458893
2016-03-07;169,10903931;73,41458893
2016-03-08;167,26272583;73,39846802
2016-03-09;168,08895874;73,41458893
2016-03-10;168,22381592;73,41458893
2016-03-11;170,93844604;73,39846802
2016-03-14;170,71932983;73,39846802
2016-03-15;170,44102478;73,39846802
2016-03-16;171,42742920;73,41458893
2016-03-17;172,51496887;73,39846802
2016-03-18;173,19293213;73,39846802
2016-03-21;173,43870544;73,41458893
2016-03-22;173,34541321;73,41458893
2016-03-23;172,20147705;73,39846802
2016-03-24;172,12515259;73,41458893
2016-03-28;172,22685242;73,41458893
2016-03-29;173,81999207;73,41458893
2016-03-30;174,58267212;73,41458893
2016-03-31;174,15890503;73,41458893
2016-04-01;175,34533691;73,41458893
2016-04-04;174,77757263;73,41458893
2016-04-05;173,03193665;73,43063354
2016-04-06;174,92161560;73,43063354
2016-04-07;172,82844543;73,41458893
2016-04-08;173,29458618;73,43063354
2016-04-11;172,88783264;73,41458893
2016-04-12;174,49787903;73,41458893
2016-04-13;176,26055908;73,43063354
2016-04-14;176,26901245;73,43063354
2016-04-15;176,07411194;73,41458893
2016-04-18;177,31127930;73,43063354
2016-04-19;177,87057495;73,43063354
2016-04-20;178,04013062;73,43063354
2016-04-21;177,08250427;73,41458893
2016-04-22;177,08250427;73,43063354
2016-04-25;176,77746582;73,41458893
2016-04-26;177,04014587;73,43063354
2016-04-27;177,40452576;73,43063354
2016-04-28;175,79441833;73,43063354
2016-04-29;174,84536743;73,44670105
2016-05-02;176,23507690;73,43063354
2016-05-03;174,70127869;73,44670105
2016-05-04;173,72677612;73,43063354
2016-05-05;173,69287109;73,43063354
2016-05-06;174,32841492;73,44670105
2016-05-09;174,47250366;73,44670105
2016-05-10;176,64189148;73,44670105
2016-05-11;174,98944092;73,41458893
2016-05-12;175,04022217;73,41458893
2016-05-13;173,51493835;73,41458893
2016-05-16;175,22665405;73,41458893
2016-05-17;173,59118652;73,41458893
2016-05-18;173,64201355;73,43063354
2016-05-19;173,04037476;73,41458893
2016-05-20;174,13354492;73,43063354
2016-05-23;173,89625549;73,44670105
2016-05-24;176,15036011;73,41458893
2016-05-25;177,34523010;73,43063354
2016-05-26;177,39607239;73,43063354
2016-05-27;178,15875244;73,44670105
2016-05-31;177,81974792;73,44670105
2016-06-01;178,18418884;73,44670105
2016-06-02;178,72648621;73,43063354
2016-06-03;178,19258118;73,44670105
2016-06-06;179,09936523;73,46279144
2016-06-07;179,37892151;73,46279144
2016-06-08;179,96368408;73,46279144
2016-06-09;179,71794128;73,43063354
2016-06-10;178,01467896;73,43063354
2016-06-13;176,64189148;73,43063354
2016-06-14;176,29440308;73,43063354
2016-06-15;176,04869080;73,43063354
2016-06-16;176,57403564;73,44670105
2016-06-17;175,91648865;73,43063354
2016-06-20;177,04940796;73,44670105
2016-06-21;177,55195618;73,44670105
2016-06-22;177,26234436;73,44670105
2016-06-23;179,57078552;73,44670105
2016-06-24;173,12248230;73,43063354
2016-06-27;170,02192688;73,43063354
2016-06-28;173,08837891;73,43063354
2016-06-29;176,03573608;73,43063354
2016-06-30;178,43782043;73,43063354
2016-07-01;178,81265259;73,46279144
2016-07-04;;
2016-07-05;177,52644348;73,46279144
2016-07-06;178,59120178;73,44670105
2016-07-07;178,48042297;73,46279144
2016-07-08;181,13809204;73,44670105
2016-07-11;181,77696228;73,46279144
2016-07-12;183,09727478;73,43063354
2016-07-13;183,07173157;73,44670105
2016-07-14;184,09387207;73,46279144
2016-07-15;183,84681702;73,44670105
2016-07-18;184,34089661;73,44670105
2016-07-19;184,15344238;73,46279144
2016-07-20;184,92013550;73,46279144
2016-07-21;184,22166443;73,46279144
2016-07-22;185,04791260;73,46279144
2016-07-25;184,54528809;73,44670105
2016-07-26;184,63050842;73,44670105
2016-07-27;184,43457031;73,46279144
2016-07-28;184,64750671;73,44670105
2016-07-29;184,94572449;73,46279144
2016-08-01;184,79232788;73,44670105
2016-08-02;183,60838318;73,46279144
2016-08-03;184,14498901;73,44670105
2016-08-04;184,34089661;73,44670105
2016-08-05;185,84863281;73,44670105
2016-08-08;185,73780823;73,44670105
2016-08-09;185,84863281;73,44670105
2016-08-10;185,38865662;73,44670105
2016-08-11;186,24893188;73,44670105
2016-08-12;186,08709717;73,44670105
2016-08-15;186,62377930;73,44670105
2016-08-16;185,66122437;73,44670105
2016-08-17;186,01043701;73,44670105
2016-08-18;186,42781067;73,46279144
2016-08-19;186,15527344;73,44670105
2016-08-22;186,14671326;73,44670105
2016-08-23;186,52153015;73,44670105
2016-08-24;185,56753540;73,46279144
2016-08-25;185,43972778;73,44670105
2016-08-26;185,09049988;73,44670105
2016-08-29;186,00187683;73,46279144
2016-08-30;185,69528198;73,46279144
2016-08-31;185,16714478;73,46279144
2016-09-01;185,17567444;73,46279144
2016-09-02;186,01043701;73,47886658
2016-09-05;;
2016-09-06;186,57263184;73,47886658
2016-09-07;186,55560303;73,46279144
2016-09-08;186,12968445;73,46279144
2016-09-09;181,67474365;73,47886658
2016-09-12;184,28128052;73,44670105
2016-09-13;181,63214111;73,46279144
2016-09-14;181,56396484;73,46279144
2016-09-15;183,37835693;73,46279144
2016-09-16;182,66946411;73,46279144
2016-09-19;182,70379639;73,46279144
2016-09-20;182,71232605;73,46279144
2016-09-21;184,76698303;73,46279144
2016-09-22;185,93124390;73,47886658
2016-09-23;184,91252136;73,47886658
2016-09-26;183,41430664;73,47886658
2016-09-27;184,55296326;73,46279144
2016-09-28;185,46899414;73,46279144
2016-09-29;183,79098511;73,46279144
2016-09-30;185,17790222;73,47886658
2016-10-03;184,73272705;73,46279144
2016-10-04;183,79098511;73,47886658
2016-10-05;184,60427856;73,47886658
2016-10-06;184,73272705;73,47886658
2016-10-07;184,09915161;73,47886658
2016-10-10;185,05805969;73,47886658
2016-10-11;182,72080994;73,46279144
2016-10-12;182,96058655;73,47886658
2016-10-13;182,36128235;73,46279144
2016-10-14;182,45542908;73,46279144
2016-10-17;181,82197571;73,46279144
2016-10-18;182,96058655;73,46279144
2016-10-19;183,44856262;73,47886658
2016-10-20;183,10610962;73,46279144
2016-10-21;183,19172668;73,46279144
2016-10-24;183,97076416;73,46279144
2016-10-25;183,35435486;73,46279144
2016-10-26;182,98628235;73,47886658
2016-10-27;182,49826050;73,46279144
2016-10-28;181,95895386;73,47886658
2016-10-31;181,96745300;73,49496460
2016-11-01;180,64904785;73,47886658
2016-11-02;179,56176758;73,49496460
2016-11-03;178,73991394;73,47886658
2016-11-04;178,54296875;73,49496460
2016-11-07;182,48112488;73,47886658
2016-11-08;183,30300903;73,49496460
2016-11-09;185,24638367;73,46279144
2016-11-10;185,70869446;73,46279144
2016-11-11;185,28070068;73,43063354
2016-11-14;185,42614746;73,46279144
2016-11-15;186,87300110;73,47886658
2016-11-16;186,52200317;73,47886658
2016-11-17;187,48083496;73,49496460
2016-11-18;187,06132507;73,47886658
2016-11-21;188,47395325;73,46279144
2016-11-22;188,84208679;73,46279144
2016-11-23;188,94482422;73,46279144
2016-11-24;;
2016-11-25;189,64685059;73,47886658
2016-11-28;188,75651550;73,46279144
2016-11-29;189,12460327;73,46279144
2016-11-30;188,67089844;73,46279144
2016-12-01;187,97740173;73,49656677
2016-12-02;188,07156372;73,48046875
2016-12-05;189,20167542;73,48046875
2016-12-06;189,80090332;73,49656677
2016-12-07;192,28366089;73,49656677
2016-12-08;192,75450134;73,49656677
2016-12-09;193,91880798;73,49656677
2016-12-12;193,69625854;73,48046875
2016-12-13;194,98898315;73,49656677
2016-12-14;193,37951660;73,49656677
2016-12-15;194,17567444;73,49656677
2016-12-16;193,79588318;73,48046875
2016-12-19;194,21791077;73,49656677
2016-12-20;194,96711731;73,48046875
2016-12-21;194,42459106;73,49656677
2016-12-22;194,08877563;73,48046875
2016-12-23;194,37289429;73,48046875
2016-12-27;194,85514832;73,49656677
2016-12-28;193,24475098;73,49494934
2016-12-29;193,20175171;73,51103210
2016-12-30;192,49555969;73,47887421
2017-01-03;193,96812439;73,51103210
2017-01-04;195,12208557;73,51103210
2017-01-05;194,96711731;73,49494934
2017-01-06;195,66467285;73,51103210
2017-01-09;195,01875305;73,51103210
2017-01-10;195,01875305;73,49494934
2017-01-11;195,56991577;73,51103210
2017-01-12;195,07905579;73,51103210
2017-01-13;195,52687073;73,51103210
2017-01-16;;
2017-01-17;194,83790588;73,51103210
2017-01-18;195,26844788;73,49494934
2017-01-19;194,54513550;73,49494934
2017-01-20;195,25988770;73,51103210
2017-01-23;194,75180054;73,49494934
2017-01-24;196,00048828;73,49494934
2017-01-25;197,69700623;73,51103210
2017-01-26;197,49031067;73,52707672
2017-01-27;197,18028259;73,49494934
2017-01-30;195,95741272;73,52707672
2017-01-31;195,94020081;73,51103210
2017-02-01;196,01770020;73,51586151
2017-02-02;196,14688110;73,51586151
2017-02-03;197,49893188;73,49976349
2017-02-06;197,14582825;73,53195190
2017-02-07;197,15443420;73,53195190
2017-02-08;197,41278076;73,53195190
2017-02-09;198,58399963;73,53195190
2017-02-10;199,36761475;73,51586151
2017-02-13;200,45271301;73,51586151
2017-02-14;201,25357056;73,53195190
2017-02-15;202,30421448;73,51586151
2017-02-16;202,13194275;73,51586151
2017-02-17;202,45051575;73,53195190
2017-02-20;;
2017-02-21;203,65621948;73,51586151
2017-02-22;203,47538757;73,51586151
2017-02-23;203,61314392;73,51586151
2017-02-24;203,87153625;73,51586151
2017-02-27;204,19015503;73,51586151
2017-02-28;203,63902283;73,54798889
2017-03-01;206,48942566;73,51902008
2017-03-02;205,18908691;73,51902008
2017-03-03;205,31826782;73,53514099
2017-03-06;204,70684814;73,55121613
2017-03-07;204,09542847;73,51902008
2017-03-08;203,71650696;73,51902008
2017-03-09;203,97485352;73,51902008
2017-03-10;204,68957520;73,53514099
2017-03-13;204,79296875;73,51902008
2017-03-14;204,00924683;73,51902008
2017-03-15;205,77465820;73,53514099
2017-03-16;205,36985779;73,55121613
2017-03-17;205,00924683;73,55121613
2017-03-20;204,78439331;73,53514099
2017-03-21;202,15507507;73,55121613
2017-03-22;202,63072205;73,55121613
2017-03-23;202,41452026;73,53514099
2017-03-24;202,26750183;73,55121613
2017-03-27;202,05990601;73,55121613
2017-03-28;203,53025818;73,55121613
2017-03-29;203,72055054;73,55121613
2017-03-30;204,36923218;73,55121613
2017-03-31;203,89353943;73,53514099
2017-04-03;203,53894043;73,54155731
2017-04-04;203,66862488;73,54155731
2017-04-05;203,06318665;73,54155731
2017-04-06;203,63406372;73,54155731
2017-04-07;203,42646790;73,54155731
2017-04-10;203,54759216;73,54155731
2017-04-11;203,30540466;73,55768585
2017-04-12;202,41452026;73,54155731
2017-04-13;201,09985352;73,55768585
2017-04-17;202,88156128;73,55768585
2017-04-18;202,27615356;73,57373810
2017-04-19;201,90423584;73,57373810
2017-04-20;203,54759216;73,57373810
2017-04-21;202,89888000;73,57373810
2017-04-24;205,13032532;73,55768585
2017-04-25;206,32389832;73,55768585
2017-04-26;206,19422913;73,57373810
2017-04-27;206,36714172;73,55768585
2017-04-28;205,91740417;73,58984375
2017-05-01;206,43637085;73,58503723
2017-05-02;206,51422119;73,56892395
2017-05-03;206,26335144;73,56892395
2017-05-04;206,50555420;73,58503723
2017-05-05;207,31854248;73,56892395
2017-05-08;207,28401184;73,58503723
2017-05-09;207,09371948;73,58503723
2017-05-10;207,46559143;73,60113525
2017-05-11;207,04177856;73,60113525
2017-05-12;206,69581604;73,58503723
2017-05-15;207,83755493;73,60113525
2017-05-16;207,64720154;73,60113525
2017-05-17;203,96273804;73,61721802
2017-05-18;204,78439331;73,61721802
2017-05-19;206,11636353;73,60113525
2017-05-22;207,16293335;73,61721802
2017-05-23;207,62127686;73,61721802
2017-05-24;208,10562134;73,60113525
2017-05-25;209,10026550;73,61721802
2017-05-26;209,05705261;73,63330841
2017-05-30;208,87544250;73,60113525
2017-05-31;208,82350159;73,60113525
2017-06-01;210,48411560;73,62848663
2017-06-02;211,18469238;73,61238098
2017-06-05;211,02906799;73,62848663
2017-06-06;210,35441589;73,61238098
2017-06-07;210,74365234;73,64461517
2017-06-08;210,84735107;73,62848663
2017-06-09;210,52734375;73,64461517
2017-06-12;210,48411560;73,62848663
2017-06-13;211,51338196;73,64461517
2017-06-14;211,24526978;73,62848663
2017-06-15;210,83871460;73,62848663
2017-06-16;210,88481140;73,66069031
2017-06-19;212,64044189;73,64461517
2017-06-20;211,20640564;73,64461517
2017-06-21;211,15420532;73,66069031
2017-06-22;211,05862427;73,67684174
2017-06-23;211,31065369;73,66069031
2017-06-26;211,44975281;73,64461517
2017-06-27;209,74623108;73,64461517
2017-06-28;211,62353516;73,67684174
2017-06-29;209,76364136;73,66069031
2017-06-30;210,15472412;73,67684174
2017-07-03;210,51107788;73,68489075
2017-07-04;;
2017-07-05;210,99780273;73,66874695
2017-07-06;209,06834412;73,68489075
2017-07-07;210,42419434;73,68489075
2017-07-10;210,65014648;73,68489075
2017-07-11;210,49372864;73,68489075
2017-07-12;212,07553101;73,66874695
2017-07-13;212,43185425;73,66874695
2017-07-14;213,42265320;73,70098114
2017-07-17;213,39657593;73,68489075
2017-07-18;213,50956726;73,68489075
2017-07-19;214,66551208;73,68489075
2017-07-20;214,76110840;73,68489075
2017-07-21;214,56990051;73,68489075
2017-07-24;214,51774597;73,68489075
2017-07-25;215,03926086;73,68489075
2017-07-26;215,04788208;73,70098114
2017-07-27;214,84800720;73,71714020
2017-07-28;214,59600830;73,70098114
2017-07-31;214,47431946;73,70098114
2017-08-01;214,95233154;73,72033691
2017-08-02;215,05659485;73,73648071
2017-08-03;214,63943481;73,73648071
2017-08-04;215,03056335;73,73648071
2017-08-07;215,43037415;73,73648071
2017-08-08;214,90014648;73,73648071
2017-08-09;214,89151001;73,73648071
2017-08-10;211,85820007;73,73648071
2017-08-11;212,17109680;73,75258636
2017-08-14;214,27438354;73,73648071
2017-08-15;214,24835205;73,75258636
2017-08-16;214,62203979;73,73648071
2017-08-17;211,27589417;73,75258636
2017-08-18;210,94563293;73,73648071
2017-08-21;211,11077881;73,75258636
2017-08-22;213,31832886;73,76876831
2017-08-23;212,55352783;73,76876831
2017-08-24;212,05812073;73,76876831
2017-08-25;212,55352783;73,75258636
2017-08-28;212,56224060;73,76876831
2017-08-29;212,80558777;73,76876831
2017-08-30;213,81378174;73,76876831
2017-08-31;215,10006714;73,78486633
2017-09-01;215,40423584;73,78971863
2017-09-04;;
2017-09-05;213,85726929;73,75740051
2017-09-06;214,58732605;73,78971863
2017-09-07;214,56120300;73,78971863
2017-09-08;214,30918884;73,77355957
2017-09-11;216,59500122;73,77355957
2017-09-12;217,32502747;73,80583954
2017-09-13;217,42930603;73,80583954
2017-09-14;217,35980225;73,78971863
2017-09-15;217,65240479;73,78971863
2017-09-18;218,11532593;73,78971863
2017-09-19;218,33372498;73,82199860
2017-09-20;218,41232300;73,82199860
2017-09-21;217,82710266;73,82199860
2017-09-22;217,87077332;73,82199860
2017-09-25;217,42532349;73,82199860
2017-09-26;217,55636597;73,82199860
2017-09-27;218,40354919;73,82199860
2017-09-28;218,66563416;73,80583954
2017-09-29;219,43418884;73,83814240
2017-10-02;220,38626099;73,84136963
2017-10-03;220,85791016;73,84136963
2017-10-04;221,11997986;73,82521057
2017-10-05;222,43017578;73,84136963
2017-10-06;222,17684937;73,82521057
2017-10-09;221,80998230;73,82521057
2017-10-10;222,39523315;73,82521057
2017-10-11;222,74455261;73,82521057
2017-10-12;222,41268921;73,85752106
2017-10-13;222,68344116;73,85752106
2017-10-16;222,98034668;73,84136963
2017-10-17;223,13755798;73,85752106
2017-10-18;223,35594177;73,85752106
2017-10-19;223,41709900;73,85752106
2017-10-20;224,57002258;73,87368011
2017-10-23;223,69657898;73,85752106
2017-10-24;224,08966064;73,88980865
2017-10-25;222,98034668;73,88980865
2017-10-26;223,26861572;73,88980865
2017-10-27;225,09413147;73,88980865
2017-10-30;224,25561523;73,87368011
2017-10-31;224,60501099;73,88980865
2017-11-01;224,90193176;73,89789581
2017-11-02;224,98933411;73,88172913
2017-11-03;225,74047852;73,88172913
2017-11-06;226,08982849;73,89789581
2017-11-07;225,93264771;73,89789581
2017-11-08;226,31690979;73,89789581
2017-11-09;225,49589539;73,88172913
2017-11-10;225,42604065;73,89789581
2017-11-13;225,63558960;73,89789581
2017-11-14;225,11163330;73,89789581
2017-11-15;223,98483276;73,89789581
2017-11-16;225,88896179;73,91407013
2017-11-17;225,22511292;73,89789581
2017-11-20;225,60942078;73,91407013
2017-11-21;227,08554077;73,93023682
2017-11-22;226,88468933;73,93023682
2017-11-23;;
2017-11-24;227,40875244;73,91407013
2017-11-27;227,29513550;73,91407013
2017-11-28;229,60104370;73,94638062
2017-11-29;229,46131897;73,93023682
2017-11-30;231,47024536;73,93023682
2017-12-01;230,98980713;73,93504333
2017-12-04;230,71034241;73,94313812
2017-12-05;229,88055420;73,95125580
2017-12-06;229,92427063;73,94313812
2017-12-07;230,64916992;73,95125580
2017-12-08;231,90695190;73,95931244
2017-12-11;232,60572815;73,95125580
2017-12-12;233,01620483;73,95931244
2017-12-13;232,99000549;73,95125580
2017-12-14;232,03802490;73,95931244
2017-12-15;233,97019958;73,96741486
2017-12-18;235,45394897;73,97550201
2017-12-19;234,54962158;73,97714233
2017-12-20;234,42672729;73,97714233
2017-12-21;234,90963745;73,97714233
2017-12-22;234,84817505;73,99326324
2017-12-26;234,56724548;73,98522949
2017-12-27;234,68132019;74,00141144
2017-12-28;235,16418457;74,00141144
2017-12-29;234,27748108;73,98522949
2018-01-02;235,95428467;73,99326324
2018-01-03;237,44671631;74,00947571
2018-01-04;238,44752502;74,01760864
2018-01-05;240,03660583;74,01760864
2018-01-08;240,47554016;74,02567291
2018-01-09;241,01980591;74,02567291
2018-01-10;240,65109253;74,02567291
2018-01-11;242,40690613;74,01760864
2018-01-12;243,98709106;74,04188538
2018-01-15;;
2018-01-16;243,15304565;74,02567291
2018-01-17;245,47077942;74,04188538
2018-01-18;245,05825806;74,04188538
2018-01-19;246,17311096;74,04996490
2018-01-22;248,17466736;74,05810547
2018-01-23;248,70155334;74,05810547
2018-01-24;248,60490417;74,06615448
2018-01-25;248,71023560;74,06615448
2018-01-26;251,58981323;74,08237457
2018-01-29;249,92172241;74,06615448
2018-01-30;247,35820007;74,07426453
2018-01-31;247,48107910;74,08237457
2018-02-01;247,20018005;74,07909393
2018-02-02;241,81872559;74,08721161
2018-02-05;231,70516968;74,07909393
2018-02-06;236,27038574;74,08721161
2018-02-07;234,98860168;74,09530640
2018-02-08;226,17442322;74,08721161
2018-02-09;229,57191467;74,10340118
2018-02-12;232,94309998;74,10340118
2018-02-13;233,52252197;74,10340118
2018-02-14;236,67411804;74,10340118
2018-02-15;239,69413757;74,11151886
2018-02-16;239,76438904;74,11963654
2018-02-19;;
2018-02-20;238,26319885;74,11963654
2018-02-21;237,07800293;74,11151886
2018-02-22;237,38525391;74,11963654
2018-02-23;241,16903687;74,13582611
2018-02-26;243,96960449;74,11963654
2018-02-27;240,92323303;74,13582611
2018-02-28;238,48266602;74,14392853
2018-03-01;235,01496887;74,15122223
2018-03-02;236,22647095;74,15934753
2018-03-05;238,95668030;74,15934753
2018-03-06;239,56245422;74,15934753
2018-03-07;239,47473145;74,15934753
2018-03-08;240,63351440;74,15122223
2018-03-09;244,82112122;74,16742706
2018-03-12;244,51385498;74,17555237
2018-03-13;242,93362427;74,17555237
2018-03-14;241,68701172;74,17555237
2018-03-15;241,42359924;74,16742706
2018-03-16;241,68539429;74,18367004
2018-03-19;238,41535950;74,18367004
2018-03-20;238,82077026;74,17555237
2018-03-21;238,36247253;74,19179535
2018-03-22;232,40408325;74,19989014
2018-03-23;227,45043945;74,20798492
2018-03-26;233,67323303;74,19989014
2018-03-27;229,69807434;74,21609497
2018-03-28;229,01942444;74,22422028
2018-03-29;231,94569397;74,24041748
2018-04-02;226,93923950;74,23637390
2018-04-03;229,84794617;74,22823334
2018-04-04;232,30703735;74,24449921
2018-04-05;234,14045715;74,25259399
2018-04-06;228,92245483;74,25259399
2018-04-09;230,05067444;74,26071167
2018-04-10;233,70857239;74,25259399
2018-04-11;232,48341370;74,26885223
2018-04-12;234,39616394;74,26885223
2018-04-13;233,70857239;74,26885223
2018-04-16;235,63005066;74,28507233
2018-04-17;238,15093994;74,28507233
2018-04-18;238,32722473;74,27699280
2018-04-19;237,00511169;74,29319000
2018-04-20;234,99540710;74,29319000
2018-04-23;234,96026611;74,29319000
2018-04-24;231,79594421;74,30131531
2018-04-25;232,36885071;74,30944824
2018-04-26;234,73100281;74,31756592
2018-04-27;234,95137024;74,32566071
2018-04-30;233,14448547;74,31756592
2018-05-01;233,55870056;74,32327271
2018-05-02;231,98983765;74,33135223
2018-05-03;231,47860718;74,33135223
2018-05-04;234,47538757;74,34764099
2018-05-07;235,26872253;74,34764099
2018-05-08;235,26872253;74,35578156
2018-05-09;237,54277039;74,35578156
2018-05-10;239,76390076;74,35578156
2018-05-11;240,49554443;74,35578156
2018-05-14;240,61007690;74,35578156
2018-05-15;238,95298767;74,37202454
2018-05-16;239,95788574;74,38014984
2018-05-17;239,75508118;74,38014984
2018-05-18;239,15576172;74,38828278
2018-05-21;240,95382690;74,38828278
2018-05-22;240,28393555;74,38828278
2018-05-23;240,94502258;74,39643097
2018-05-24;240,45143127;74,41264343
2018-05-25;239,87852478;74,42079926
2018-05-29;237,11970520;74,42079926
2018-05-30;240,28393555;74,41264343
2018-05-31;238,81198120;74,42892456
2018-06-01;241,15660095;74,43375397
2018-06-04;242,30245972;74,44195557
2018-06-05;242,47869873;74,44195557
2018-06-06;244,50599670;74,43375397
2018-06-07;244,47952271;74,44195557
2018-06-08;245,20220947;74,45819855
2018-06-11;245,52836609;74,46636963
2018-06-12;245,84574890;74,46636963
2018-06-13;245,06126404;74,45819855
2018-06-14;245,67831421;74,48260498
2018-06-15;245,36480713;74,48260498
2018-06-18;244,86012268;74,47449493
2018-06-19;243,92164612;74,49076080
2018-06-20;244,33778381;74,48260498
2018-06-21;242,80603027;74,49076080
2018-06-22;243,24877930;74,49887085
2018-06-25;239,93746948;74,51519775
2018-06-26;240,46864319;74,50707245
2018-06-27;238,47660828;74,52333069
2018-06-28;239,84008789;74,52333069
2018-06-29;240,18533325;74,53959656
2018-07-02;240,69888306;74,52902985
2018-07-03;239,84890747;74,54531097
2018-07-04;;
2018-07-05;241,80560303;74,54531097
2018-07-06;243,85087585;74,56160736
2018-07-09;246,04650879;74,56160736
2018-07-10;246,93197632;74,56975555
2018-07-11;245,12571716;74,56975555
2018-07-12;247,34808350;74,56975555
2018-07-13;247,54289246;74,57790375
2018-07-16;247,32153320;74,58606720
2018-07-17;248,32199097;74,58606720
2018-07-18;248,84436035;74,59420776
2018-07-19;247,90586853;74,60234833
2018-07-20;247,62252808;74,61051941
2018-07-23;248,08290100;74,60234833
2018-07-24;249,33131409;74,61864471
2018-07-25;251,45619202;74,61051941
2018-07-26;250,86294556;74,61864471
2018-07-27;249,16302490;74,63496399
2018-07-30;247,86158752;74,62681580
2018-07-31;249,08338928;74,64310455
2018-08-01;248,66732788;74,64715576
2018-08-02;250,02191162;74,65534973
2018-08-03;251,09315491;74,65534973
2018-08-06;252,01408386;74,66352844
2018-08-07;252,84623718;74,67168427
2018-08-08;252,73999023;74,66352844
2018-08-09;252,39476013;74,67168427
2018-08-10;250,70362854;74,68802643
2018-08-13;249,76507568;74,69616699
2018-08-14;251,35890198;74,67986298
2018-08-15;249,48190308;74,69616699
2018-08-16;251,50045776;74,69616699
2018-08-17;252,38584900;74,70431519
2018-08-20;252,92594910;74,70431519
2018-08-21;253,51924133;74,71248627
2018-08-22;253,36869812;74,71248627
2018-08-23;253,03230286;74,73699188
2018-08-24;254,55497742;74,73699188
2018-08-27;256,56488037;74,74514008
2018-08-28;256,68890381;74,74514008
2018-08-29;258,07000732;74,73699188
2018-08-30;257,02526855;74,76963806
2018-08-31;257,03414917;74,76149750
2018-09-03;;
2018-09-04;256,59140015;74,76799774
2018-09-05;255,90087891;74,75978851
2018-09-06;255,13059998;74,77619171
2018-09-07;254,63478088;74,79254913
2018-09-10;255,07745361;74,79254913
2018-09-11;255,91851807;74,80070496
2018-09-12;255,98049927;74,80070496
2018-09-13;257,49453735;74,80070496
2018-09-14;257,53875732;74,80887604
2018-09-17;256,17535400;74,82523346
2018-09-18;257,56527710;74,82523346
2018-09-19;257,83975220;74,82523346
2018-09-20;259,92935181;74,84156036
2018-09-21;259,69180298;74,84156036
2018-09-24;258,82913208;74,84976959
2018-09-25;258,58895874;74,84976959
2018-09-26;257,81521606;74,84976959
2018-09-27;258,53561401;74,86610413
2018-09-28;258,56228638;74,86610413
2018-10-01;259,46066284;74,87105560
2018-10-02;259,30941772;74,87917328
2018-10-03;259,45166016;74,87917328
2018-10-04;257,42398071;74,89559937
2018-10-05;255,98309326;74,90377808
2018-10-08;255,98309326;74,90377808
2018-10-09;255,60954285;74,89559937
2018-10-10;247,51612854;74,91195679
2018-10-11;242,06417847;74,92015839
2018-10-12;245,42610168;74,92015839
2018-10-15;244,04751587;74,92833710
2018-10-16;249,38381958;74,93653107
2018-10-17;249,42829895;74,93653107
2018-10-18;245,82629395;74,93653107
2018-10-19;245,69288635;74,94470215
2018-10-22;244,59002686;74,96108246
2018-10-23;243,34487915;74,96108246
2018-10-24;235,97184753;74,96929169
2018-10-25;240,20536804;74,97745514
2018-10-26;235,98077393;74,98564911
2018-10-29;234,67338562;74,98564911
2018-10-30;238,15087891;74,98564911
2018-10-31;240,69456482;74,99385071
2018-11-01;243,25604248;75,01025391
2018-11-02;241,81521606;75,01025391
2018-11-05;243,14929199;75,01844788
2018-11-06;244,68789673;75,01844788
2018-11-07;249,92634583;75,02664185
2018-11-08;249,47279358;75,03485870
2018-11-09;247,03584290;75,05126190
2018-11-12;242,42001343;75,04306030
2018-11-13;241,96638489;75,05126190
2018-11-14;240,31216431;75,04306030
2018-11-15;242,82015991;75,06763458
2018-11-16;243,45161438;75,07588196
2018-11-19;239,33374023;75,06763458
2018-11-20;234,90458679;75,08404541
2018-11-21;235,70507812;75,10045624
2018-11-22;;
2018-11-23;234,13085938;75,10045624
2018-11-26;237,91075134;75,10866547
2018-11-27;238,71124268;75,10866547
2018-11-28;244,20761108;75,11687469
2018-11-29;243,67402649;75,12506866
2018-11-30;245,15927124;75,13324738
2018-12-03;248,40551758;75,13080597
2018-12-04;240,35662842;75,13904572
2018-12-05;;
2018-12-06;239,99191284;75,15547943
2018-12-07;234,41545105;75,16369629
2018-12-10;234,86019897;75,17190552
2018-12-11;234,91352844;75,16369629
2018-12-12;236,09642029;75,18011475
2018-12-13;236,01637268;75,18833923
2018-12-14;231,65841675;75,19650269
2018-12-17;227,11361694;75,20475006
2018-12-18;226,86462402;75,20475006
2018-12-19;223,46714783;75,19649506
2018-12-20;219,82955933;75,21298218
2018-12-21;215,32534790;75,22945404
2018-12-24;209,63580322;75,23766327
2018-12-26;220,22763062;75,22945404
2018-12-27;221,91839600;75,25413513
2018-12-28;221,63211060;75,26234436
2018-12-31;223,57337952;75,27059937
2019-01-02;223,80596924;75,26234436
2019-01-03;218,46536255;75,28704834
2019-01-04;225,78297424;75,29527283
2019-01-07;227,56317139;75,29527283
2019-01-08;229,70120239;75,29527283
2019-01-09;230,77474976;75,29527283
2019-01-10;231,58880615;75,30350494
2019-01-11;231,67828369;75,31998444
2019-01-14;230,26480103;75,31174469
2019-01-15;232,90385437;75,32819366
2019-01-16;233,46742249;75,33644867
2019-01-17;235,23867798;75,35287476
2019-01-18;238,36978149;75,35287476
2019-01-21;;
2019-01-22;235,14924622;75,36111450
2019-01-23;235,64126587;75,36111450
2019-01-24;235,76649475;75,38578033
2019-01-25;237,76141357;75,37755585
2019-01-28;235,95434570;75,38578033
2019-01-29;235,64126587;75,38578033
2019-01-30;239,37164307;75,40228271
2019-01-31;241,47387695;75,40228271
2019-02-01;241,59024048;75,40964508
2019-02-04;243,28994751;75,41793823
2019-02-05;244,30972290;75,41793823
2019-02-06;243,98765564;75,43442535
2019-02-07;241,66184998;75,43442535
2019-02-08;241,95693970;75,45087433
2019-02-11;242,09117126;75,44268036
2019-02-12;245,20433044;75,45918274
2019-02-13;246,00038147;75,45918274
2019-02-14;245,45477295;75,47565460
2019-02-15;248,12957764;75,47565460
2019-02-18;;
2019-02-19;248,55900574;75,49214172
2019-02-20;249,05995178;75,49214172
2019-02-21;248,17431641;75,50038910
2019-02-22;249,71299744;75,51689911
2019-02-25;250,05299377;75,50865173
2019-02-26;249,87403870;75,51689911
2019-02-27;249,76675415;75,52512360
2019-02-28;249,30143738;75,54164124
2019-03-01;250,85809326;75,54986572
2019-03-04;249,94554138;75,54161835
2019-03-05;249,60563660;75,54986572
2019-03-06;248,09376526;75,55817413
2019-03-07;246,01847839;75,57464600
2019-03-08;245,52630615;75,58292389
2019-03-11;249,08686829;75,58292389
2019-03-12;250,02598572;75,59114075
2019-03-13;251,68103027;75,59945679
2019-03-14;251,52005005;75,59945679
2019-03-15;252,76268005;75,60773468
2019-03-18;253,67912292;75,61597443
2019-03-19;253,74206543;75,61597443
2019-03-20;252,97825623;75,61597443
2019-03-21;255,83558655;75,64074707
2019-03-22;250,91174316;75,64074707
2019-03-25;250,72306824;75,64074707
2019-03-26;252,59196472;75,64903259
2019-03-27;251,27111816;75,65729523
2019-03-28;252,22355652;75,67380524
2019-03-29;253,81401062;75,67380524
2019-04-01;256,82394409;75,68703461
2019-04-02;256,94982910;75,67874908
2019-04-03;257,35415649;75,68703461
2019-04-04;258,03695679;75,71188354
2019-04-05;259,28588867;75,71188354
2019-04-08;259,48367310;75,71188354
2019-04-09;258,15371704;75,72013855
2019-04-10;259,03436279;75,72013855
2019-04-11;258,96246338;75,74501038
2019-04-12;260,71456909;75,74501038
2019-04-15;260,54388428;75,75328064
2019-04-16;260,71456909;75,75328064
2019-04-17;260,07675171;75,76982880
2019-04-18;260,58877563;75,77810669
2019-04-22;260,81341553;75,77810669
2019-04-23;263,15856934;75,77810669
2019-04-24;262,57452393;75,79463959
2019-04-25;262,41278076;75,81120300
2019-04-26;263,63488770;75,80292511
2019-04-29;264,04812622;75,81120300
2019-04-30;264,18286133;75,81948853
2019-05-01;262,19717407;75,82281494
2019-05-02;261,63113403;75,83109283
2019-05-03;264,19186401;75,83939362
2019-05-06;263,10464478;75,84769440
2019-05-07;258,71081543;75,85596466
2019-05-08;258,35147095;75,85596466
2019-05-09;257,56982422;75,86426544
2019-05-10;258,86367798;75,88087463
2019-05-13;252,35832214;75,87253571
2019-05-14;254,64067078;75,88087463
2019-05-15;256,13211060;75,88912964
2019-05-16;258,50427246;75,89743042
2019-05-17;256,83303833;75,90575409
2019-05-20;255,13482666;75,91403961
2019-05-21;257,43502808;75,91403961
2019-05-22;256,64428711;75,93058777
2019-05-23;253,50849915;75,94719696
2019-05-24;254,08352661;75,94719696
2019-05-28;251,72044373;75,95549774
2019-05-29;250,03121948;75,95549774
2019-05-30;250,71409607;75,98037720
2019-05-31;247,33566284;75,98037720
2019-06-03;246,70663452;75,97705078
2019-06-04;252,06182861;75,99368286
2019-06-05;254,24525452;75,99368286
2019-06-06;255,89851379;76,01859283
2019-06-07;258,45925903;76,01028442
2019-06-10;259,64538574;76,02688599
2019-06-11;259,58245850;76,01859283
2019-06-12;259,12426758;76,02688599
2019-06-13;260,19354248;76,05184937
2019-06-14;259,90597534;76,06015015
2019-06-17;260,00473022;76,06015015
2019-06-18;262,72726440;76,06015015
2019-06-19;263,32037354;76,07675934
2019-06-20;265,83615112;76,08506012
2019-06-21;265,44979858;76,08506012
2019-06-24;265,12472534;76,09336090
2019-06-25;262,52435303;76,09336090
2019-06-26;262,26254272;76,10998535
2019-06-27;263,19247437;76,10998535
2019-06-28;264,54690552;76,11827850
2019-07-01;266,94854736;76,11412811
2019-07-02;267,64376831;76,12247467
2019-07-03;269,78353882;76,14745331
2019-07-04;;
2019-07-05;269,47659302;76,13910675
2019-07-08;267,99581909;76,13910675
2019-07-09;268,32998657;76,14745331
2019-07-10;269,61196899;76,15575409
2019-07-11;270,24411011;76,17240143
2019-07-12;271,45394897;76,18071747
2019-07-15;271,54421997;76,18071747
2019-07-16;270,66848755;76,18905640
2019-07-17;268,82647705;76,18905640
2019-07-18;269,81063843;76,21401978
2019-07-19;268,31185913;76,21401978
2019-07-22;268,97094727;76,21401978
2019-07-23;270,89416504;76,20567322
2019-07-24;272,16723633;76,22236633
2019-07-25;270,86700439;76,23900604
2019-07-26;272,68188477;76,23069000
2019-07-29;272,18533325;76,24729919
2019-07-30;271,51712036;76,24729919
2019-07-31;268,54666138;76,25566101
2019-08-01;266,20816040;76,27651215
2019-08-02;264,20370483;76,27651215
2019-08-05;256,25827026;76,26814270
2019-08-06;259,85180664;76,27651215
2019-08-07;260,00534058;76,29315948
2019-08-08;265,10653687;76,30149078
2019-08-09;263,30090332;76,29315948
2019-08-12;260,09558105;76,30983734
2019-08-13;264,14050293;76,31819916
2019-08-14;256,33044434;76,30983734
2019-08-15;257,00772095;76,34317780
2019-08-16;260,79986572;76,33483124
2019-08-19;263,94195557;76,33483124
2019-08-20;261,91946411;76,34317780
2019-08-21;264,05032349;76,33483124
2019-08-22;263,96896362;76,35986328
2019-08-23;257,18829346;76,35152435
2019-08-26;260,03237915;76,35986328
2019-08-27;259,01208496;76,36820221
2019-08-28;260,83599854;76,35986328
2019-08-29;264,16763306;76,37651825
2019-08-30;264,05032349;76,38485718
2019-09-02;;
2019-09-03;262,50634766;76,39993286
2019-09-04;265,48583984;76,39158630
2019-09-05;268,89883423;76,39993286
2019-09-06;269,10644531;76,40827179
2019-09-09;269,24188232;76,40827179
2019-09-10;269,17864990;76,42493439
2019-09-11;271,09274292;76,41665649
2019-09-12;272,03179932;76,43333435
2019-09-13;271,85110474;76,43333435
2019-09-16;271,01159668;76,43333435
2019-09-17;271,69775391;76,44168854
2019-09-18;271,86026001;76,45839691
2019-09-19;271,84219360;76,45839691
2019-09-20;270,55780029;76,46673584
2019-09-23;270,49423218;76,48344421
2019-09-24;268,37182617;76,48344421
2019-09-25;269,95910645;76,48344421
2019-09-26;269,39672852;76,50014496
2019-09-27;267,94540405;76,50014496
2019-09-30;269,18804932;76,50852966
2019-10-01;265,98620605;76,50598907
2019-10-02;261,28765869;76,50598907
2019-10-03;263,42828369;76,53111267
2019-10-04;266,99298096;76,53111267
2019-10-07;265,84112549;76,53945923
2019-10-08;261,71395874;76,53945923
2019-10-09;264,19931030;76,53945923
2019-10-10;265,98620605;76,55621338
2019-10-11;268,74368286;76,56455994
2019-10-14;268,44436646;76,55621338
2019-10-15;271,10202026;76,56455994
2019-10-16;270,66665649;76,57293701
2019-10-17;271,46484375;76,58129883
2019-10-18;270,27655029;76,58129883
2019-10-21;272,10885620;76,58966064
2019-10-22;271,21994019;76,58966064
2019-10-23;272,00909424;76,58966064
2019-10-24;272,45349121;76,60638428
2019-10-25;273,56927490;76,60638428
2019-10-28;275,11123657;76,59801483
2019-10-29;275,02963257;76,61477661
2019-10-30;275,87326050;76,62311554
2019-10-31;275,13845825;76,63149261
2019-11-01;277,68728638;76,63067627
2019-11-04;278,80294800;76,63903046
2019-11-05;278,49459839;76,63067627
2019-11-06;278,55813599;76,63903046
2019-11-07;279,53762817;76,65580750
2019-11-08;280,22708130;76,65580750
2019-11-11;279,69180298;76,65580750
2019-11-12;280,28152466;76,66416168
2019-11-13;280,37222290;76,66416168
2019-11-14;280,78039551;76,67256165
2019-11-15;282,81219482;76,66416168
2019-11-18;283,02072144;76,68092346
2019-11-19;282,93905640;76,67256165
2019-11-20;281,88687134;76,68092346
2019-11-21;281,43338013;76,68092346
2019-11-22;282,05929565;76,68930054
2019-11-25;284,24530029;76,68930054
2019-11-26;284,88931274;76,69768524
2019-11-27;286,15917969;76,71443939
2019-11-28;;
2019-11-29;285,09793091;76,71443939
2019-12-02;282,67614746;76,72032166
2019-12-03;280,78039551;76,71193695
2019-12-04;282,51287842;76,72032166
2019-12-05;283,02072144;76,73709106
2019-12-06;285,60604858;76,73709106
2019-12-09;284,70794678;76,74546051
2019-12-10;284,39038086;76,74546051
2019-12-11;285,19766235;76,74546051
2019-12-12;287,65585327;76,76225281
2019-12-13;287,82821655;76,74546051
2019-12-16;289,80557251;76,76225281
2019-12-17;289,86917114;76,75386810
2019-12-18;289,88723755;76,77066803
2019-12-19;291,07550049;76,77902222
2019-12-20;292,35165405;76,78321838
2019-12-23;292,79837036;76,78321838
2019-12-24;292,80743408;76,79164124
2019-12-26;294,36605835;76,80004883
2019-12-27;294,29312134;76,79164124
2019-12-30;292,67059326;76,80004883
2019-12-31;293,38156128;76,80004883
2020-01-02;296,12536621;76,82524872
2020-01-03;293,88290405;76,82524872
2020-01-06;295,00399780;76,81681061
2020-01-07;294,17471313;76,81681061
2020-01-08;295,74252319;76,83364105
2020-01-09;297,74780273;76,84201050
2020-01-10;296,89099121;76,84201050
2020-01-13;298,93286133;76,84201050
2020-01-14;298,47698975;76,84201050
2020-01-15;299,15161133;76,85043335
2020-01-16;301,63998413;76,86726379
2020-01-17;302,57891846;76,85882568
2020-01-20;;
2020-01-21;301,98638916;76,86726379
2020-01-22;302,02291870;76,86726379
2020-01-23;302,36923218;76,87566376
2020-01-24;299,68026733;76,87566376
2020-01-27;294,87643433;76,88402557
2020-01-28;297,96658325;76,88402557
2020-01-29;297,72052002;76,89245605
2020-01-30;298,68661499;76,89245605
2020-01-31;293,26321411;76,89245605
2020-02-03;295,44171143;76,89919281
2020-02-04;299,94454956;76,89919281
2020-02-05;303,40838623;76,91601562
2020-02-06;304,42919922;76,92440033
2020-02-07;302,80673218;76,92440033
2020-02-10;305,06732178;76,91601562
2020-02-11;305,59597778;76,92440033
2020-02-12;307,56484985;76,93280792
2020-02-13;307,23669434;76,94122314
2020-02-14;307,72897339;76,94122314
2020-02-17;;
2020-02-18;306,93591309;76,94960785
2020-02-19;308,40350342;76,94960785
2020-02-20;307,13641357;76,94960785
2020-02-21;303,97348022;76,96646118
2020-02-24;293,89212036;76,95804596
2020-02-25;284,98654175;76,95804596
2020-02-26;283,93826294;76,97483826
2020-02-27;271,18609619;76,99166107
2020-02-28;270,04675293;76,98326874
2020-03-02;281,74157715;77,00599670
2020-03-03;273,67456055;77,02281952
2020-03-04;285,17791748;77,05650330
2020-03-05;275,69808960;77,07334137
2020-03-06;271,14053345;77,07334137
2020-03-09;249,96589661;77,10702515
2020-03-10;262,90045166;77,09018707
2020-03-11;250,08447266;77,10702515
2020-03-12;226,15707397;77,11541748
2020-03-13;245,49046326;77,13229370
2020-03-16;218,62786865;77,14069366
2020-03-17;230,43209839;77,14069366
2020-03-18;218,76463318;77,15754700
2020-03-19;219,22953796;77,14069366
2020-03-20;209,78202820;77,16598511
2020-03-23;204,41822815;77,14910889
2020-03-24;222,93923950;77,14910889
2020-03-25;226,27665710;77,14910889
2020-03-26;239,48889160;77,14910889
2020-03-27;232,35557556;77,13229370
2020-03-30;239,90151978;77,13229370
2020-03-31;236,32563782;77,14069366
2020-04-01;225,68984985;77,13397217
2020-04-02;230,89772034;77,14236450
2020-04-03;227,56028748;77,11710358
2020-04-06;242,84466553;77,12553406
2020-04-07;243,09228516;77,10868073
2020-04-08;251,25244141;77,11710358
2020-04-09;255,07582092;77,10028839
2020-04-13;252,74696350;77,11710358
2020-04-14;260,20117188;77,12553406
2020-04-15;254,67242432;77,11710358
2020-04-16;255,90100098;77,10868073
2020-04-17;262,81430054;77,12553406
2020-04-20;258,18405151;77,11710358
2020-04-21;250,34468079;77,11710358
2020-04-22;255,90100098;77,11710358
2020-04-23;255,88264465;77,12553406
2020-04-24;259,44924927;77,11710358
2020-04-27;263,19018555;77,11710358
2020-04-28;261,97994995;77,11710358
2020-04-29;268,83825684;77,10868073
2020-04-30;266,33517456;77,12553406
2020-05-01;259,28427124;77,11204529
2020-05-04;259,99948120;77,11204529
2020-05-05;262,40170288;77,11204529
2020-05-06;260,62298584;77,12046051
2020-05-07;263,76779175;77,11204529
2020-05-08;268,13223267;77,11204529
2020-05-11;268,18725586;77,12046051
2020-05-12;262,84185791;77,12046051
2020-05-13;258,19326782;77,12046051
2020-05-14;261,28311157;77,12889099
2020-05-15;262,48419189;77,11204529
2020-05-18;270,47930908;77,11204529
2020-05-19;267,70123291;77,11204529
2020-05-20;272,24899292;77,11204529
2020-05-21;270,36941528;77,12046051
2020-05-22;270,88290405;77,11204529
2020-05-26;274,22030640;77,12046051
2020-05-27;278,30035400;77,11204529
2020-05-28;277,78686523;77,11204529
2020-05-29;279,02474976;77,11204529
2020-06-01;280,15246582;77,12046051
2020-06-02;282,47201538;77,12046051
2020-06-03;286,23141479;77,12046051
2020-06-04;285,47952271;77,12046051
2020-06-05;292,79620361;77,10360718
2020-06-08;296,33547974;77,11204529
2020-06-09;294,12582397;77,11204529
2020-06-10;292,48452759;77,12046051
2020-06-11;275,62307739;77,10360718
2020-06-12;278,92388916;77,12046051
2020-06-15;281,52777100;77,12046051
2020-06-16;286,94650269;77,12046051
2020-06-17;285,75454712;77,12046051
2020-06-18;285,86459351;77,11204529
2020-06-19;284,23086548;77,11204529
2020-06-22;286,05435181;77,11204529
2020-06-23;287,37127686;77,11204529
2020-06-24;280,04071045;77,11204529
2020-06-25;283,04299927;77,12046051
2020-06-26;276,32028198;77,11204529
2020-06-29;280,38150024;77,11204529
2020-06-30;283,97305298;77,11204529
2020-07-01;285,96224976;77,11204529
2020-07-02;287,53704834;77,12046051
2020-07-03;;
2020-07-06;291,97583008;77,11204529
2020-07-07;288,96441650;77,11204529
2020-07-08;291,17459106;77,11204529
2020-07-09;289,51693726;77,11204529
2020-07-10;292,47308350;77,12046051
2020-07-13;289,94061279;77,12046051
2020-07-14;293,69793701;77,12046051
2020-07-15;296,39614868;77,12046051
2020-07-16;295,42007446;77,11204529
2020-07-17;296,27651978;77,12046051
2020-07-20;298,67086792;77,12046051
2020-07-21;299,30630493;77,12046051
2020-07-22;301,01000977;77,11204529
2020-07-23;297,41836548;77,12046051
2020-07-24;295,50292969;77,11204529
2020-07-27;297,65780640;77,11204529
2020-07-28;295,76995850;77,12046051
2020-07-29;299,40762329;77,12046051
2020-07-30;298,33935547;77,11204529
2020-07-31;300,69689941;77,12046051
2020-08-03;302,78738403;77,11204529
2020-08-04;303,95690918;77,12046051
2020-08-05;305,84481812;77,11204529
2020-08-06;307,88925171;77,11204529
2020-08-07;308,11029053;77,12046051
2020-08-10;309,03112793;77,12046051
2020-08-11;306,48022461;77,11204529
2020-08-12;310,75323486;77,11204529
2020-08-13;310,19158936;77,12046051
2020-08-14;310,20077515;77,11204529
2020-08-17;311,18606567;77,11204529
2020-08-18;311,85836792;77,12046051
2020-08-19;310,55987549;77,12046051
2020-08-20;311,52682495;77,12046051
2020-08-21;312,63186646;77,12046051
2020-08-24;315,79986572;77,12046051
2020-08-25;316,90496826;77,11204529
2020-08-26;320,08215332;77,11204529
2020-08-27;320,78201294;77,11204529
2020-08-28;322,85412598;77,12046051
2020-08-31;321,68447876;77,12046051
2020-09-01;324,71432495;77,12046051
2020-09-02;329,41104126;77,12046051
2020-09-03;318,07452393;77,11204529
2020-09-04;315,47756958;77,12046051
2020-09-07;;
2020-09-08;306,85778809;77,12046051
2020-09-09;312,91741943;77,11204529
2020-09-10;307,48394775;77,11204529
2020-09-11;307,64065552;77,10360718
2020-09-14;311,69253540;77,12046051
2020-09-15;313,26739502;77,10360718
2020-09-16;312,02410889;77,12046051
2020-09-17;309,27984619;77,12046051
2020-09-18;305,71917725;77,10360718
2020-09-21;302,31661987;77,10360718
2020-09-22;305,39559937;77,10360718
2020-09-23;298,31317139;77,10360718
2020-09-24;299,10827637;77,11204529
2020-09-25;303,94396973;77,10360718
2020-09-28;308,99224854;77,11204529
2020-09-29;307,30950928;77,11204529
2020-09-30;309,63943481;77,10360718
2020-10-01;311,62731934;77,10360718
2020-10-02;308,66867065;77,10360718
2020-10-05;314,14227295;77,10360718
2020-10-06;309,67648315;77,11204529
2020-10-07;315,06692505;77,10360718
2020-10-08;317,85916138;77,10360718
2020-10-09;320,69772339;77,10360718
2020-10-12;325,85699463;77,11204529
2020-10-13;323,73040771;77,10360718
2020-10-14;321,69631958;77,10360718
2020-10-15;321,29876709;77,10360718
2020-10-16;321,10455322;77,11204529
2020-10-19;316,22262573;77,11204529
2020-10-20;317,48925781;77,10360718
2020-10-21;316,88836670;77,10360718
2020-10-22;318,62655640;77,11204529
2020-10-23;319,70834351;77,11204529
2020-10-26;313,80023193;77,11204529
2020-10-27;312,71838379;77,10360718
2020-10-28;302,03002930;77,10360718
2020-10-29;305,09967041;77,11204529
2020-10-30;301,91906738;77,11204529
2020-11-02;305,30313110;77,11204529
2020-11-03;310,69351196;77,11204529
2020-11-04;317,63726807;77,10360718
2020-11-05;323,83212280;77,11204529
2020-11-06;323,75817871;77,10360718
2020-11-09;327,82635498;77,11204529
2020-11-10;327,34552002;77,10360718
2020-11-11;329,77731323;77,10360718
2020-11-12;326,57812500;77,10360718
2020-11-13;331,09945679;77,11204529
2020-11-16;335,23239136;77,11204529
2020-11-17;333,42950439;77,11204529
2020-11-18;329,41668701;77,11204529
2020-11-19;330,80355835;77,11204529
2020-11-20;328,53833008;77,11204529
2020-11-23;330,50772095;77,11204529
2020-11-24;335,83340454;77,11204529
2020-11-25;335,31561279;77,10360718
2020-11-26;;
2020-11-27;336,24951172;77,11204529
2020-11-30;334,76083374;77,10360718
2020-12-01;338,42236328;77,09774780
2020-12-02;339,13424683;77,10613251
2020-12-03;339,04183960;77,10613251
2020-12-04;341,96347046;77,11459351
2020-12-07;341,26077271;77,09774780
2020-12-08;342,25939941;77,09774780
2020-12-09;339,18966675;77,09774780
2020-12-10;339,07882690;77,09774780
2020-12-11;338,68118286;77,10613251
2020-12-14;337,16485596;77,09774780
2020-12-15;341,72308350;77,09774780
2020-12-16;342,25939941;77,10613251
2020-12-17;344,17324829;77,10613251
2020-12-18;342,79907227;77,10613251
2020-12-21;341,57336426;77,10613251
2020-12-22;340,99768066;77,10613251
2020-12-23;341,30416870;77,09774780
2020-12-24;342,63186646;77,10613251
2020-12-28;345,57543945;77,10613251
2020-12-29;344,91613770;77,10613251
2020-12-30;345,40826416;77,09774780
2020-12-31;347,16323853;77,10613251
2021-01-04;342,43692017;77,10613251
2021-01-05;344,79531860;77,09774780
2021-01-06;346,85678101;77,10613251
2021-01-07;352,01022339;77,10613251
2021-01-08;354,01589966;77,09774780
2021-01-11;351,62945557;77,10613251
2021-01-12;351,70370483;77,09774780
2021-01-13;352,65093994;77,09774780
2021-01-14;351,41583252;77,10613251
2021-01-15;348,85324097;77,10613251
2021-01-18;;
2021-01-19;351,59240723;77,10613251
2021-01-20;356,45794678;77,10613251
2021-01-21;356,78289795;77,10613251
2021-01-22;355,52008057;77,09774780
2021-01-25;356,92214966;77,10613251
2021-01-26;356,36505127;77,09774780
2021-01-27;347,65524292;77,09774780
2021-01-28;350,64526367;77,10613251
2021-01-29;343,62545776;77,10613251
2021-02-01;349,34527588;77,10613251
2021-02-02;354,28506470;77,09774780
2021-02-03;354,56372070;77,09774780
2021-02-04;358,59359741;77,10613251
2021-02-05;360,00497437;77,10613251
2021-02-08;362,60485840;77,10613251
2021-02-09;362,36346436;77,10613251
2021-02-10;362,20559692;77,09774780
2021-02-11;362,79052734;77,10613251
2021-02-12;364,58270264;77,09774780
2021-02-15;;
2021-02-16;364,26693726;77,10613251
2021-02-17;364,35052490;77,10613251
2021-02-18;362,79983521;77,09774780
2021-02-19;362,15924072;77,10613251
2021-02-22;359,37356567;77,09774780
2021-02-23;359,80990601;77,09774780
2021-02-24;363,77478027;77,08928680
2021-02-25;355,00936890;77,09774780
2021-02-26;353,18017578;77,09774780
2021-03-01;361,74136353;77,08928680
2021-03-02;358,91854858;77,08928680
2021-03-03;354,16445923;77,09774780
2021-03-04;349,78170776;77,09774780
2021-03-05;356,21649170;77,09774780
2021-03-08;354,44299316;77,08928680
2021-03-09;359,50360107;77,08928680
2021-03-10;361,74136353;77,08928680
2021-03-11;365,40905762;77,09774780
2021-03-12;365,90124512;77,08928680
2021-03-15;368,08328247;77,08928680
2021-03-16;367,61898804;77,08928680
2021-03-17;368,87249756;77,09774780
2021-03-18;363,50555420;77,08928680
2021-03-19;362,83300781;77,08928680
2021-03-22;365,73016357;77,08928680
2021-03-23;362,85162354;77,09774780
2021-03-24;361,00708008;77,08928680
2021-03-25;363,03787231;77,08928680
2021-03-26;368,88827515;77,08928680
2021-03-29;368,70187378;77,08928680
2021-03-30;367,72378540;77,09774780
2021-03-31;369,21426392;77,08928680
2021-04-01;373,20144653;77,09774780
2021-04-05;378,55813599;77,08928680
2021-04-06;378,33450317;77,08090210
2021-04-07;378,77233887;77,08090210
2021-04-08;380,57025146;77,08928680
2021-04-09;383,33706665;77,08090210
2021-04-12;383,47692871;77,08090210
2021-04-13;384,61346436;77,08090210
2021-04-14;383,29983521;77,08090210
2021-04-15;387,41741943;77,08928680
2021-04-16;388,71237183;77,08928680
2021-04-19;386,80255127;77,08090210
2021-04-20;383,97061157;77,08090210
2021-04-21;387,60369873;77,08090210
2021-04-22;384,06372070;77,08928680
2021-04-23;388,22784424;77,08928680
2021-04-26;389,03836060;77,08090210
2021-04-27;388,95455933;77,08928680
2021-04-28;388,84277344;77,08090210
2021-04-29;391,32077026;77,08090210
2021-04-30;388,74951172;77,08928680
2021-05-03;389,58804321;77,08928680
2021-05-04;387,18457031;77,08090210
2021-05-05;387,30554199;77,08928680
2021-05-06;390,39846802;77,08928680
2021-05-07;393,23986816;77,08090210
2021-05-10;389,34582520;77,08090210
2021-05-11;385,87097168;77,08090210
2021-05-12;377,67306519;77,07246399
2021-05-13;382,20986938;77,07246399
2021-05-14;388,07885742;77,07246399
2021-05-17;387,09140015;77,08090210
2021-05-18;383,75628662;77,08090210
2021-05-19;382,75015259;77,07246399
2021-05-20;386,86779785;77,07246399
2021-05-21;386,55105591;77,08090210
2021-05-24;390,49169922;77,07246399
2021-05-25;389,62527466;77,07246399
2021-05-26;390,39846802;77,07246399
2021-05-27;390,60342407;77,08090210
2021-05-28;391,30209351;77,08090210
2021-06-01;390,95742798;77,07246399
2021-06-02;391,57229614;77,07246399
2021-06-03;390,11895752;77,07246399
2021-06-04;393,68695068;77,08090210
2021-06-07;393,30493164;77,06402588
2021-06-08;393,38885498;77,06402588
2021-06-09;392,80191040;77,06402588
2021-06-10;394,62777710;77,06402588
2021-06-11;395,27996826;77,07246399
2021-06-14;396,16500854;77,06402588
2021-06-15;395,43838501;77,06402588
2021-06-16;393,23043823;77,07246399
2021-06-17;393,10009766;77,06402588
2021-06-18;387,79705811;77,07246399
2021-06-21;393,34866333;77,06402588
2021-06-22;395,45166016;77,06402588
2021-06-23;394,97491455;77,06402588
2021-06-24;397,31152344;77,07246399
2021-06-25;398,72283936;77,07246399
2021-06-28;399,52658081;77,06402588
2021-06-29;399,74160767;77,06402588
2021-06-30;400,07797241;77,06402588
2021-07-01;402,29309082;77,07246399
2021-07-02;405,36810303;77,06402588
2021-07-05;;
2021-07-06;404,62973022;77,05561829
2021-07-07;406,05963135;77,05561829
2021-07-08;402,75109863;77,06402588
2021-07-09;407,05041504;77,06402588
2021-07-12;408,50833130;77,06402588
2021-07-13;407,11578369;77,06402588
2021-07-14;407,72329712;77,05561829
2021-07-15;406,33071899;77,06402588
2021-07-16;403,14367676;77,06402588
2021-07-19;397,18997192;77,05561829
2021-07-20;402,88189697;77,05561829
2021-07-21;406,14376831;77,05561829
2021-07-22;406,99426270;77,06402588
2021-07-23;411,18145752;77,05561829
2021-07-26;412,19085693;77,06402588
2021-07-27;410,31225586;77,05561829
2021-07-28;410,14404297;77,05561829
2021-07-29;411,84506226;77,06402588
2021-07-30;409,84494019;77,05561829
2021-08-02;408,98510742;77,05561829
2021-08-03;412,31231689;77,05561829
2021-08-04;410,28424072;77,05561829
2021-08-05;412,88241577;77,05561829
2021-08-06;413,56478882;77,06402588
2021-08-09;413,22824097;77,06402588
2021-08-10;413,74230957;77,05561829
2021-08-11;414,77041626;77,05561829
2021-08-12;416,01351929;77,05561829
2021-08-13;416,77053833;77,06402588
2021-08-16;417,75189209;77,04717255
2021-08-17;415,01345825;77,04717255
2021-08-18;410,47113037;77,04717255
2021-08-19;411,10665894;77,06402588
2021-08-20;414,37792969;77,06402588
2021-08-23;418,02297974;77,04717255
2021-08-24;418,68652344;77,04717255
2021-08-25;419,56509399;77,04717255
2021-08-26;417,08837891;77,05561829
2021-08-27;420,81750488;77,05561829
2021-08-30;422,66809082;77,05561829
2021-08-31;422,04183960;77,04717255
2021-09-01;422,26620483;77,04717255
2021-09-02;423,56533813;77,06402588
2021-09-03;423,46246338;77,04717255
2021-09-06;;
2021-09-07;421,94842529;77,04717255
2021-09-08;421,43432617;77,04717255
2021-09-09;419,63058472;77,04717255
2021-09-10;416,32196045;77,05561829
2021-09-13;417,38739014;77,05561829
2021-09-14;415,13491821;77,04717255
2021-09-15;418,60244751;77,04717255
2021-09-16;417,93887329;77,05561829
2021-09-17;413,86764526;77,04717255
2021-09-20;406,96679688;77,05561829
2021-09-21;406,58239746;77,04717255
2021-09-22;410,54846191;77,04717255
2021-09-23;415,53662109;77,05561829
2021-09-24;416,22116089;77,04717255
2021-09-27;415,03039551;77,04717255
2021-09-28;406,66665649;77,04717255
2021-09-29;407,35119629;77,05561829
2021-09-30;402,37240601;77,05561829
2021-10-01;407,15432739;77,05561829
2021-10-04;401,90356445;77,03876495
2021-10-05;406,08538818;77,04717255
2021-10-06;407,77310181;77,04717255
2021-10-07;411,29858398;77,04717255
2021-10-08;410,54846191;77,04717255
2021-10-11;407,57617188;77,04717255
2021-10-12;406,57293701;77,04717255
2021-10-13;408,03561401;77,04717255
2021-10-14;414,89904785;77,03876495
2021-10-15;418,05886841;77,04717255
2021-10-18;419,29653931;77,03876495
2021-10-19;422,53137207;77,03876495
2021-10-20;424,19091797;77,03876495
2021-10-21;425,29727173;77,03876495
2021-10-22;424,85665894;77,03876495
2021-10-25;427,13507080;77,04717255
2021-10-26;427,51956177;77,03034210
2021-10-27;425,62554932;77,03034210
2021-10-28;429,73229980;77,04717255
2021-10-29;430,60427856;77,04717255
2021-11-01;431,34500122;77,04717255
2021-11-02;433,08892822;77,03034210
2021-11-03;435,73306274;77,03034210
2021-11-04;437,78643799;77,03876495
2021-11-05;439,30541992;77,03876495
2021-11-08;439,68045044;77,04717255
2021-11-09;438,22714233;77,03034210
2021-11-10;434,70166016;77,03034210
2021-11-11;434,84234619;77,03876495
2021-11-12;438,12408447;77,03876495
2021-11-15;438,27407837;77,03876495
2021-11-16;440,00866699;77,03034210
2021-11-17;438,93975830;77,03034210
2021-11-18;440,43063354;77,03876495
2021-11-19;439,64303589;77,03876495
2021-11-22;438,40530396;77,03876495
2021-11-23;438,98663330;77,03034210
2021-11-24;440,15872192;77,03876495
2021-11-25;;
2021-11-26;430,34173584;77,03034210
2021-11-29;435,62057495;77,03876495
2021-11-30;427,14443970;77,03034210
2021-12-01;422,40002441;77,03876495
2021-12-02;428,86968994;77,03876495
2021-12-03;425,13793945;77,03034210
2021-12-06;430,17297363;77,03034210
2021-12-07;439,07104492;77,03034210
2021-12-08;440,23376465;77,03876495
2021-12-09;437,26144409;77,03034210
2021-12-10;441,37765503;77,03876495
2021-12-13;437,46768188;77,03876495
2021-12-14;434,45788574;77,03876495
2021-12-15;441,24633789;77,03876495
2021-12-16;437,35522461;77,03034210
2021-12-17;432,70053101;77,03876495
2021-12-20;428,09939575;77,03034210
2021-12-21;435,70199585;77,02188873
2021-12-22;440,05844116;77,02188873
2021-12-23;442,79647827;77,02188873
2021-12-24;;
2021-12-27;449,06301880;77,03034210
2021-12-28;448,69607544;77,02188873
2021-12-29;449,26995850;77,02188873
2021-12-30;448,02801514;77,03034210
2021-12-31;446,89889526;77,03034210
2022-01-03;449,48645020;77,02188873
2022-01-04;449,33590698;77,03034210
2022-01-05;440,70767212;77,03034210
2022-01-06;440,29370117;77,03034210
2022-01-07;438,55297852;77,03034210
2022-01-10;438,00726318;77,02188873
2022-01-11;441,99670410;77,01348114
2022-01-12;443,19171143;77,02188873
2022-01-13;437,08505249;77,03034210
2022-01-14;437,26397705;77,03034210
2022-01-17;;
2022-01-18;429,52011108;77,01348114
2022-01-19;425,06018066;77,03034210
2022-01-20;420,35559082;77,03034210
2022-01-21;412,10379028;77,02188873
2022-01-24;413,85385132;77,03034210
2022-01-25;408,80114746;77,01348114
2022-01-26;407,77551270;77,02188873
2022-01-27;405,76193237;77,03034210
2022-01-28;415,83917236;77,01348114
2022-01-31;423,32891846;77,03034210
2022-02-01;426,18927002;77,02188873
2022-02-02;430,32934570;77,03034210
2022-02-03;420,21444702;77,03034210
2022-02-04;422,19042969;77,01348114
2022-02-07;420,83551025;77,01348114
2022-02-08;424,29809570;77,02188873
2022-02-09;430,50817871;77,01348114
2022-02-10;422,77374268;77,01348114
2022-02-11;414,43722534;77,01348114
2022-02-14;413,08221436;77,00507355
2022-02-15;419,74401855;77,02188873
2022-02-16;420,21444702;77,02188873
2022-02-17;411,23812866;77,01348114
2022-02-18;408,57537842;77,02188873
2022-02-21;;
2022-02-22;404,19064331;77,02188873
2022-02-23;397,02084351;77,01348114
2022-02-24;402,99560547;77,01348114
2022-02-25;411,88735962;77,01348114
2022-02-28;410,83349609;77,01348114
2022-03-01;404,57641602;77,03199768
2022-03-02;412,01910400;77,03199768
2022-03-03;409,96786499;77,04044342
2022-03-04;406,63702393;77,04044342
2022-03-07;394,64965820;77,04044342
2022-03-08;391,65759277;77,04044342
2022-03-09;402,15826416;77,04044342
2022-03-10;400,34219360;77,04044342
2022-03-11;395,25189209;77,03199768
2022-03-14;392,36331177;77,04044342
2022-03-15;400,99148560;77,02358246
2022-03-16;409,88308716;77,04044342
2022-03-17;415,01119995;77,04044342
2022-03-18;419,55673218;77,03199768
2022-03-21;419,43405151;77,03199768
2022-03-22;424,34197998;77,03199768
2022-03-23;418,87716675;77,04888153
2022-03-24;425,19143677;77,04888153
2022-03-25;427,26788330;77,03199768
2022-03-28;430,30709839;77,03199768
2022-03-29;435,63034058;77,03199768
2022-03-30;432,94046021;77,04888153
2022-03-31;426,27694702;77,04888153
2022-04-01;427,48498535;77,04888153
2022-04-04;431,14706421;77,04044342
2022-04-05;425,70117188;77,03199768
2022-04-06;421,44430542;77,04044342
2022-04-07;423,56805420;77,04044342
2022-04-08;422,43545532;77,03199768
2022-04-11;415,21505737;77,04044342
2022-04-12;413,67666626;77,04044342
2022-04-13;418,41464233;77,04044342
2022-04-14;413,20468140;77,03199768
2022-04-18;413,37454224;77,04044342
2022-04-19;420,04754639;77,03199768
2022-04-20;419,73599243;77,04888153
2022-04-21;413,45953369;77,04888153
2022-04-22;402,11456299;77,04044342
2022-04-25;404,44577026;77,04888153
2022-04-26;392,73269653;77,04044342
2022-04-27;393,83703613;77,04044342
2022-04-28;403,78515625;77,05730438
2022-04-29;388,86300659;77,04044342
2022-05-02;391,20373535;77,04888153
2022-05-03;392,99710083;77,04044342
2022-05-04;404,96493530;77,05730438
2022-05-05;390,57125854;77,05730438
2022-05-06;388,24005127;77,05730438
2022-05-09;375,80963135;77,04888153
2022-05-10;376,67803955;77,04888153
2022-05-11;370,69396973;77,04888153
2022-05-12;370,30703735;77,05730438
2022-05-13;379,16030884;77,06572723
2022-05-16;377,62176514;77,05730438
2022-05-17;385,38958740;77,05730438
2022-05-18;369,85394287;77,05730438
2022-05-19;367,58877563;77,07416534
2022-05-20;367,74923706;77,07416534
2022-05-23;374,62985229;77,07416534
2022-05-24;371,77001953;77,06572723
2022-05-25;375,05453491;77,07416534
2022-05-26;382,54864502;77,09101105
2022-05-27;391,93984985;77,07416534
2022-05-30;;
2022-05-31;389,74072266;77,06572723
2022-06-01;386,58828735;77,06656647
2022-06-02;393,95028687;77,08343506
2022-06-03;387,48489380;77,06656647
2022-06-06;388,66476440;77,07500458
2022-06-07;392,39297485;77,06656647
2022-06-08;388,12673950;77,07500458
2022-06-09;378,89596558;77,08343506
2022-06-10;367,90960693;77,06656647
2022-06-13;353,94082642;77,07500458
2022-06-14;352,87429810;77,06656647
2022-06-15;357,90493774;77,07500458
2022-06-16;346,05975342;77,09185791
2022-06-17;346,80575562;77,08343506
2022-06-20;;
2022-06-21;355,53604126;77,10030365
2022-06-22;354,89144897;77,10874176
2022-06-23;358,37030029;77,10874176
2022-06-24;369,76431274;77,09185791
2022-06-27;368,35192871;77,09185791
2022-06-28;360,82550049;77,10874176
2022-06-29;360,53155518;77,11713409
2022-06-30;357,60256958;77,12558746
2022-07-01;361,38476562;77,11967468
2022-07-04;;
2022-07-05;362,06726074;77,11967468
2022-07-06;363,29006958;77,11967468
2022-07-07;368,73110962;77,11967468
2022-07-08;368,42785645;77,11124420
2022-07-11;364,21899414;77,11967468
2022-07-12;360,99603271;77,11124420
2022-07-13;359,10028076;77,11124420
2022-07-14;358,22821045;77,11967468
2022-07-15;365,07214355;77,11124420
2022-07-18;362,05776978;77,11124420
2022-07-19;371,84027100;77,11124420
2022-07-20;374,21002197;77,11124420
2022-07-21;378,02078247;77,13652802
2022-07-22;374,51348877;77,14496613
2022-07-25;374,96844482;77,13652802
2022-07-26;370,53219604;77,13652802
2022-07-27;380,15356445;77,13652802
2022-07-28;384,92163086;77,14496613
2022-07-29;390,53332520;77,15341949
2022-08-01;389,37680054;77,15930939
2022-08-02;386,80792236;77,16776276
2022-08-03;392,86520386;77,15930939
2022-08-04;392,59973145;77,17621613
2022-08-05;391,93624878;77,19310760
2022-08-08;391,48120117;77,20155334
2022-08-09;389,92660522;77,19310760
2022-08-10;398,11660767;77,20155334
2022-08-11;398,11660767;77,20155334
2022-08-12;404,85635376;77,21844482
2022-08-15;406,52459717;77,20999146
2022-08-16;407,32098389;77,21844482
2022-08-17;404,42974854;77,21844482
2022-08-18;405,60522461;77,25222015
2022-08-19;400,15472412;77,25222015
2022-08-22;391,82244873;77,26065063
2022-08-23;390,87454224;77,24374390
2022-08-24;392,12573242;77,26905823
2022-08-25;397,66162109;77,27752686
2022-08-26;384,20111084;77,27752686
2022-08-29;381,66070557;77,27752686
2022-08-30;377,47088623;77,28597260
2022-08-31;374,59878540;77,30284119
2022-09-01;375,77416992;77,31895447
2022-09-02;371,81185913;77,32738495
2022-09-05;;
2022-09-06;370,40896606;77,32738495
2022-09-07;377,06326294;77,33586884
2022-09-08;379,52792358;77,35273743
2022-09-09;385,42398071;77,35273743
2022-09-12;389,56637573;77,34432220
2022-09-13;372,62704468;77,36121368
2022-09-14;374,04895020;77,36121368
2022-09-15;369,80224609;77,38656616
2022-09-16;366,98104858;77,38656616
2022-09-19;369,82702637;77,38656616
2022-09-20;365,58193970;77,37812042
2022-09-21;359,20480347;77,39504242
2022-09-22;356,18756104;77,42887878
2022-09-23;350,21969604;77,42887878
2022-09-26;346,75506592;77,41196442
2022-09-27;345,86987305;77,43733215
2022-09-28;352,67535400;77,44580841
2022-09-29;345,30831909;77,46271515
2022-09-30;339,96853638;77,46271515
2022-10-03;348,94421387;77,44152832
2022-10-04;359,75680542;77,46693420
2022-10-05;358,91925049;77,46693420
2022-10-06;355,21670532;77,48386383
2022-10-07;345,30831909;77,48386383
2022-10-10;342,67175293;77,49232483
2022-10-11;340,50158691;77,49232483
2022-10-12;339,37847900;77,49232483
2022-10-13;348,33505249;77,51771545
2022-10-14;340,39694214;77,51771545
2022-10-17;349,14413452;77,51771545
2022-10-18;353,24639893;77,51771545
2022-10-19;350,74316406;77,51771545
2022-10-20;347,80203247;77,55162048
2022-10-21;356,25411987;77,56012726
2022-10-24;360,61349487;77,55162048
2022-10-25;366,37194824;77,55162048
2022-10-26;363,61169434;77,56858826
2022-10-27;361,66998291;77,59400177
2022-10-28;370,27438354;77,58552551
2022-10-31;367,59979248;77,58552551
2022-11-01;365,99118042;77,59233093
2022-11-02;356,80624390;77,61780548
2022-11-03;353,13220215;77,64327240
2022-11-04;358,21487427;77,66023254
2022-11-07;361,64151001;77,65177155
2022-11-08;363,59262085;77,66023254
2022-11-09;356,10180664;77,70269012
2022-11-10;375,67111206;77,71118927
2022-11-11;379,30703735;77,70269012
2022-11-14;376,08038330;77,70269012
2022-11-15;379,28796387;77,71967316
2022-11-16;376,39453125;77,72815704
2022-11-17;375,24279785;77,75363922
2022-11-18;376,94650269;77,75363922
2022-11-21;375,57592773;77,76210785
2022-11-22;380,63003540;77,77910614
2022-11-23;383,02871704;77,79608917
2022-11-24;;
2022-11-25;382,94299316;77,79608917
2022-11-28;376,83236694;77,80461121
2022-11-29;376,18515015;77,83004761
2022-11-30;388,03530884;77,83004761
2022-12-01;387,74960327;77,84708405
2022-12-02;387,30230713;77,85560608
2022-12-05;380,33508301;77,86412048
2022-12-06;374,85253906;77,88965607
2022-12-07;374,21490479;77,88965607
2022-12-08;377,14648438;77,94074249
2022-12-09;374,32910156;77,93222809
2022-12-12;379,72589111;77,94074249
2022-12-13;382,60034180;77,94074249
2022-12-14;380,15417480;77,96627045
2022-12-15;370,85501099;77,98329926
2022-12-16;366,47656250;77,98329926
2022-12-19;363,36904907;77,99270630
2022-12-20;363,86621094;78,00123596
2022-12-21;369,30691528;78,00978851
2022-12-22;364,03833008;78,06102753
2022-12-23;366,13238525;78,06102753
2022-12-27;364,68853760;78,06102753
2022-12-28;360,15621948;78,08665466
2022-12-29;366,63912964;78,12079620
2022-12-30;365,67343140;78,11225128
2023-01-03;364,13403320;78,12079620
2023-01-04;366,94515991;78,11225128
2023-01-05;362,75708008;78,13786316
2023-01-06;371,07583618;78,12933350
2023-01-09;370,86544800;78,14640045
2023-01-10;373,46633911;78,13786316
2023-01-11;378,18981934;78,13786316
2023-01-12;379,56680298;78,19765472
2023-01-13;381,03924561;78,20620728
2023-01-16;;
2023-01-17;380,34133911;78,20620728
2023-01-18;374,33645630;78,21473694
2023-01-19;371,61129761;78,24890137
2023-01-20;378,53411865;78,25744629
2023-01-23;383,07595825;78,25744629
2023-01-24;382,66476440;78,26598358
2023-01-25;382,80825806;78,27452087
2023-01-26;387,01544189;78,31722260
2023-01-27;387,90466309;78,32576752
2023-01-30;383,03778076;78,32576752
2023-01-31;388,66961670;78,33428192
2023-02-01;392,80035400;78,33943939
2023-02-02;398,51837158;78,37374115
2023-02-03;394,28240967;78,39086151
2023-02-06;391,87280273;78,39941406
2023-02-07;396,99798584;78,40799713
2023-02-08;392,65695190;78,40799713
2023-02-09;389,25286865;78,43372345
2023-02-10;390,16131592;78,44228363
2023-02-13;394,74139404;78,45941925
2023-02-14;394,55978394;78,45941925
2023-02-15;395,84106445;78,47657013
2023-02-16;390,39080811;78,51942444
2023-02-17;389,41549683;78,52800751
2023-02-20;;
2023-02-21;381,60342407;78,52800751
2023-02-22;381,07757568;78,55371857
2023-02-23;383,10464478;78,57941437
2023-02-24;379,01217651;78,58800507
2023-02-27;380,30303955;78,59655762
2023-02-28;378,89746094;78,60514069
2023-03-01;377,44403076;78,60942841
2023-03-02;380,37951660;78,63523102
2023-03-03;386,48001099;78,65241241
2023-03-06;386,74774170;78,66101074
2023-03-07;380,81936646;78,66101074
2023-03-08;381,44088745;78,67816925
2023-03-09;374,40341187;78,69538116
2023-03-10;369,00094604;78,71259308
2023-03-13;368,47500610;78,72978210
2023-03-14;374,56591797;78,73834991
2023-03-15;372,22326660;78,78131866
2023-03-16;378,75396729;78,81569672
2023-03-17;374,32534790;78,83287048
2023-03-20;377,92465210;78,84149933
2023-03-21;382,88708496;78,84149933
2023-03-22;376,36019897;78,85868073
2023-03-23;377,37759399;78,89306641
2023-03-24;379,85397339;78,91024017
2023-03-27;380,56430054;78,90167236
2023-03-28;379,71002197;78,91884613
2023-03-29;385,22903442;78,91884613
2023-03-30;387,48464966;78,93603516
2023-03-31;392,94610596;78,91884613
2023-04-03;394,44345093;78,93782806
2023-04-04;392,25506592;78,94644928
2023-04-05;391,22802734;78,98961639
2023-04-06;392,75418091;78,99822998
2023-04-10;393,15728760;79,00687408
2023-04-11;393,26284790;79,01548767
2023-04-12;391,65994263;79,03278351
2023-04-13;396,86224365;79,07590485
2023-04-14;395,89279175;79,07590485
2023-04-17;397,31338501;79,09318542
2023-04-18;397,57250977;79,10179138
2023-04-19;397,50531006;79,11044312
2023-04-20;395,33605957;79,17084503
2023-04-21;395,64324951;79,16220856
2023-04-24;396,05606079;79,17084503
2023-04-25;389,76904297;79,16220856
2023-04-26;388,11813354;79,17948914
2023-04-27;395,84478760;79,20536041
2023-04-28;399,22338867;79,20536041
2023-05-01;398,82025146;79,20796204
2023-05-02;394,33789062;79,19064331
2023-05-03;391,63116455;79,19933319
2023-05-04;388,85720825;79,22528839
2023-05-05;396,05606079;79,24260712
2023-05-08;396,16152954;79,25126648
2023-05-09;394,42419434;79,25994873
2023-05-10;396,26708984;79,26859283
2023-05-11;395,57604980;79,32056427
2023-05-12;395,05773926;79,33792877
2023-05-15;396,42068481;79,34658051
2023-05-16;393,77160645;79,33792877
2023-05-17;398,55157471;79,35526276
2023-05-18;402,39086914;79,39856720
2023-05-19;401,80532837;79,39856720
2023-05-22;401,96859741;79,40720367
2023-05-23;397,45730591;79,40720367
2023-05-24;394,57778931;79,40720367
2023-05-25;397,99481201;79,45915985
2023-05-26;403,14913940;79,47652435
2023-05-30;403,30267334;79,48519897
2023-05-31;401,06634521;79,50251770
2023-06-01;404,87686157;79,54686737
2023-06-02;410,73184204;79,55559540
2023-06-05;409,94482422;79,55559540
2023-06-06;410,83740234;79,57295990
2023-06-07;409,41683960;79,58168030
2023-06-08;411,89321899;79,62514496
2023-06-09;412,63232422;79,63385773
2023-06-12;416,37564087;79,64253998
2023-06-13;419,12072754;79,65995789
2023-06-14;419,61987305;79,67735291
2023-06-15;424,82214355;79,71214294
2023-06-16;423,37515259;79,72085571
2023-06-19;;
2023-06-20;421,17855835;79,73825073
2023-06-21;419,02059937;79,73825073
2023-06-22;420,53314209;79,77303314
2023-06-23;417,35391235;79,78173828
2023-06-26;415,64868164;79,79045105
2023-06-27;420,20556641;79,80782318
2023-06-28;420,41754150;79,81653595
2023-06-29;422,07455444;79,84261322
2023-06-30;427,05532837;79,86869812
2023-07-03;427,54663086;79,88880157
2023-07-04;;
2023-07-05;426,91085815;79,89755249
2023-07-06;423,56784058;79,92372894
2023-07-07;422,49844360;79,93246460
2023-07-10;423,56784058;79,94994354
2023-07-11;426,26531982;79,95867920
2023-07-12;429,69506836;79,97616577
2023-07-13;433,10543823;80,01107025
2023-07-14;432,83572388;80,01979065
2023-07-17;434,33862305;80,02854919
2023-07-18;437,56600952;80,02854919
2023-07-19;438,53900146;80,04604340
2023-07-20;435,62960815;80,08969879
2023-07-21;435,62960815;80,08969879
2023-07-24;437,57562256;80,09843445
2023-07-25;438,77032471;80,10712433
2023-07-26;438,83773804;80,11591339
2023-07-27;435,92822266;80,15955353
2023-07-28;440,19610596;80,16830444
2023-07-31;441,03430176;80,17704010
2023-08-01;439,77215576;80,19807434
2023-08-02;433,65454102;80,20685577
2023-08-03;432,41186523;80,24193573
2023-08-04;430,45617676;80,25946045
2023-08-07;434,21340942;80,25946045
2023-08-08;432,32513428;80,27701569
2023-08-09;429,43490601;80,28577423
2023-08-10;429,58905029;80,32965851
2023-08-11;429,33856201;80,33841705
2023-08-14;431,70852661;80,34719849
2023-08-15;426,67962646;80,35595703
2023-08-16;423,54855347;80,37351990
2023-08-17;420,32119751;80,40859985
2023-08-18;420,52349854;80,41735840
2023-08-21;423,25955200;80,42613220
2023-08-22;422,11309814;80,43490601
2023-08-23;426,81451416;80,45245361
2023-08-24;420,89926147;80,47875214
2023-08-25;423,86648560;80,49631500
2023-08-28;426,55441284;80,51386261
2023-08-29;432,72009277;80,50508881
2023-08-30;434,50244141;80,52264404
2023-08-31;433,86657715;80,57527161
2023-09-01;434,67581177;80,58845520
2023-09-04;;
2023-09-05;432,79718018;80,60608673
2023-09-06;429,88772583;80,60608673
2023-09-07;428,56787109;80,65016937
2023-09-08;429,21331787;80,65895081
2023-09-11;432,03616333;80,65895081
2023-09-12;429,66610718;80,68537903
2023-09-13;430,16714478;80,69417572
2023-09-14;433,87615967;80,72064209
2023-09-15;428,64874268;80,73825073
2023-09-18;428,90008545;80,74703217
2023-09-19;428,01062012;80,75585938
2023-09-20;424,07580566;80,76464081
2023-09-21;417,06649780;80,80872345
2023-09-22;416,12866211;80,81754303
2023-09-25;417,87863159;80,82635498
2023-09-26;411,73944092;80,83515167
2023-09-27;411,90380859;80,86159515
2023-09-28;414,29180908;80,88800049
2023-09-29;413,28631592;80,89682007
2023-10-02;413,12200928;80,90922546
2023-10-03;407,59191895;80,92694092
2023-10-04;410,55993652;80,93574524
2023-10-05;410,40527344;80,98884583
2023-10-06;415,27792358;80,98884583
2023-10-09;417,93664551;80,99771881
2023-10-10;420,11187744;80,99771881
2023-10-11;421,83282471;81,01538849
2023-10-12;419,26116943;81,05078888
2023-10-13;417,17288208;81,06850433
2023-10-16;421,56210327;81,07737732
2023-10-17;421,54272461;81,08618927
2023-10-18;415,92565918;81,09502411
2023-10-19;412,27117920;81,13043976
2023-10-20;407,20513916;81,14811707
2023-10-23;406,49932861;81,15697479
2023-10-24;409,56411743;81,16582489
2023-10-25;403,68600464;81,17469788
2023-10-26;398,85208130;81,21006012
2023-10-27;397,04412842;81,23657990
2023-10-30;401,79110718;81,24545288
2023-10-31;404,31439209;81,24545288
2023-11-01;408,62634277;81,27033997
2023-11-02;416,45742798;81,29699707
2023-11-03;420,25695801;81,30590057
2023-11-06;421,22369385;81,31478119
2023-11-07;422,42254639;81,33257294
2023-11-08;422,73193359;81,34143066
2023-11-09;419,43515015;81,38591766
2023-11-10;425,98031616;81,39476776
2023-11-13;425,57431030;81,40367126
2023-11-14;433,83078003;81,41252136
2023-11-15;434,74920654;81,43032074
2023-11-16;435,28097534;81,46586609
2023-11-17;435,82238770;81,48365784
2023-11-20;439,17718506;81,48365784
2023-11-21;438,22003174;81,51030731
2023-11-22;439,91186523;81,54588318
2023-11-23;;
2023-11-24;440,18258667;81,55476379
2023-11-27;439,38986206;81,56364441
2023-11-28;439,82489014;81,58140564
2023-11-29;439,51553345;81,59033203
2023-11-30;441,24603271;81,62586212
2023-12-01;443,85644531;81,64281464
2023-12-04;441,52645874;81,64281464
2023-12-05;441,43945312;81,66068268
2023-12-06;439,66049194;81,66959381
2023-12-07;443,01535034;81,70532990
2023-12-08;444,91995239;81,72317505
2023-12-11;446,65048218;81,74105835
2023-12-12;448,69036865;81,74105835
2023-12-13;454,87789917;81,74993896
2023-12-14;456,33773804;81,78565216
2023-12-15;455,58639526;81,81247711
2023-12-18;458,14910889;81,82231903
2023-12-19;460,93505859;81,82231903
2023-12-20;454,54779053;81,84027100
2023-12-21;458,85772705;81,89406586
2023-12-22;459,77990723;81,90304565
2023-12-26;461,72137451;81,92097473
2023-12-27;462,55621338;81,92097473
2023-12-28;462,73095703;81,97481537
2023-12-29;461,39132690;81,97481537
2024-01-02;458,80920410;81,98380280
2024-01-03;455,06225586;82,01069641
2024-01-04;453,59646606;82,03760529
2024-01-05;454,21774292;82,04656982
2024-01-08;460,70211792;82,05553436
2024-01-09;460,00320435;82,06451416
2024-01-10;462,60464478;82,08245850
2024-01-11;462,40087891;82,12729645
2024-01-12;462,72122192;82,14524841
2024-01-15;;
2024-01-16;461,02243042;82,15421295
2024-01-17;458,45974731;82,17216492
2024-01-18;462,53677368;82,20803070
2024-01-19;468,30285645;82,21697998
2024-01-22;469,29296875;82,22595978
2024-01-23;470,66162109;82,23493958
2024-01-24;471,17614746;82,24391174
2024-01-25;473,73880005;82,28876495
2024-01-26;473,13702393;82,29770660
2024-01-29;476,88391113;82,30671692
2024-01-30;476,51513672;82,31567383
2024-01-31;468,73968506;82,32463837
2024-02-01;474,87457275;82,36607361
2024-02-02;479,87380981;82,38410187
2024-02-05;478,12640381;82,38410187
2024-02-06;479,51458740;82,40212250
2024-02-07;483,51400757;82,41112518
2024-02-08;483,72750854;82,44715881
2024-02-09;486,52316284;82,45618439
2024-02-12;486,30969238;82,47419739
2024-02-13;479,61166382;82,47419739
2024-02-14;483,97024536;82,49220276
2024-02-15;487,30944824;82,53727722
2024-02-16;484,88262939;82,55527496
2024-02-19;;
2024-02-20;482,21313477;82,56426239
2024-02-21;482,64999390;82,57329559
2024-02-22;492,63867188;82,61833954
2024-02-23;492,97845459;82,62734985
2024-02-26;491,17288208;82,62734985
2024-02-27;492,08538818;82,64538574
2024-02-28;491,43499756;82,65437317
2024-02-29;493,20172119;82,69040680
2024-03-01;497,83200073;82,71303558
2024-03-04;497,29809570;82,72207642
2024-03-05;492,32806396;82,72207642
2024-03-06;494,82278442;82,74016571
2024-03-07;499,73461914;82,77635956
2024-03-08;496,73513794;82,78540802
2024-03-11;496,30801392;82,79444122
2024-03-12;501,64694214;82,82156372
2024-03-13;500,86062622;82,82156372
2024-03-14;499,87048340;82,85776520
2024-03-15;496,43814087;82,87583923
2024-03-18;499,38851929;82,88485718
2024-03-19;502,16366577;82,90294647
2024-03-20;506,80834961;82,91202545
2024-03-21;508,48318481;82,93914032
2024-03-22;507,51922607;82,94818878
2024-03-25;506,11706543;82,96628571
2024-03-26;505,18225098;82,97531891
2024-03-27;509,42773438;83,02960205
2024-03-28;509,33029175;83,02960205
2024-04-01;508,44430542;83,05231476
2024-04-02;505,21142578;83,07048798
2024-04-03;505,76651001;83,07048798
2024-04-04;499,59307861;83,10681915
2024-04-05;504,81219482;83,12495422
2024-04-08;505,09466553;83,13406372
2024-04-09;505,67883301;83,14315033
2024-04-10;500,61544800;83,16131592
2024-04-11;504,39355469;83,18859100
2024-04-12;497,43130493;83,19765472
2024-04-15;491,19946289;83,21584320
2024-04-16;490,30358887;83,22492981
2024-04-17;487,40188599;83,23400879
2024-04-18;486,39892578;83,27942657
2024-04-19;482,15344238;83,28852081
2024-04-22;486,59368896;83,30665588
2024-04-23;492,36795044;83,31577301
2024-04-24;492,13421631;83,31577301
2024-04-25;490,26461792;83,36118317
2024-04-26;494,90936279;83,36118317
2024-04-29;496,66213989;83,37933350
2024-04-30;488,79437256;83,38842773
2024-05-01;487,20718384;83,40486908
2024-05-02;491,76422119;83,45046997
2024-05-03;497,85983276;83,45960999
2024-05-06;503,00100708;83,45960999
2024-05-07;503,55612183;83,46871948
2024-05-08;503,60482788;83,48696899
2024-05-09;506,50656128;83,53258514
2024-05-10;507,15890503;83,53258514
2024-05-13;507,22702026;83,55083466
2024-05-14;509,55426025;83,55994415
2024-05-15;515,86413574;83,56909180
2024-05-16;514,80279541;83,60556793
2024-05-17;515,54278564;83,61470032
2024-05-20;516,13677979;83,63294983
2024-05-21;517,40252686;83,64207458
2024-05-22;515,91278076;83,66029358
2024-05-23;512,14447021;83,71505737
2024-05-24;515,53302002;83,72417450
2024-05-28;515,89331055;83,71505737
2024-05-29;512,28070068;83,73327637
2024-05-30;508,88247681;83,75155640
2024-05-31;513,51751709;83,76980591
2024-06-03;513,93609619;83,78353882
2024-06-04;514,51062012;83,80186462
2024-06-05;520,62567139;83,81103516
2024-06-06;520,61584473;83,82019043
2024-06-07;519,98291016;83,85683441
2024-06-10;521,58966064;83,87519073
2024-06-11;522,84576416;83,88434601
2024-06-12;527,13989258;83,90265656
2024-06-13;528,20135498;83,91184235
2024-06-14;528,52264404;83,95766449
2024-06-17;532,72912598;83,96681976
2024-06-18;534,08264160;83,98513794
2024-06-19;;
2024-06-20;532,63177490;84,00347900
2024-06-21;531,91766357;84,03092957
2024-06-24;530,18859863;84,04929352
2024-06-25;532,23028564;84,04929352
2024-06-26;532,89459229;84,05844116
2024-06-27;533,73468018;84,07676697
2024-06-28;531,63433838;84,10424042
2024-07-01;532,72857666;84,13372040
2024-07-02;536,31359863;84,14292145
2024-07-03;538,70697021;84,17053986
2024-07-04;;
2024-07-05;541,81347656;84,19812775
2024-07-08;542,43865967;84,21653748
2024-07-09;542,96618652;84,21653748
2024-07-10;548,33892822;84,23497009
2024-07-11;543,61077881;84,24415588
2024-07-12;547,03961182;84,28096008
2024-07-15;548,54406738;84,29938507
2024-07-16;551,79711914;84,29938507
2024-07-17;544,06024170;84,32699585
2024-07-18;539,87915039;84,33617401
2024-07-19;536,29406738;84,36380005
2024-07-22;541,82318115;84,38221741
2024-07-23;540,97338867;84,38221741
2024-07-24;528,71356201;84,40981293
2024-07-25;525,95874023;84,40981293
2024-07-26;531,84924316;84,45581818
2024-07-29;532,16192627;84,45581818
2024-07-30;529,46575928;84,46499634
2024-07-31;538,07196045;84,48342896
2024-08-01;530,45239258;84,50376892
2024-08-02;520,57623291;84,54998016
2024-08-05;505,41513062;84,54998016
2024-08-06;510,07482910;84,56846619
2024-08-07;506,66546631;84,58695221
2024-08-08;518,37829590;84,59619141
2024-08-09;520,66406250;84,61469269
2024-08-12;520,93768311;84,64243317
2024-08-13;529,50476074;84,65165710
2024-08-14;531,17529297;84,66088867
2024-08-15;540,27978516;84,67016602
2024-08-16;541,49108887;84,71636963
2024-08-19;546,66851807;84,71636963
2024-08-20;545,77947998;84,73486328
2024-08-21;547,65515137;84,75335693
2024-08-22;543,35675049;84,75335693
2024-08-23;549,13018799;84,79030609
2024-08-26;547,82122803;84,79956055
2024-08-27;548,57348633;84,81804657
2024-08-28;545,38885498;84,82728577
2024-08-29;545,43750000;84,82728577
2024-08-30;550,64434814;84,87351990
2024-09-02;;
2024-09-03;539,31262207;84,90693665
2024-09-04;538,20880127;84,91619873
2024-09-05;536,89978027;84,92549896
2024-09-06;527,86370850;84,97192383
2024-09-09;533,77374268;84,97192383
2024-09-10;536,09869385;84,99974823
2024-09-11;541,59851074;84,99974823
2024-09-12;546,16058350;85,00905609
2024-09-13;549,01306152;85,05548096
2024-09-16;549,82385254;85,07402039
2024-09-17;550,04840088;85,08332062
2024-09-18;548,41723633;85,10189056
2024-09-19;557,77551270;85,12046814
2024-09-20;556,81134033;85,15757751
2024-09-23;558,20281982;85,16685486
2024-09-24;559,79998779;85,17614746
2024-09-25;558,56524658;85,19471741
2024-09-26;560,77978516;85,19471741
2024-09-27;559,96655273;85,22257233
2024-09-30;562,21044922;85,23184967
2024-10-01;557,17388916;85,25143433
2024-10-02;557,40905762;85,26074982
2024-10-03;556,39001465;85,27938080
2024-10-04;561,44616699;85,29803467
2024-10-07;556,37042236;85,31668854
2024-10-08;561,63226318;85,31668854
2024-10-09;565,52239990;85,32600403
2024-10-10;564,53271484;85,33531189
2024-10-11;567,91326904;85,38191986
2024-10-14;572,55792236;85,37260437
2024-10-15;568,10925293;85,40057373
2024-10-16;570,57861328;85,40057373
2024-10-17;570,62750244;85,41920471
2024-10-18;572,82250977;85,44716644
2024-10-21;571,88171387;85,46582031
2024-10-22;571,57800293;85,47511292
2024-10-23;566,35528564;85,47511292
2024-10-24;567,58013916;85,48446655
2024-10-25;567,38409424;85,52172852
2024-10-28;569,13806152;85,52172852
2024-10-29;570,05920410;85,54038239
2024-10-30;568,33465576;85,54969788
2024-10-31;557,19354248;85,56835938
2024-11-01;559,54516602;85,60483551
2024-11-04;558,33990479;85,62354279
2024-11-05;565,09124756;85,62354279
2024-11-06;579,14257812;85,64228058
2024-11-07;583,62066650;85,65162659
2024-11-08;586,14862061;85,69843292
2024-11-11;586,70727539;85,68906403
2024-11-12;584,88464355;85,69843292
2024-11-13;585,16876221;85,71713257
2024-11-14;581,40606689;85,71713257
2024-11-15;573,95910645;85,74521637
2024-11-18;576,31085205;85,75456238
2024-11-19;578,41748047;85,78263092
2024-11-20;578,61346436;85,79199982
2024-11-21;581,71960449;85,80135345
2024-11-22;583,52264404;85,82941437
2024-11-25;585,50201416;85,83877563
2024-11-26;588,55926514;85,83877563
2024-11-27;586,77581787;85,86685181
2024-11-28;;
2024-11-29;590,42089844;85,88555908
2024-12-02;591,47912598;85,90905762
2024-12-03;591,75354004;85,92784119
2024-12-04;595,42803955;85,93721771
2024-12-05;594,44812012;85,94662476
2024-12-06;595,57501221;85,98418427
2024-12-09;592,50799561;85,99357605
2024-12-10;590,66595459;86,01235962
2024-12-11;595,23211670;86,02175140
2024-12-12;592,16503906;86,04053497
2024-12-13;592,04754639;86,06871033
2024-12-16;594,57543945;86,07811737
2024-12-17;592,12585449;86,08750153
2024-12-18;574,47851562;86,08750153
2024-12-19;574,30200195;86,09976196
2024-12-20;581,19995117;86,13748169
2024-12-23;584,68041992;86,13748169
2024-12-24;591,17913818;86,15634918
2024-12-26;591,21844482;86,17520142
2024-12-27;584,99493408;86,21293640
2024-12-30;578,31933594;86,21293640
2024-12-31;576,21533203;86,23179626
2025-01-02;574,79949951;86,25067139
2025-01-03;581,98651123;86,26010132
2025-01-06;585,33911133;86,26951599
2025-01-07;578,72241211;86,28839111
2025-01-08;579,56787109;86,30724335
2025-01-09;;
2025-01-10;570,71929932;86,33555603
2025-01-13;571,60418701;86,34497833
2025-01-14;572,39074707;86,36384583
2025-01-15;582,80261230;86,37328339
2025-01-16;581,68170166;86,37328339
2025-01-17;587,52172852;86,42041779
2025-01-20;;
2025-01-21;592,89965820;86,42041779
2025-01-22;596,23254395;86,43929291
2025-01-23;599,48687744;86,43929291
2025-01-24;597,73675537;86,47702026
2025-01-27;589,28155518;86,48644257
2025-01-28;594,34484863;86,48644257
2025-01-29;591,68048096;86,49587250
2025-01-30;594,85614014;86,50531006
2025-01-31;591,69036865;86,53360748
2025-02-03;587,70849609;86,55822754
2025-02-04;591,65106201;86,55822754
2025-02-05;594,04992676;86,56768799
2025-02-06;596,11456299;86,58660889
2025-02-07;590,65802002;86,60552979
2025-02-10;594,66931152;86,61499023
2025-02-11;595,12158203;86,62446594
2025-02-12;593,20446777;86,63394928
2025-02-13;599,46722412;86,65285492
2025-02-14;599,43774414;86,68126678
2025-02-17;;
2025-02-18;601,19757080;86,70018768
2025-02-19;602,61328125;86,70965576
2025-02-20;600,10632324;86,72859955
2025-02-21;589,84204102;86,75698090
2025-02-24;587,15795898;86,76644135
2025-02-25;584,23791504;86,76644135
2025-02-26;584,53283691;86,78536987
2025-02-27;575,20263672;86,79483795
2025-02-28;584,17895508;86,81377411
2025-03-03;573,94415283;86,83181763
2025-03-04;567,15051270;86,83181763
2025-03-05;573,24603271;86,84130096
2025-03-06;563,07037354;86,85080719
2025-03-07;566,22625732;86,88879395
2025-03-10;551,14447021;86,89826965
2025-03-11;546,56298828;86,90777588
2025-03-12;549,46325684;86,91726685
2025-03-13;542,13867188;86,93625641
2025-03-14;553,33691406;86,95526123
2025-03-17;557,60394287;86,97422791
2025-03-18;551,57708740;86,97422791
2025-03-19;557,58428955;86,98372650
2025-03-20;555,97180176;87,00271606
2025-03-21;556,15527344;87,03121185
2025-03-24;566,11517334;87,03121185
2025-03-25;567,47601318;87,04070282
2025-03-26;560,70141602;87,05020142
2025-03-27;559,21228027;87,06918335
2025-03-28;547,95074463;87,09766388
2025-03-31;551,62896729;87,09766388
2025-04-01;553,18701172;87,11769867
2025-04-02;556,68780518;87,12722778
2025-04-03;529,25378418;87,13674164
2025-04-04;498,26971436;87,16532898
2025-04-07;497,38217163;87,17484283
2025-04-08;489,59179688;87,19391632
2025-04-09;541,00842285;87,19391632
2025-04-10;517,30194092;87,20343018
2025-04-11;526,53204346;87,24154663
2025-04-14;531,64019775;87,24154663
2025-04-15;530,15112305;87,26062012
2025-04-16;518,36688232;87,27012634
2025-04-17;519,10650635;87,30824280
2025-04-21;506,75036621;87,31777191
2025-04-22;519,93487549;87,31777191
2025-04-23;527,99145508;87,33683777
2025-04-24;539,10516357;87,33683777
2025-04-25;543,00036621;87,37494659
2025-04-28;543,20739746;87,38447571
2025-04-29;546,62939453;87,38447571
2025-04-30;546,84625244;87,39401245
2025-05-01;550,72161865;87,41503143
2025-05-02;558,89666748;87,44371796
2025-05-05;555,69177246;87,44371796
2025-05-06;551,04718018;87,46284485
2025-05-07;553,36456299;87,46284485
2025-05-08;557,22027588;87,48196411
2025-05-09;556,51025391;87,51064301
2025-05-12;574,90148926;87,51064301
2025-05-13;578,69812012;87,52976990
2025-05-14;579,43774414;87,52976990
2025-05-15;582,26788330;87,53931427
2025-05-16;585,95599365;87,57757568
2025-05-19;586,59692383;87,57757568
2025-05-20;584,62469482;87,59670258
2025-05-21;574,77331543;87,60625458
2025-05-22;575,00018311;87,62537384
2025-05-23;571,07531738;87,66362000
2025-05-27;582,94830322;87,66362000
2025-05-28;579,57574463;87,67317200
2025-05-29;581,86358643;87,68274689
2025-05-30;581,21276855;87,71143341
2025-06-02;584,48669434;87,72678375
2025-06-03;587,81982422;87,74595642
2025-06-04;587,66198730;87,74595642
2025-06-05;584,82196045;87,75555420
2025-06-06;590,82751465;87,78433990
2025-06-09;591,35992432;87,80350494
2025-06-10;594,71282959;87,81311798
2025-06-11;593,01666260;87,81311798
2025-06-12;595,37353516;87,82271576
2025-06-13;588,71710205;87,86109924
2025-06-16;594,31835938;87,86109924
2025-06-17;589,23980713;87,88027191
2025-06-18;589,15106201;87,89945984
2025-06-19;;
2025-06-20;587,76739502;87,91865540
2025-06-23;593,57299805;87,93784332
2025-06-24;600,13043213;87,93784332
2025-06-25;600,46667480;87,94742584
2025-06-26;605,16455078;87,95703125
2025-06-27;608,17132568;87,99539948
2025-06-30;611,07904053;88,00499725
2025-07-01;610,88134766;88,02040863
2025-07-02;613,65063477;88,03002930
2025-07-03;618,48699951;88,07815552
2025-07-04;;
2025-07-07;613,87805176;88,08778381
2025-07-08;613,54180908;88,08778381
2025-07-09;617,22100830;88,09738922
2025-07-10;618,96179199;88,11666107
2025-07-11;616,78582764;88,13590240
2025-07-14;617,96276855;88,14556122
2025-07-15;615,32208252;88,15517426
2025-07-16;617,37927246;88,17441559
2025-07-17;621,15740967;88,17441559
2025-07-18;620,70245361;88,21292114
2025-07-21;621,87939453;88,23217773
2025-07-22;621,96838379;88,24179840
2025-07-23;627,25988770;88,25142670
2025-07-24;627,46746826;88,25142670
2025-07-25;630,11816406;88,28029633
2025-07-28;629,95983887;88,28992462
2025-07-29;628,29833984;88,29955292
2025-07-30;627,50701904;88,30916595
2025-07-31;625,15313721;88,31880951
2025-08-01;614,90661621;88,35647583
2025-08-04;624,25305176;88,36613464
2025-08-05;621,08813477;88,36613464
2025-08-06;625,84545898;88,39510345
2025-08-07;625,32128906;88,39510345
2025-08-08;630,19720459;88,42409515
2025-08-11;628,95098877;88,43375397
2025-08-12;635,64691162;88,44340515
2025-08-13;637,82275391;88,45307922
2025-08-14;637,88208008;88,46274567
2025-08-15;636,38861084;88,50137329
2025-08-18;636,25012207;88,50137329
2025-08-19;632,79840088;88,52068329
2025-08-20;631,11700439;88,54001617
2025-08-21;628,58508301;88,54001617
2025-08-22;638,23809814;88,56898499
2025-08-25;635,42926025;88,57864380
2025-08-26;638,08978271;88,58830261
2025-08-27;639,54370117;88,59797668
2025-08-28;641,80859375;88,60763550
2025-08-29;637,98101807;88,64626312
2025-09-01;;
2025-09-02;633,25335693;88,66759491
2025-09-03;636,68536377;88,67729187
2025-09-04;642,00634766;88,69667053
2025-09-05;640,14691162;88,72575378
2025-09-08;641,71960449;88,73544312
2025-09-09;643,20318604;88,74514008
2025-09-10;645,06250000;88,75482941
2025-09-11;650,42315674;88,76451874
2025-09-12;650,20544434;88,79360199
2025-09-15;653,66711426;88,80329132
2025-09-16;652,76715088;88,81300354
2025-09-17;651,95611572;88,82269287
2025-09-18;655,00238037;88,83237457
2025-09-19;658,24652100;88,87115479
2025-09-22;661,36077881;88,88085175
2025-09-23;657,76062012;88,88085175
2025-09-24;655,66784668;88,90023041
2025-09-25;652,64294434;88,90023041
2025-09-26;656,38201904;88,92931366
2025-09-29;658,22668457;88,93901825
2025-09-30;660,70611572;88,93901825
2025-10-01;662,95745850;88,95944977
2025-10-02;663,72106934;88,96916199
2025-10-03;663,71124268;88,98861694
2025-10-06;666,09149170;89,00805664
2025-10-07;663,62194824;89,00805664
2025-10-08;667,57916260;89,02752686
2025-10-09;665,64520264;89,02752686
2025-10-10;647,65423584;89,06642914
2025-10-13;657,59191895;89,07615662
2025-10-14;656,78857422;89,07615662
2025-10-15;659,70440674;89,08588409
2025-10-16;655,21160889;89,09560394
2025-10-17;658,93084717;89,11507416
2025-10-20;665,78405762;89,13450623
2025-10-21;665,77410889;89,13450623
2025-10-22;662,31280518;89,15396881
2025-10-23;666,24029541;89,16370392
2025-10-24;671,68518066;89,19287109
2025-10-27;679,60949707;89,19287109
2025-10-28;681,41455078;89,20259857
2025-10-29;681,74188232;89,23177338
2025-10-30;674,24401855;89,23177338
2025-10-31;676,45556641;89,25122833
2025-11-03;677,72515869;89,26392365
2025-11-04;669,69171143;89,27368164
2025-11-05;672,01245117;89,28343964
2025-11-06;664,80218506;89,29319763
2025-11-07;665,45672607;89,32247162
2025-11-10;675,84069824;89,34199524
2025-11-11;677,38787842;89,33223724
2025-11-12;677,76483154;89,34199524
2025-11-13;666,51800537;89,35175323
2025-11-14;666,40887451;89,39078522
2025-11-17;660,20031738;89,39078522
2025-11-18;654,65625000;89,41030884
2025-11-19;657,18530273;89,41030884
2025-11-20;647,16833496;89,42981720
2025-11-21;653,61492920;89,44933319
2025-11-24;663,23510742;89,44933319
2025-11-25;669,47351074;89,46886444
2025-11-26;674,09521484;89,47861481
2025-11-27;;
2025-11-28;677,77471924;89,50789642
2025-12-01;674,68029785;89,51865387
2025-12-02;675,93005371;89,54804230
2025-12-03;678,27062988;89,55781555
2025-12-04;678,76647949;89,56760406
2025-12-05;680,05578613;89,58718872
2025-12-08;678,01275635;89,59696960
2025-12-09;677,42755127;89,61655426
2025-12-10;681,92041016;89,61655426
2025-12-11;683,50720215;89,62633514
2025-12-12;676,15814209;89,66549683
2025-12-15;675,13653564;89,66549683
2025-12-16;673,29187012;89,67528534
2025-12-17;665,88323975;89,68508148
2025-12-18;670,91149902;89,69981384
2025-12-19;676,99230957;89,72930145
2025-12-22;681,20989990;89,72930145
2025-12-23;684,32330322;89,72930145
2025-12-24;686,73052979;89,75878906
2025-12-26;686,66088867;89,78826904
2025-12-29;684,21386719;89,78826904
2025-12-30;683,37835693;89,79808807
2025-12-31;678,31524658;89,80792236
2026-01-02;679,55859375;89,84723663
2026-01-05;684,08453369;89,84723663
2026-01-06;688,15295410;89,85706329
2026-01-07;685,93475342;89,87671661
2026-01-08;685,86511230;89,87671661
2026-01-09;690,40100098;89,89637756
2026-01-12;691,48522949;89,90621185
2026-01-13;690,10260010;89,91603088
2026-01-14;686,71063232;89,92585754
2026-01-15;688,58068848;89,92585754
2026-01-16;688,00372314;89,96517944
2026-01-19;;
2026-01-20;673,99816895;89,96517944
2026-01-21;681,77685547;89,97499847
2026-01-22;685,33795166;89,98481750
2026-01-23;685,58654785;90,01431274
2026-01-26;689,06805420;90,01431274
2026-01-27;691,81347656;90,02413177
2026-01-28;691,74383545;90,03397369
2026-01-29;690,37115479;90,05361938
2026-01-30;688,31207275;90,07328796
2026-02-02;691,73394775;90,08708191
2026-02-03;685,88500977;90,08708191
2026-02-04;682,56268311;90,10680389
2026-02-05;674,03796387;90,10680389
2026-02-06;686,96923828;90,13636780
2026-02-09;690,28167725;90,13636780
2026-02-10;688,46130371;90,14622498
2026-02-11;688,30218506;90,16593933
2026-02-12;677,66870117;90,16593933
2026-02-13;678,14611816;90,20536041
2026-02-16;;
2026-02-17;679,24029541;90,21522522
2026-02-18;682,66210938;90,22508240
2026-02-19;680,86163330;90,22508240
2026-02-20;685,78558350;90,25464630
2026-02-23;678,78277588;90,25464630
2026-02-24;683,71649170;90,27436829
2026-02-25;689,48590088;90,28423309
2026-02-26;685,65618896;90,29408264
2026-02-27;682,36370850;90,31380463
2026-03-02;682,75170898;90,32665253
2026-03-03;676,73370361;90,33654022
2026-03-04;681,50823975;90,34642029
2026-03-05;677,70849609;90,35630035
2026-03-06;668,82568359;90,37606812
2026-03-09;674,68457031;90,38594818
2026-03-10;673,60028076;90,39584351
2026-03-11;672,75482178;90,39584351
2026-03-12;662,53906250;90,41560364
2026-03-13;658,78900146;90,44526672
2026-03-16;665,49340820;90,44526672
2026-03-17;667,24401855;90,45513916
2026-03-18;657,93353271;90,47490692
2026-03-19;656,31219482;90,47490692
2026-03-20;646,90344238;90,50456238
2026-03-23;653,69592285;90,51445007
2026-03-24;651,50158691;90,52432251
2026-03-25;655,13220215;90,51445007
2026-03-26;643,43237305;90,53420258
2026-03-27;632,46063232;90,56385803
2026-03-30;630,34606934;90,57373810
2026-03-31;648,66888428;90,57373810
2026-04-01;653,55627441;90,59753418
2026-04-02;654,14477539;90,61734772
2026-04-06;657,23681641;90,63718414
2026-04-07;657,52600098;90,64709473
2026-04-08;674,27294922;90,64709473
2026-04-09;678,16284180;90,65700531
2026-04-10;677,71405029;90,68672943
2026-04-13;684,33697510;90,68672943
2026-04-14;692,67553711;90,69666290
2026-04-15;698,14141846;90,70657349
2026-04-16;699,85699463;90,71647644
2026-04-17;708,31524658;90,74620819
2026-04-20;706,89880371;90,75612640
2026-04-21;702,27081299;90,76604462
2026-04-22;709,38250732;90,76604462
2026-04-23;706,62957764;90,78585815
2026-04-24;712,10546875;90,80568695
2026-04-27;713,33227539;90,81560516
2026-04-28;709,86120605;90,82550812
2026-04-29;709,75152588;90,82550812
2026-04-30;716,81329346;90,83541870
2026-05-01;718,79821777;90,86525726
2026-05-04;716,16497803;90,88513184
2026-05-05;721,91021729;90,89507294
2026-05-06;731,94433594;90,88513184
2026-05-07;729,70013428;90,90501404
2026-05-08;735,72460938;90,92490387
2026-05-11;737,40026855;90,94478607
2026-05-12;736,28314209;90,95471954
2026-05-13;740,40252686;90,95471954
2026-05-14;746,24749756;90,97460175
2026-05-15;737,27062988;90,99449158
2026-05-18;736,75195312;90,99449158
2026-05-19;731,84460449;91,01437378
2026-05-20;739,34527588;91,03424835
2026-05-21;740,81146240;91,03424835
2026-05-22;743,72399902;91,05413818
2026-05-26;748,66131592;91,07402039
2026-05-27;748,53161621;91,08396149
2026-05-28;752,66094971;91,09389496
2026-05-29;754,53613281;91,12373352
2026-06-01;756,59082031;91,13270569
2026-06-02;757,61822510;91,12272644
2026-06-03;752,30187988;91,14267731
2026-06-04;755,14459229;91,14267731
2026-06-05;735,65478516;91,18254852
2026-06-08;737,32043457;91,19252777
2026-06-09;735,15606689;91,19252777
2026-06-10;723,56591797;91,20249939
2026-06-11;735,86425781;91,21247101
2026-06-12;739,84399414;91,24237823
2026-06-15;752,89038086;91,24237823
2026-06-16;748,40197754;91,25234985
2026-06-17;739,05603027;91,26232147
2026-06-18;746,73999023;91,30220032
2026-06-19;;
2026-06-22;744,39001465;91,30220032
2026-06-23;733,58001709;91,31217957
2026-06-24;733,23999023;91,32214355
2026-06-25;734,29998779;91,33211517
2026-06-26;728,98999023;91,36202240
2026-06-29;741,00000000;91,37200165
2026-06-30;746,77001953;91,37200165
