row_order,record_kind,configuration,comparison_id,window,metric_semantics,ann_vol,cagr,calmar,cash_benchmark_id,currency_basis,downside_rms,end,maxdd,n_obs,periods_per_year,portfolio_id,return_basis,row_kind,schema,sharpe,sortino,source,ssr_L_hac,ssr_alpha,ssr_block_len,ssr_mean_rolling_sr,ssr_n_boot,ssr_n_obs,ssr_n_rolling,ssr_p_value,ssr_p_value_lower,ssr_periods_per_year,ssr_seed,ssr_sigma_hac,ssr_sr_full,ssr_sr_star,ssr_ssr,ssr_window,start,total_return,window_label,endpoint_total_return_difference
0,reader,factor_pit_ext2026,,full,portfolio_return_metrics,0.09282325,0.12818150,1.12388089,BIL@provisional_market_total_return_fx_2026-06-30_v1,legacy_mixed_local_quotes,0.00400495,2026-06-30,-0.11405257,1845,252,factor_pit_ext2026,factor_guard_ablation_equity,performance_only,portfolio_metrics.reader.v2,1.09081282,1.57343952,scripts/build_factor_guard_ablation.py:factor_pit_ext2026:full,137,0.05000000,1,1.01673617,1000,1845,1594,0.00199800,0.99900100,252,0,7.62961862,1.09081282,0.00000000,0.13326173,252,2019-01-03,1.46807482,2019-01-03..2026-06-30,
1,reader,factor_pit_ext2026,,pre_cutoff,portfolio_return_metrics,0.08100786,0.10088922,0.88458522,BIL@provisional_market_total_return_fx_2026-06-30_v1,legacy_mixed_local_quotes,0.00344947,2024-05-31,-0.11405257,1334,252,factor_pit_ext2026,factor_guard_ablation_equity,performance_only,portfolio_metrics.reader.v2,1.00370600,1.46894876,scripts/build_factor_guard_ablation.py:factor_pit_ext2026:pre_cutoff,120,0.05000000,1,0.80009377,1000,1334,1083,0.01098901,0.99000999,252,0,7.36057798,1.00370600,0.00000000,0.10869986,252,2019-01-03,0.68202594,2019-01-03..2024-05-31,
2,reader,factor_pit_ext2026,,post_cutoff,portfolio_return_metrics,0.11821843,0.20234999,2.03313784,BIL@provisional_market_total_return_fx_2026-06-30_v1,legacy_mixed_local_quotes,0.00518165,2026-06-30,-0.09952596,511,252,factor_pit_ext2026,factor_guard_ablation_equity,performance_only,portfolio_metrics.reader.v2,1.29642541,1.83865298,scripts/build_factor_guard_ablation.py:factor_pit_ext2026:post_cutoff,50,0.05000000,1,1.41625704,1000,511,260,0.05194805,0.94905095,252,0,1.26929666,1.29642541,0.00000000,1.11578095,252,2024-06-03,0.46732269,2024-06-03..2026-06-30,
3,reader,factor_pit_unguarded_diagnostic_ext2026,,full,portfolio_return_metrics,0.09160815,0.12740606,1.09058827,BIL@provisional_market_total_return_fx_2026-06-30_v1,legacy_mixed_local_quotes,0.00395601,2026-06-30,-0.11682325,1845,252,factor_pit_unguarded_diagnostic_ext2026,factor_guard_ablation_equity,performance_only,portfolio_metrics.reader.v2,1.09630467,1.57984973,scripts/build_factor_guard_ablation.py:factor_pit_unguarded_diagnostic_ext2026:full,137,0.05000000,1,0.99949627,1000,1845,1594,0.00199800,0.99900100,252,0,7.72319615,1.09630467,0.00000000,0.12941485,252,2019-01-03,1.45539580,2019-01-03..2026-06-30,
4,reader,factor_pit_unguarded_diagnostic_ext2026,,pre_cutoff,portfolio_return_metrics,0.08083052,0.09828304,0.84129698,BIL@provisional_market_total_return_fx_2026-06-30_v1,legacy_mixed_local_quotes,0.00344447,2024-05-31,-0.11682325,1334,252,factor_pit_unguarded_diagnostic_ext2026,factor_guard_ablation_equity,performance_only,portfolio_metrics.reader.v2,0.97573925,1.42702301,scripts/build_factor_guard_ablation.py:factor_pit_unguarded_diagnostic_ext2026:pre_cutoff,120,0.05000000,1,0.77482605,1000,1334,1083,0.01198801,0.98901099,252,0,7.39246961,0.97573925,0.00000000,0.10481288,252,2019-01-03,0.66059594,2019-01-03..2024-05-31,
5,reader,factor_pit_unguarded_diagnostic_ext2026,,post_cutoff,portfolio_return_metrics,0.11505233,0.20679136,2.07770328,BIL@provisional_market_total_return_fx_2026-06-30_v1,legacy_mixed_local_quotes,0.00505299,2026-06-30,-0.09952882,511,252,factor_pit_unguarded_diagnostic_ext2026,factor_guard_ablation_equity,performance_only,portfolio_metrics.reader.v2,1.36154153,1.92668162,scripts/build_factor_guard_ablation.py:factor_pit_unguarded_diagnostic_ext2026:post_cutoff,57,0.05000000,1,1.43552492,1000,511,260,0.04495504,0.95604396,252,0,1.56948974,1.36154153,0.00000000,0.91464435,252,2024-06-03,0.47862327,2024-06-03..2026-06-30,
6,reader,factor_nonpit_diagnostic_ext2026,,full,portfolio_return_metrics,0.09754772,0.15365372,1.24172361,BIL@provisional_market_total_return_fx_2026-06-30_v1,legacy_mixed_local_quotes,0.00425777,2026-06-30,-0.12374228,1845,252,factor_nonpit_diagnostic_ext2026,factor_guard_ablation_equity,performance_only,portfolio_metrics.reader.v2,1.27656674,1.82226627,scripts/build_factor_guard_ablation.py:factor_nonpit_diagnostic_ext2026:full,137,0.05000000,1,1.26431161,1000,1845,1594,0.00199800,0.99900100,252,0,8.41494566,1.27656674,0.00000000,0.15024596,252,2019-01-03,1.91737615,2019-01-03..2026-06-30,
7,reader,factor_nonpit_diagnostic_ext2026,,pre_cutoff,portfolio_return_metrics,0.08145626,0.11927485,1.07841788,BIL@provisional_market_total_return_fx_2026-06-30_v1,legacy_mixed_local_quotes,0.00349902,2024-05-31,-0.11060170,1334,252,factor_nonpit_diagnostic_ext2026,factor_guard_ablation_equity,performance_only,portfolio_metrics.reader.v2,1.20674033,1.75145160,scripts/build_factor_guard_ablation.py:factor_nonpit_diagnostic_ext2026:pre_cutoff,120,0.05000000,1,1.01040425,1000,1334,1083,0.00499500,0.99600400,252,0,8.01916683,1.20674033,0.00000000,0.12599866,252,2019-01-03,0.83970192,2019-01-03..2024-05-31,
8,reader,factor_nonpit_diagnostic_ext2026,,post_cutoff,portfolio_return_metrics,0.13047292,0.24806197,2.00466617,BIL@provisional_market_total_return_fx_2026-06-30_v1,legacy_mixed_local_quotes,0.00578731,2026-06-30,-0.12374228,511,252,factor_nonpit_diagnostic_ext2026,factor_guard_ablation_equity,performance_only,portfolio_metrics.reader.v2,1.47887284,2.07700842,scripts/build_factor_guard_ablation.py:factor_nonpit_diagnostic_ext2026:post_cutoff,44,0.05000000,1,1.77723396,1000,511,260,0.03196803,0.96903097,252,0,1.13442119,1.47887284,0.00000000,1.56664384,252,2024-06-03,0.58578742,2024-06-03..2026-06-30,
9,reader,factor_nonpit_unguarded_diagnostic_ext2026,,full,portfolio_return_metrics,0.09624073,0.15876739,1.27753908,BIL@provisional_market_total_return_fx_2026-06-30_v1,legacy_mixed_local_quotes,0.00418939,2026-06-30,-0.12427596,1845,252,factor_nonpit_unguarded_diagnostic_ext2026,factor_guard_ablation_equity,performance_only,portfolio_metrics.reader.v2,1.33961825,1.91711140,scripts/build_factor_guard_ablation.py:factor_nonpit_unguarded_diagnostic_ext2026:full,137,0.05000000,1,1.26792077,1000,1845,1594,0.00099900,1.00000000,252,0,8.20011293,1.33961825,0.00000000,0.15462235,252,2019-01-03,2.01564800,2019-01-03..2026-06-30,
10,reader,factor_nonpit_unguarded_diagnostic_ext2026,,pre_cutoff,portfolio_return_metrics,0.08038750,0.11634060,1.05188807,BIL@provisional_market_total_return_fx_2026-06-30_v1,legacy_mixed_local_quotes,0.00346810,2024-05-31,-0.11060169,1334,252,factor_nonpit_unguarded_diagnostic_ext2026,factor_guard_ablation_equity,performance_only,portfolio_metrics.reader.v2,1.18809680,1.71697973,scripts/build_factor_guard_ablation.py:factor_nonpit_unguarded_diagnostic_ext2026:pre_cutoff,120,0.05000000,1,1.00206178,1000,1334,1083,0.00399600,0.99700300,252,0,7.64900324,1.18809680,0.00000000,0.13100554,252,2019-01-03,0.81376044,2019-01-03..2024-05-31,
11,reader,factor_nonpit_unguarded_diagnostic_ext2026,,post_cutoff,portfolio_return_metrics,0.12860826,0.27677710,2.22711704,BIL@provisional_market_total_return_fx_2026-06-30_v1,legacy_mixed_local_quotes,0.00565418,2026-06-30,-0.12427596,511,252,factor_nonpit_unguarded_diagnostic_ext2026,factor_guard_ablation_equity,performance_only,portfolio_metrics.reader.v2,1.68000402,2.37983697,scripts/build_factor_guard_ablation.py:factor_nonpit_unguarded_diagnostic_ext2026:post_cutoff,52,0.05000000,1,1.83797252,1000,511,260,0.01498501,0.98601399,252,0,1.34616636,1.68000402,0.00000000,1.36533832,252,2024-06-03,0.66264956,2024-06-03..2026-06-30,
12,differential,,pit_unguarded_minus_guarded,full,daily_comparison_minus_reference_return_metrics; endpoint_total_return_difference_is_descriptive_endpoint_gap,0.00852735,-0.00083206,-0.03211230,not_applicable_direct_daily_spread,legacy_mixed_local_quotes,0.00040628,2026-06-30,-0.02591082,1845,252,pit_unguarded_minus_guarded_ext2026,daily_comparison_minus_reference_return,,portfolio_metrics.differential.v2,-0.09560638,-0.12640745,scripts/build_factor_guard_ablation.py:pit_unguarded_minus_guarded:full,137,0.05000000,26,-0.42642519,1000,1845,1594,0.59540460,0.40559441,252,0,6.57154847,-0.09560638,0.00000000,-0.06488961,252,2019-01-03,-0.00621593,2019-01-03..2026-06-30,-0.01267902
13,differential,,pit_unguarded_minus_guarded,pre_cutoff,daily_comparison_minus_reference_return_metrics; endpoint_total_return_difference_is_descriptive_endpoint_gap,0.00519973,-0.00239550,-0.11483891,not_applicable_direct_daily_spread,legacy_mixed_local_quotes,0.00023424,2024-05-31,-0.02085969,1334,252,pit_unguarded_minus_guarded_ext2026,daily_comparison_minus_reference_return,,portfolio_metrics.differential.v2,-0.46878814,-0.65554703,scripts/build_factor_guard_ablation.py:pit_unguarded_minus_guarded:pre_cutoff,120,0.05000000,30,-0.47048462,1000,1334,1083,0.93706294,0.06393606,252,0,7.29027110,-0.46878814,0.00000000,-0.06453596,252,2019-01-03,-0.01289140,2019-01-03..2024-05-31,-0.02143000
14,differential,,pit_unguarded_minus_guarded,post_cutoff,daily_comparison_minus_reference_return_metrics; endpoint_total_return_difference_is_descriptive_endpoint_gap,0.01386184,0.00324439,0.20022512,not_applicable_direct_daily_spread,legacy_mixed_local_quotes,0.00067286,2026-06-30,-0.01620369,511,252,pit_unguarded_minus_guarded_ext2026,daily_comparison_minus_reference_return,,portfolio_metrics.differential.v2,0.24671022,0.32016950,scripts/build_factor_guard_ablation.py:pit_unguarded_minus_guarded:post_cutoff,65,0.05000000,7,-0.15624967,1000,511,260,0.33366633,0.66733267,252,0,3.56041602,0.24671022,0.00000000,-0.04388523,252,2024-06-03,0.00676265,2024-06-03..2026-06-30,0.01130059
15,differential,,nonpit_unguarded_minus_guarded,full,daily_comparison_minus_reference_return_metrics; endpoint_total_return_difference_is_descriptive_endpoint_gap,0.01369527,0.00421901,0.09924766,not_applicable_direct_daily_spread,legacy_mixed_local_quotes,0.00057903,2026-06-30,-0.04250996,1845,252,nonpit_unguarded_minus_guarded_ext2026,daily_comparison_minus_reference_return,,portfolio_metrics.differential.v2,0.32137006,0.47881861,scripts/build_factor_guard_ablation.py:nonpit_unguarded_minus_guarded:full,137,0.05000000,1,-0.12221868,1000,1845,1594,0.19880120,0.80219780,252,0,10.42576972,0.32137006,0.00000000,-0.01172275,252,2019-01-03,0.03203970,2019-01-03..2026-06-30,0.09827185
16,differential,,nonpit_unguarded_minus_guarded,pre_cutoff,daily_comparison_minus_reference_return_metrics; endpoint_total_return_difference_is_descriptive_endpoint_gap,0.01063140,-0.00276195,-0.06812087,not_applicable_direct_daily_spread,legacy_mixed_local_quotes,0.00048375,2024-05-31,-0.04054480,1334,252,nonpit_unguarded_minus_guarded_ext2026,daily_comparison_minus_reference_return,,portfolio_metrics.differential.v2,-0.26055510,-0.36071559,scripts/build_factor_guard_ablation.py:nonpit_unguarded_minus_guarded:pre_cutoff,120,0.05000000,1,-0.00255425,1000,1334,1083,0.72427572,0.27672328,252,0,11.01679734,-0.26055510,0.00000000,-0.00023185,252,2019-01-03,-0.01485140,2019-01-03..2024-05-31,-0.02594148
17,differential,,nonpit_unguarded_minus_guarded,post_cutoff,daily_comparison_minus_reference_return_metrics; endpoint_total_return_difference_is_descriptive_endpoint_gap,0.01951440,0.02259907,0.94866457,not_applicable_direct_daily_spread,legacy_mixed_local_quotes,0.00077436,2026-06-30,-0.02382198,511,252,nonpit_unguarded_minus_guarded_ext2026,daily_comparison_minus_reference_return,,portfolio_metrics.differential.v2,1.18489155,1.88100374,scripts/build_factor_guard_ablation.py:nonpit_unguarded_minus_guarded:post_cutoff,65,0.05000000,1,-0.01595079,1000,511,260,0.06093906,0.94005994,252,0,4.80046192,1.18489155,0.00000000,-0.00332276,252,2024-06-03,0.04759800,2024-06-03..2026-06-30,0.07686215
18,differential,,nonpit_unguarded_minus_pit_guarded_combined_stress,full,daily_comparison_minus_reference_return_metrics; endpoint_total_return_difference_is_descriptive_endpoint_gap,0.03578214,0.02681393,0.50948619,not_applicable_direct_daily_spread,legacy_mixed_local_quotes,0.00155786,2026-06-30,-0.05262936,1845,252,nonpit_unguarded_minus_pit_guarded_combined_stress_ext2026,daily_comparison_minus_reference_return,,portfolio_metrics.differential.v2,0.77454077,1.12068430,scripts/build_factor_guard_ablation.py:nonpit_unguarded_minus_pit_guarded_combined_stress:full,137,0.05000000,1,0.64824975,1000,1845,1594,0.02397602,0.97702298,252,0,4.14298203,0.77454077,0.00000000,0.15646936,252,2019-01-03,0.21921968,2019-01-03..2026-06-30,0.54757318
19,differential,,nonpit_unguarded_minus_pit_guarded_combined_stress,pre_cutoff,daily_comparison_minus_reference_return_metrics; endpoint_total_return_difference_is_descriptive_endpoint_gap,0.02722804,0.01362685,0.35839669,not_applicable_direct_daily_spread,legacy_mixed_local_quotes,0.00115853,2024-05-31,-0.03802168,1334,252,nonpit_unguarded_minus_pit_guarded_combined_stress_ext2026,daily_comparison_minus_reference_return,,portfolio_metrics.differential.v2,0.52163235,0.77227782,scripts/build_factor_guard_ablation.py:nonpit_unguarded_minus_pit_guarded_combined_stress:pre_cutoff,120,0.05000000,1,0.58262632,1000,1334,1083,0.12987013,0.87112887,252,0,4.51584513,0.52163235,0.00000000,0.12901822,252,2019-01-03,0.07597085,2019-01-03..2024-05-31,0.13173450
20,differential,,nonpit_unguarded_minus_pit_guarded_combined_stress,post_cutoff,daily_comparison_minus_reference_return_metrics; endpoint_total_return_difference_is_descriptive_endpoint_gap,0.05181522,0.06190885,1.17631773,not_applicable_direct_daily_spread,legacy_mixed_local_quotes,0.00229318,2026-06-30,-0.05262936,511,252,nonpit_unguarded_minus_pit_guarded_combined_stress_ext2026,daily_comparison_minus_reference_return,,portfolio_metrics.differential.v2,1.21562626,1.73029386,scripts/build_factor_guard_ablation.py:nonpit_unguarded_minus_pit_guarded_combined_stress:post_cutoff,42,0.05000000,1,0.86854217,1000,511,260,0.06493506,0.93606394,252,0,0.98910326,1.21562626,0.00000000,0.87811071,252,2024-06-03,0.13313450,2024-06-03..2026-06-30,0.19532688
