date;cpi_yoy;t10y2y;hy_oas;cpi_yoy_z;t10y2y_z;hy_oas_z
2015-12-31;0,63872475;1,21000000;6,95000000;-0,96642560;-1,40586328;1,52791103
2016-01-31;1,23750250;1,18000000;7,77000000;-0,40513047;-1,44099527;2,14531644
2016-02-29;0,84727758;0,96000000;7,75000000;-0,74327370;-1,86510586;2,01414435
2016-03-31;0,89161610;1,05000000;7,05000000;-0,67791169;-1,62191167;1,37001615
2016-04-30;1,17262575;1,06000000;6,21000000;-0,39492946;-1,56439518;0,64834341
2016-05-31;1,07847646;0,97000000;5,97000000;-0,45728847;-1,71737362;0,43570889
2016-06-30;1,07928653;0,91000000;6,21000000;-0,43023724;-1,81677321;0,62247584
2016-07-31;0,86836334;0,79000000;5,69000000;-0,61466196;-2,01286048;0,18942484
2016-08-31;1,05531586;0,78000000;5,10000000;-0,39600530;-1,93439335;-0,27501245
2016-09-30;1,54864462;0,83000000;4,97000000;0,18474843;-1,74399370;-0,35629536
2016-10-31;1,68592497;0,98000000;4,91000000;0,39632768;-1,36619293;-0,38511540
2016-11-30;1,68433347;1,26000000;4,67000000;0,45454728;-0,74307622;-0,58101246
2016-12-31;2,05079891;1,25000000;4,22000000;0,97541079;-0,74697359;-0,98373440
2017-01-31;2,51039335;1,26000000;4,00000000;1,62613746;-0,71017337;-1,16048018
2017-02-28;2,81036168;1,14000000;3,74000000;2,04009214;-0,93842650;-1,36321061
2017-03-31;2,44119624;1,13000000;3,92000000;1,55296778;-0,92900063;-1,14899132
2017-04-30;2,17622347;1,01000000;3,81000000;1,19875062;-1,14441814;-1,21185739
2017-05-31;1,85634317;0,93000000;3,74000000;0,75908542;-1,28106587;-1,24627895
2017-06-30;1,64056581;0,93000000;3,77000000;0,46618586;-1,25194739;-1,17917133
2017-07-31;1,72510735;0,96000000;3,61000000;0,57264281;-1,16945387;-1,28994338
2017-08-31;1,92812156;0,79000000;3,85000000;0,83923994;-1,46549756;-1,02187711
2017-09-30;2,18056523;0,86000000;3,56000000;1,16872004;-1,29088805;-1,25836513
2017-10-31;2,02075775;0,78000000;3,51000000;0,96013938;-1,40166669;-1,26089565
2017-11-30;2,17249386;0,64000000;3,61000000;1,14727834;-1,60961041;-1,12635176
2017-12-31;2,12993072;0,51000000;3,63000000;1,07455851;-1,77077378;-1,07198644
2018-01-31;2,15131887;0,58000000;3,29000000;1,08368182;-1,57654991;-1,34540656
2018-02-28;2,26346893;0,62000000;3,47000000;1,21891764;-1,44932371;-1,14233873
2018-03-31;2,33094976;0,47000000;3,72000000;1,27210086;-1,64010138;-0,88930372
2018-04-30;2,47099630;0,46000000;3,46000000;1,40090586;-1,59226513;-1,09848145
2018-05-31;2,78192161;0,43000000;3,63000000;1,72083679;-1,57554184;-0,92326060
2018-06-30;2,80755069;0,33000000;3,71000000;1,68929752;-1,67190869;-0,82599759
2018-07-31;2,85412479;0,29000000;3,46000000;1,68797152;-1,67505896;-1,02133213
2018-08-31;2,64292386;0,24000000;3,49000000;1,39292280;-1,69933341;-0,96828061
2018-09-30;2,33205511;0,24000000;3,28000000;1,00036944;-1,64395345;-1,11810508
2018-10-31;2,49203247;0,28000000;3,81000000;1,14531910;-1,52998518;-0,64764313
2018-11-30;2,14732858;0,21000000;4,29000000;0,73029241;-1,60502743;-0,23244082
2018-12-31;2,00238090;0,21000000;5,33000000;0,55415989;-1,58715468;0,64765574
2019-01-31;1,48758936;0,18000000;4,37000000;-0,03021485;-1,59932940;-0,18449514
2019-02-28;1,51886154;0,21000000;3,92000000;-0,00219275;-1,51619788;-0,57582790
2019-03-31;1,88318635;0,14000000;4,05000000;0,40735864;-1,60580403;-0,46845828
2019-04-30;2,00058347;0,24000000;3,73000000;0,54134103;-1,40160296;-0,74660398
2019-05-31;1,79591056;0,19000000;4,59000000;0,31657087;-1,46124673;-0,01352818
2019-06-30;1,67119489;0,25000000;4,07000000;0,18199305;-1,32110109;-0,47793871
2019-07-31;1,82633134;0,13000000;3,93000000;0,36308874;-1,51990579;-0,59867516
2019-08-31;1,73764121;0,00000000;4,13000000;0,26084925;-1,72179937;-0,42854264
2019-09-30;1,68449770;0,05000000;4,02000000;0,19986001;-1,58824128;-0,51862942
2019-10-31;1,73397370;0,17000000;4,15000000;0,25413906;-1,31977011;-0,40208469
2019-11-30;2,09229039;0,17000000;4,02000000;0,64689240;-1,28647506;-0,50544679
2019-12-31;2,31952747;0,34000000;3,60000000;0,87680668;-0,90533675;-0,84764132
2020-01-31;2,59976798;0,18000000;4,03000000;1,17338188;-1,19802547;-0,45610526
2020-02-29;2,34131668;0,27000000;5,06000000;0,84611810;-0,97829809;0,43219149
2020-03-31;1,49403996;0,47000000;8,77000000;-0,21747233;-0,53468045;3,25834982
2020-04-30;0,31304729;0,44000000;7,63000000;-1,73809160;-0,57293306;2,22060803
2020-05-31;0,19820130;0,49000000;6,54000000;-1,90160882;-0,43883389;1,35373628
2020-06-30;0,71665628;0,50000000;6,44000000;-1,27027504;-0,38904973;1,24538757
2020-07-31;0,99686476;0,44000000;5,16000000;-0,94310441;-0,50285879;0,31234484
2020-08-31;1,28106985;0,58000000;5,02000000;-0,60301568;-0,13551637;0,21904688
2020-09-30;1,39102289;0,56000000;5,41000000;-0,50656062;-0,15475020;0,52804694
2020-10-31;1,23038634;0,74000000;5,32000000;-0,80162130;0,34923096;0,47051338
2020-11-30;1,17574521;0,68000000;4,33000000;-0,92959420;0,22140791;-0,24877642
2020-12-31;1,32041913;0,80000000;3,86000000;-0,73784046;0,58135223;-0,58040367
2021-01-31;1,37384371;1,00000000;3,84000000;-0,65781323;1,16361158;-0,57427030
2021-02-28;1,66981678;1,30000000;3,57000000;-0,20869573;1,94967055;-0,78277997
2021-03-31;2,66781878;1,58000000;3,36000000;1,38016819;2,57591131;-0,94665584
2021-04-30;4,13307712;1,49000000;3,28000000;3,35818608;2,24470475;-0,98927689
2021-05-31;4,91825709;1,44000000;3,34000000;3,86550412;2,03554438;-0,90497392
2021-06-30;5,29563262;1,20000000;3,04000000;3,75162317;1,41028483;-1,15192486
2021-07-31;5,24516938;1,05000000;3,32000000;3,30244489;1,02470863;-0,85921319
2021-08-31;5,15201530;1,10000000;3,21000000;2,92307346;1,12212301;-0,93235303
2021-09-30;5,35121559;1,24000000;3,15000000;2,84305380;1,41978928;-0,95737385
2021-10-31;6,23504239;1,07000000;3,15000000;3,24195442;1,01054176;-0,92672973
2021-11-30;6,90197040;0,91000000;3,67000000;3,34748187;0,65657205;-0,42115601
2021-12-31;7,17434029;0,79000000;3,10000000;3,17099498;0,39446102;-0,93416622
2022-01-31;7,55880573;0,61000000;3,63000000;3,08425981;-0,01825156;-0,43154681
2022-02-28;7,93727877;0,39000000;3,77000000;3,00118227;-0,54128839;-0,30119310
2022-03-31;8,57220497;0,04000000;3,43000000;3,03029624;-1,37563362;-0,60959837
2022-04-30;8,23175077;0,19000000;3,97000000;2,63069463;-0,96549745;-0,10879597
2022-05-31;8,53817120;0,32000000;4,22000000;2,57089331;-0,61446285;0,11696957
2022-06-30;8,97936110;0,06000000;5,87000000;2,56659967;-1,22866544;1,58968803
2022-07-31;8,46257673;-0,22000000;4,83000000;2,20194839;-1,84473041;0,62028107
2022-08-31;8,22257918;-0,30000000;5,03000000;1,99124949;-1,93828377;0,78114365
2022-09-30;8,19210690;-0,39000000;5,43000000;1,88168266;-2,03921436;1,10710337
2022-10-31;7,75881396;-0,41000000;4,63000000;1,63935686;-1,97740547;0,37053569
2022-11-30;7,12285646;-0,70000000;4,55000000;1,34539937;-2,44552459;0,28472774
2022-12-31;6,40460040;-0,53000000;4,81000000;1,03967932;-1,97649322;0,50228492
2023-01-31;6,32717852;-0,69000000;4,30000000;0,97892506;-2,17028404;0,02580435
2023-02-28;5,95782074;-0,89000000;4,22000000;0,81532658;-2,39187508;-0,05870785
2023-03-31;4,91771936;-0,58000000;4,58000000;0,41250292;-1,73083395;0,25799741
2023-04-30;4,95007988;-0,60000000;4,53000000;0,40945384;-1,69216953;0,19676622
2023-05-31;4,13185123;-0,76000000;4,69000000;0,09607417;-1,88229305;0,32866954
2023-06-30;3,07061707;-1,06000000;4,05000000;-0,30198166;-2,25502513;-0,26803079
2023-07-31;3,28774927;-0,91000000;3,79000000;-0,22374811;-1,91116869;-0,51547400
2023-08-31;3,72250480;-0,76000000;3,85000000;-0,06804122;-1,60778123;-0,46700381
2023-09-30;3,68720664;-0,44000000;4,03000000;-0,08998719;-1,07910690;-0,31336076
2023-10-31;3,25126591;-0,19000000;4,42000000;-0,25901958;-0,67761606;0,04345778
2023-11-30;3,13334627;-0,36000000;3,84000000;-0,31055518;-0,91817105;-0,49443171
2023-12-31;3,31590994;-0,35000000;3,39000000;-0,25093136;-0,88263216;-0,88703628
2024-01-31;3,08834299;-0,28000000;3,59000000;-0,34966296;-0,76085893;-0,68411990
2024-02-29;3,15707414;-0,39000000;3,29000000;-0,33614224;-0,90555770;-0,94876806
2024-03-31;3,48683491;-0,39000000;3,15000000;-0,22088704;-0,88633035;-1,05524538
2024-04-30;3,36079513;-0,35000000;3,18000000;-0,27969618;-0,80747822;-1,01249119
2024-05-31;3,24427858;-0,38000000;3,20000000;-0,33627766;-0,83284644;-0,96577613
2024-06-30;2,97025795;-0,35000000;3,21000000;-0,45451273;-0,76999726;-0,93675664
2024-07-31;2,94147579;-0,20000000;3,25000000;-0,47556509;-0,54065708;-0,88506611
2024-08-31;2,60714449;0,00000000;3,17000000;-0,61615873;-0,24814649;-0,93536910
2024-09-30;2,42648303;0,15000000;3,03000000;-0,69566591;-0,03120911;-1,03580648
2024-10-31;2,57884405;0,12000000;2,88000000;-0,64353235;-0,07387434;-1,13653375
2024-11-30;2,71947246;0,05000000;2,74000000;-0,59322853;-0,17330382;-1,22407236
2024-12-31;2,87069097;0,33000000;2,92000000;-0,53749905;0,23644847;-1,05141178
2025-01-31;2,99097831;0,36000000;2,68000000;-0,49245478;0,27575759;-1,22126284
2025-02-28;2,80158345;0,25000000;2,87000000;-0,57309371;0,11547483;-1,02638780
2025-03-31;2,38198146;0,34000000;3,55000000;-0,75282403;0,25047282;-0,44541286
2025-04-30;2,32538823;0,57000000;3,94000000;-0,80280570;0,58294661;-0,00405460
2025-05-31;2,37726511;0,52000000;3,32000000;-0,81187433;0,50898081;-0,67779851
2025-06-30;2,68045387;0,52000000;2,96000000;-0,70902910;0,50836963;-1,11809886
2025-07-31;2,74261805;0,43000000;2,86000000;-0,70441699;0,37723690;-1,21259063
2025-08-31;2,93859174;0,64000000;2,84000000;-0,63911605;0,68178670;-1,20301795
2025-09-30;3,02257158;0,56000000;2,80000000;-0,62151991;0,56507571;-1,23360061
2025-10-31;;0,51000000;2,94000000;;0,49961029;-1,02444222
2025-11-30;2,98829963;0,55000000;2,92000000;-0,69111505;0,56255000;-1,01778788
2025-12-31;3,00226204;0,71000000;2,81000000;-0,70784531;0,80110660;-1,13467400
2026-01-31;2,82867974;0,74000000;2,88000000;-0,81007724;0,85738412;-1,00790028
2026-02-28;2,66458909;0,59000000;3,12000000;-0,90294874;0,66688902;-0,66695517
2026-03-31;3,32020558;0,51000000;3,28000000;-0,60091761;0,59567043;-0,44688480
2026-04-30;;0,55000000;2,86000000;;0,70868905;-1,00196473
